Network,N_Nodes,Density,Rigidity,Hidden_Ratio,Target_Bucket,Target_Node,Target_Value,Number_Subnetworks,Max_Partition_Size,Max_Tensor_Size,Threshold_Distance,Exact_SDP,Exact_Time_sec,Exact_Peak_Memory_MB_Python,Exact_Peak_Memory_MB_RSS,Exact_SDP_Original,Exact_Time_sec_Original,Exact_Peak_Memory_MB_Python_Original,Exact_Peak_Memory_MB_RSS_Original,Exact_SDP_Original_Status,MCMC_Mean_SDP,MCMC_Variance,MCMC_Avg_Time_sec,MCMC_Peak_Memory_MB_Python,MCMC_Peak_Memory_MB_RSS,Absolute_Error,PT_MCMC_Mean_SDP,PT_MCMC_Variance,PT_MCMC_Avg_Time_sec,PT_Peak_Memory_MB_Python,PT_Peak_Memory_MB_RSS,PT_Absolute_Error
bn_n100_w2_concentrated_bias_high.bif,100,2,concentrated_bias_high,0.25,0.5,X4,1,15,4,16,0.0103538809782438,0.4734697434601368,0.0397693470586091,0.7996797561645508,0.0,0.473469743460137,0.1242304141633212,2.946107864379883,0.0,OK,0.4695,0.0002366499999999,1.0596104638651014,0.1723194122314453,0.0,0.0039697434601367,0.4738,0.0002971599999999,4.359976732474752,0.3017873764038086,0.0,0.0003302565398632
bn_n100_w2_concentrated_bias_high.bif,100,2,concentrated_bias_high,0.25,0.8,X4,1,17,3,8,0.0369624581157231,0.8162338343315287,0.0391985778696835,0.791630744934082,0.0,0.8162338343315286,0.129906359128654,3.410144805908203,0.0,OK,0.8202999999999999,0.0001540099999999,0.9518020026385784,0.1660642623901367,0.0,0.0040661656684711,0.817,5.039999999999967e-05,3.855537069356069,0.2745199203491211,0.0,0.0007661656684712
bn_n100_w2_concentrated_bias_high.bif,100,2,concentrated_bias_high,0.25,0.9,X4,1,15,4,16,0.3355429693376961,0.9495481802344472,0.038921853993088,0.7776002883911133,0.0,0.9495481802344472,0.1187611490022391,2.9339046478271484,0.0,OK,0.9511,2.4890000000000048e-05,1.0060470857424662,0.1700172424316406,0.0,0.0015518197655527,0.9549999999999998,5.62000000000001e-05,4.173990201274864,0.2840652465820312,0.0,0.0054518197655525
bn_n100_w2_concentrated_bias_high.bif,100,2,concentrated_bias_high,0.25,1.0,X4,1,18,5,32,0.3394409178176963,1.0,0.039434797829017,0.7762660980224609,0.0,1.0,0.136853032046929,3.601656913757324,0.0,OK,1.0,0.0,0.9720419405028224,0.1670646667480468,0.0,0.0,1.0,0.0,3.97613540138118,0.280487060546875,0.0,0.0
bn_n100_w2_concentrated_bias_high.bif,100,2,concentrated_bias_high,0.5,0.5,X4,1,15,12,4096,0.1585523220992893,0.4569554302913862,0.0310724331066012,0.9750194549560548,0.0,0.4569554303078244,0.3772925371304154,2.070779800415039,0.0,OK,0.4636999999999999,0.0001088099999999,1.0013906370149923,0.1787834167480468,0.0,0.0067445697086137,0.4584,0.0001318399999999,4.079317523143255,0.295379638671875,0.0,0.0014445697086137
bn_n100_w2_concentrated_bias_high.bif,100,2,concentrated_bias_high,0.5,0.8,X4,1,18,12,4096,0.0256488687599715,0.8435418449299341,0.0352692350279539,0.9981822967529296,0.0,0.8435418449299342,0.1461057739797979,2.4136829376220703,0.0,OK,0.8378,0.00015696,0.9782174717169256,0.1784019470214843,0.0,0.0057418449299341,0.8446,0.00020164,3.9966548439813776,0.2931299209594726,0.0,0.0010581550700659
bn_n100_w2_concentrated_bias_high.bif,100,2,concentrated_bias_high,0.5,0.9,X4,1,24,6,64,0.3398298112643102,0.9443912423614405,0.036560954991728,0.6306133270263672,0.0,0.9443912423614412,0.1780756770167499,3.046847343444824,0.0,OK,0.9440000000000002,5.679999999999959e-05,0.982113825250417,0.1771507263183593,0.0,0.0003912423614401,0.9465,2.3650000000000043e-05,3.958760051103309,0.2950515747070312,0.0,0.0021087576385596
bn_n100_w2_concentrated_bias_high.bif,100,2,concentrated_bias_high,0.5,1.0,X4,1,19,10,1024,0.4511735893466251,1.0,0.0358901929575949,0.6229915618896484,0.0,1.0,0.1440462588798254,2.623837471008301,0.0,OK,1.0,0.0,0.9740679021924734,0.1766471862792968,0.0,0.0,1.0,0.0,3.953127628006041,0.2966995239257812,0.0,0.0
bn_n100_w2_concentrated_bias_low.bif,100,2,concentrated_bias_low,0.25,0.5,X65,1,16,3,8,0.1649253223259607,0.5061958202483702,0.0421273759566247,0.8280620574951172,0.0,0.5061958202483701,0.134196185041219,3.1819982528686523,0.0,OK,0.5081,0.00018169,1.058314885222353,0.1706733703613281,0.0,0.0019041797516298,0.5016,0.00023484,4.3394458563067015,0.2948379516601562,0.0,0.0045958202483701
bn_n100_w2_concentrated_bias_low.bif,100,2,concentrated_bias_low,0.25,0.6,X65,1,16,2,4,0.157027071622519,0.5548845428528154,0.0402726570609957,0.7965679168701172,0.0,0.5548845428528154,0.1287021420430392,3.25201416015625,0.0,OK,0.5487,0.0003092099999999,1.0382661324925722,0.1690330505371093,0.0,0.0061845428528154,0.5517,0.0001636099999999,4.203934808797203,0.3153791427612304,0.0,0.0031845428528154
bn_n100_w2_concentrated_bias_low.bif,100,2,concentrated_bias_low,0.25,0.7,X65,1,18,3,8,0.0361053027213872,0.6850171185068037,0.039885246893391,0.7886486053466797,0.0,0.6850171185068039,0.1355893830768764,3.625243186950684,0.0,OK,0.6786,0.0001034399999999,0.977533013210632,0.1681098937988281,0.0,0.0064171185068037,0.6851,0.0001082899999999,3.9417440741090095,0.2762069702148437,0.0,8.288149319635174e-05
bn_n100_w2_concentrated_bias_low.bif,100,2,concentrated_bias_low,0.25,0.8,X65,1,16,4,16,0.1369867278517588,0.8090315435246085,0.0402847251389175,0.7795619964599609,0.0,0.8090315435246085,0.1265578649472445,3.172313690185547,0.0,OK,0.8087,0.0001282099999999,1.0374861030606553,0.1692771911621093,0.0,0.0003315435246085,0.8122999999999999,0.0001100099999999,4.251780400495045,0.2898483276367187,0.0,0.0032684564753914
bn_n100_w2_concentrated_bias_low.bif,100,2,concentrated_bias_low,0.25,0.9,X65,1,14,7,128,0.2875633616223215,0.9325347697074244,0.0423207120038569,0.8492031097412109,0.0,0.932534769707425,0.1708037969656288,2.811202049255371,0.0,OK,0.9341000000000002,6.32899999999994e-05,1.0408158356091008,0.1689186096191406,0.0,0.0015652302925756,0.9327000000000002,3.480999999999972e-05,4.211746629700064,0.3177747726440429,0.0,0.0001652302925756
bn_n100_w2_concentrated_bias_low.bif,100,2,concentrated_bias_low,0.25,1.0,X65,1,15,5,32,0.2913986702786614,1.0,0.0331406930927187,0.7692089080810547,0.0,1.0,0.1219477748963981,3.0770416259765625,0.0,OK,1.0,0.0,1.0069454000797122,0.1696815490722656,0.0,0.0,1.0,0.0,4.068128265952692,0.2874832153320312,0.0,0.0
bn_n100_w2_concentrated_bias_low.bif,100,2,concentrated_bias_low,0.5,0.4,X65,1,15,11,2048,0.0049415181639358,0.4385530592416534,0.0373223868664354,0.6768169403076172,0.0,0.4385530592416536,0.1919321459718048,2.0112247467041016,0.0,OK,0.4298,0.00029396,1.0543717490043492,0.1799659729003906,0.0,0.0087530592416534,0.4471,0.00021269,4.280807712464593,0.2977142333984375,0.0,0.0085469407583465
bn_n100_w2_concentrated_bias_low.bif,100,2,concentrated_bias_low,0.5,0.5,X65,1,20,12,4096,0.0954287115998442,0.5122905170181832,0.0366282961331307,0.9813213348388672,0.0,0.5122905170181832,0.1504158771131187,2.544611930847168,0.0,OK,0.5158999999999999,0.00035309,1.0200679077301174,0.1772422790527343,0.0,0.0036094829818167,0.5098,0.00021196,4.136464729299769,0.2973260879516601,0.0,0.0024905170181831
bn_n100_w2_concentrated_bias_low.bif,100,2,concentrated_bias_low,0.5,0.6,X65,1,21,4,16,0.2267052400705319,0.6190704789994375,0.0361345829442143,0.5884914398193359,0.0,0.6190704789994375,0.1397908320650458,2.9024105072021484,0.0,OK,0.6163000000000001,0.00016061,1.0100647991988807,0.1767768859863281,0.0,0.0027704789994373,0.6219,0.00033529,4.04714337666519,0.3233823776245117,0.0,0.0028295210005625
bn_n100_w2_concentrated_bias_low.bif,100,2,concentrated_bias_low,0.5,0.7,X65,1,15,8,256,0.1010555061848226,0.7276625044068219,0.0377958111930638,0.6269054412841797,0.0,0.7276625044068221,0.1301639310549944,1.929498672485352,0.0,OK,0.7284999999999999,0.00013465,1.0796708329115063,0.1814231872558593,0.0,0.000837495593178,0.7295,0.00017305,4.351491855178028,0.306732177734375,0.0,0.0018374955931781
bn_n100_w2_concentrated_bias_low.bif,100,2,concentrated_bias_low,0.5,0.8,X65,1,23,5,32,0.1369867278517588,0.8090315435246085,0.0343000199645757,0.5766353607177734,0.0,0.8090315435246085,0.1563393271062523,3.19033432006836,0.0,OK,0.8095000000000001,0.0001096499999999,0.9806089574703948,0.1770210266113281,0.0,0.0004684564753916,0.806,0.0001221999999999,3.8881759247044094,0.287994384765625,0.0,0.0030315435246084
bn_n100_w2_concentrated_bias_low.bif,100,2,concentrated_bias_low,0.5,0.9,X65,1,18,11,2048,0.2153865822318196,0.876402627157238,0.0396924109663814,0.7208080291748047,0.0,0.8764026294767553,0.6776050059124827,2.478163719177246,0.0,OK,0.8769,9.089000000000015e-05,1.0046628149459138,0.1788597106933593,0.0,0.0004973728427619,0.8769,4.269000000000008e-05,4.044458466116339,0.2945108413696289,0.0,0.0004973728427619
bn_n100_w2_concentrated_bias_low.bif,100,2,concentrated_bias_low,0.5,1.0,X65,1,17,7,128,0.3893738846771685,1.0,0.0352342471014708,0.5838212966918945,0.0,1.0,0.133031812030822,2.35927963256836,0.0,OK,1.0,0.0,1.023165095411241,0.1800041198730468,0.0,1.1102230246251563e-16,1.0,0.0,4.109897473594174,0.2965650558471679,0.0,1.1102230246251563e-16
bn_n100_w2_rigid_extreme.bif,100,2,rigid_extreme,0.25,0.4,X76,1,16,4,16,0.0866940287772686,0.3805502154660731,0.039551243185997,0.7683925628662109,0.0,0.3805502154652466,0.1289752630982548,3.1253347396850586,0.0,OK,0.3854000000000001,0.00013824,1.000301066157408,0.1721687316894531,0.0,0.0048497845339269,0.3805,0.00010645,4.174688103352674,0.2847747802734375,0.0,5.021546607308913e-05
bn_n100_w2_rigid_extreme.bif,100,2,rigid_extreme,0.25,0.5,X76,1,18,3,8,0.183981436410282,0.5101224735679907,0.0401716281194239,0.7861766815185547,0.0,0.5101224735679908,0.1340201951097697,3.5250844955444336,0.0,OK,0.5109999999999999,0.000266,0.940203707665205,0.1662254333496093,0.0,0.0008775264320092,0.5067999999999999,8.896000000000015e-05,3.901363753224723,0.27899169921875,0.0,0.0033224735679907
bn_n100_w2_rigid_extreme.bif,100,2,rigid_extreme,0.25,0.6,X76,1,18,6,64,0.1749511532803923,0.6032263350119504,0.0408991328440606,0.8000545501708984,0.0,0.6032263350117253,0.1395615132059902,3.3754806518554688,0.0,OK,0.6054,0.00018044,0.972694620094262,0.1684226989746093,0.0,0.0021736649880496,0.6004,0.00018624,4.07316959190648,0.3198652267456054,0.0,0.0028263350119503
bn_n100_w2_rigid_extreme.bif,100,2,rigid_extreme,0.25,0.7,X76,1,16,3,8,0.2410519664811966,0.7103928484019747,0.0416856070514768,0.8372631072998047,0.0,0.7103928484019751,0.1268660789355635,2.908407211303711,0.0,OK,0.7081,7.829000000000013e-05,1.0309821223374456,0.1731452941894531,0.0,0.0022928484019747,0.711,8.220000000000015e-05,4.335068837041035,0.2868509292602539,0.0,0.0006071515980252
bn_n100_w2_rigid_extreme.bif,100,2,rigid_extreme,0.25,0.8,X76,1,15,4,16,0.3324915097009892,0.8322486497950813,0.0400811131112277,0.8082189559936523,0.0,0.8322486497957919,0.1353762110229581,3.056849479675293,0.0,OK,0.8288,0.0007983599999999,0.9659071546047926,0.1707277297973632,0.0,0.0034486497950813,0.8382,0.00067796,4.010253484663553,0.2787485122680664,0.0,0.0059513502049186
bn_n100_w2_rigid_extreme.bif,100,2,rigid_extreme,0.25,0.9,X76,1,17,3,8,0.4279433971637764,0.9254022883712648,0.0403131390921771,0.7995443344116211,0.0,0.9254022883712651,0.136230681091547,3.367395401000977,0.0,OK,0.9234,5.1840000000000086e-05,0.9732178332982584,0.1688508987426757,0.0,0.0020022883712647,0.9236,4.504000000000008e-05,4.021287105092779,0.2843055725097656,0.0,0.0018022883712646
bn_n100_w2_rigid_extreme.bif,100,2,rigid_extreme,0.25,1.0,X76,1,17,4,16,0.4999999666570642,1.0,0.0396905050147324,0.7721853256225586,0.0,1.0,0.1229078420437872,3.326798439025879,0.0,OK,1.0,0.0,0.9931000200100244,0.1688508987426757,0.0,1.1102230246251563e-16,1.0,0.0,4.120187241095119,0.2857446670532226,0.0,1.1102230246251563e-16
bn_n100_w2_rigid_extreme.bif,100,2,rigid_extreme,0.5,0.4,X76,1,25,10,1024,0.0220384192144782,0.4412794287140096,0.0341652389615774,0.573826789855957,0.0,0.4412794287137672,0.1724988529458642,3.102688789367676,0.0,OK,0.4528999999999999,0.00036269,0.969420196930878,0.1757326126098632,0.0,0.0116205712859903,0.4462,0.00068636,3.939826418622397,0.2865772247314453,0.0,0.0049205712859903
bn_n100_w2_rigid_extreme.bif,100,2,rigid_extreme,0.5,0.5,X76,1,22,8,256,0.0286276118862494,0.4585814138907334,0.0317568990867584,0.5583410263061523,0.0,0.4585814138938548,0.1547351139597594,2.8008575439453125,0.0,OK,0.4602,0.0003935599999999,0.9652890692930668,0.1769380569458007,0.0,0.0016185861092666,0.4542,0.00092016,3.960456954082474,0.2945213317871094,0.0,0.0043814138907334
bn_n100_w2_rigid_extreme.bif,100,2,rigid_extreme,0.5,0.6,X76,1,20,16,65536,0.2273566048582913,0.5682997088500266,0.0385000470560044,9.38731288909912,0.0,0.5682997088494811,0.1422801369335502,2.6853036880493164,0.0,OK,0.5630000000000001,9.239999999999924e-05,0.9725219174521044,0.1742372512817382,0.0,0.0052997088500265,0.5772,0.0002093599999999,3.9524425702169537,0.2901248931884765,0.0,0.0089002911499734
bn_n100_w2_rigid_extreme.bif,100,2,rigid_extreme,0.5,0.7,X76,1,16,17,131072,0.1581173086328925,0.6560070522473853,0.0462560628075152,18.40671443939209,8.1875,0.6560070524566813,2.658739113016054,1.9469003677368164,0.0,OK,0.7495,0.0094354499999999,1.0487922731088477,0.1819887161254882,0.0,0.0934929477526147,0.6433000000000001,0.0006074099999999,4.251658176444471,0.2994556427001953,0.0,0.0127070522473852
bn_n100_w2_rigid_extreme.bif,100,2,rigid_extreme,0.5,0.8,X76,1,20,10,1024,0.352973973053601,0.8493870412563319,0.0393821969628334,0.6913213729858398,0.0,0.8493870415424337,0.2017260349821299,2.430050849914551,0.0,OK,0.8497999999999999,0.00050676,0.9932843059767038,0.176060676574707,0.0,0.0004129587436679,0.842,0.0008132,4.008866729051806,0.2944192886352539,0.0,0.0073870412563319
bn_n100_w2_rigid_extreme.bif,100,2,rigid_extreme,0.5,0.9,X76,1,15,10,1024,0.3516499248082202,0.8848876952986502,0.0393336848355829,0.6574392318725586,0.0,0.884887696990981,0.7241640109568834,1.909759521484375,0.0,OK,0.8937000000000002,0.00028661,1.0693019757745788,0.1828584671020507,0.0,0.0088123047013499,0.8781000000000001,0.00017429,4.393541338387877,0.3073139190673828,0.0,0.00678769529865
bn_n100_w2_rigid_extreme.bif,100,2,rigid_extreme,0.5,1.0,X76,1,20,9,512,0.495316880024359,0.9968029417851744,0.0372395450249314,0.6338491439819336,0.0,0.9968029417846098,0.219405418029055,2.4858837127685547,0.0,OK,0.9978,2.360000000000004e-06,0.9919984728097916,0.1767854690551757,0.0,0.0009970582148255,0.9979,2.6900000000000047e-06,4.071343403635547,0.2944889068603515,0.0,0.0010970582148254
bn_n100_w2_rigid_moderate.bif,100,2,rigid_moderate,0.25,0.4,X44,1,15,5,32,0.158927724408572,0.4242862293031871,0.039353844942525,0.7894124984741211,0.0,0.4242862293031869,0.119286682922393,3.0692596435546875,0.0,OK,0.4237,0.00020101,0.9934624457033352,0.1674470901489257,0.0,0.000586229303187,0.432,0.0001068,4.126062438706867,0.2931632995605469,0.0,0.0077137706968129
bn_n100_w2_rigid_moderate.bif,100,2,rigid_moderate,0.25,0.5,X44,1,17,3,8,0.0380687281854482,0.4549459206233213,0.0393535972107201,0.7728490829467773,0.0,0.4549459206233215,0.1217183030676096,3.564812660217285,0.0,OK,0.4542,0.0002639599999999,0.9228974608471616,0.1659059524536132,0.0,0.0007459206233212,0.4538999999999999,0.0002360899999999,3.742060968931765,0.2691049575805664,0.0,0.0010459206233213
bn_n100_w2_rigid_moderate.bif,100,2,rigid_moderate,0.25,0.6,X44,1,13,4,16,0.0061484590215652,0.5775406435714667,0.0410436850506812,0.8159017562866211,0.0,0.5775406435714666,0.1237401200924068,2.756074905395508,0.0,OK,0.5795999999999999,0.0001726399999999,0.9725838740821928,0.1663637161254882,0.0,0.0020593564285331,0.5760000000000001,0.0001885999999999,3.981546618021093,0.2834100723266601,0.0,0.0015406435714666
bn_n100_w2_rigid_moderate.bif,100,2,rigid_moderate,0.25,0.7,X44,1,22,2,4,0.110889035258252,0.6905079241712101,0.0293888880405575,0.7899389266967773,0.0,0.69050792417121,0.1591382280457765,4.536279678344727,0.0,OK,0.6869,0.0001218899999999,0.9151431798236443,0.165257453918457,0.0,0.0036079241712101,0.6873,9.16099999999992e-05,3.7121388673083855,0.2710123062133789,0.0,0.00320792417121
bn_n100_w2_rigid_moderate.bif,100,2,rigid_moderate,0.25,0.8,X44,1,15,3,8,0.082802764857821,0.7738469312184858,0.0346137010492384,0.8098134994506836,0.0,0.7738469312184861,0.1322018820792436,3.151688575744629,0.0,OK,0.7743,0.00021041,1.0154807446990162,0.168034553527832,0.0,0.0004530687815141,0.7697,5.72100000000001e-05,4.144988239952363,0.2870187759399414,0.0,0.0041469312184857
bn_n100_w2_rigid_moderate.bif,100,2,rigid_moderate,0.25,0.9,X44,1,16,7,128,0.1278795127192965,0.9077168293609909,0.0416235940065234,0.8476018905639648,0.0,0.9077168293609916,0.1805020319297909,3.210202217102051,0.0,OK,0.9106000000000002,1.184000000000002e-05,0.9720603049034252,0.1687593460083007,0.0,0.0028831706390093,0.9066,5.904000000000009e-05,3.9501384828006847,0.2792215347290039,0.0,0.0011168293609907
bn_n100_w2_rigid_moderate.bif,100,2,rigid_moderate,0.25,1.0,X44,1,15,6,64,0.2717127921724939,1.0,0.0426333220675587,0.8527212142944336,0.0,1.0,0.1267979200929403,2.8623008728027344,0.0,OK,1.0,0.0,1.1183523503830657,0.1776094436645507,0.0,1.1102230246251563e-16,1.0,0.0,4.614730571280234,0.3227043151855469,0.0,1.1102230246251563e-16
bn_n100_w2_rigid_moderate.bif,100,2,rigid_moderate,0.5,0.4,X44,1,17,15,32768,0.0253089572939232,0.4446094239781434,0.037626605015248,4.925459861755371,0.0,0.4446094239781434,0.1396164530888199,2.346914291381836,0.0,OK,0.4502,0.00011576,0.993829282396473,0.1790895462036132,0.0,0.0055905760218565,0.4471,0.00031569,4.072476556501352,0.291543960571289,0.0,0.0024905760218565
bn_n100_w2_rigid_moderate.bif,100,2,rigid_moderate,0.5,0.5,X44,1,19,12,4096,0.0419975649844854,0.5271018808493723,0.0982001458760351,1.0215654373168943,0.0,0.5271018809025906,38.90710697090253,2.853407859802246,0.0,OK,0.5298,0.0004957599999999,0.9492834040895104,0.1757631301879882,0.0,0.0026981191506277,0.5168,0.00037976,3.8498391745844858,0.2897815704345703,0.0,0.0103018808493722
bn_n100_w2_rigid_moderate.bif,100,2,rigid_moderate,0.5,0.6,X44,1,14,21,2097152,0.1228519459804762,0.6038196847924842,0.1448447960428893,288.43634700775146,826.9375,0.6038196847924842,0.1370489110704511,1.7251615524291992,0.0,OK,0.5986,0.00023944,1.0568435626570136,0.1821718215942382,0.0,0.0052196847924841,0.6087,0.00032421,4.316960857389494,0.3068017959594726,0.0,0.0048803152075158
bn_n100_w2_rigid_moderate.bif,100,2,rigid_moderate,0.5,0.7,X44,1,20,8,256,0.3124025731985372,0.7005582708842317,0.0360091379843652,0.6244497299194336,0.0,0.7005582708842315,0.1519691380672156,2.7700347900390625,0.0,OK,0.6931,0.0001414899999999,0.9563871955964716,0.1758317947387695,0.0,0.0074582708842316,0.6977,0.0002416099999999,3.905437643872574,0.2941217422485351,0.0,0.0028582708842317
bn_n100_w2_rigid_moderate.bif,100,2,rigid_moderate,0.5,0.8,X44,1,22,8,256,0.180520849273352,0.8229608394662554,0.0376963629387319,0.6454687118530273,0.0,0.8229608394662551,0.194088805001229,3.0552749633789062,0.0,OK,0.8245999999999999,0.0002332399999999,0.9659404939273372,0.175969123840332,0.0,0.0016391605337444,0.8225,0.0005290499999999,3.932852252176963,0.2914667129516601,0.0,0.0004608394662554
bn_n100_w2_rigid_moderate.bif,100,2,rigid_moderate,0.5,0.9,X44,1,26,6,64,0.2579442466464712,0.9457605253532227,0.0352370459586381,0.5965337753295898,0.0,0.9457605253532234,0.1821325691416859,3.504369735717773,0.0,OK,0.9457,7.920999999999956e-05,0.9657795228529722,0.1757478713989257,0.0,6.052535322298436e-05,0.9459,4.468999999999977e-05,3.913447087258101,0.2910480499267578,0.0,0.0001394746467771
bn_n100_w2_rigid_moderate.bif,100,2,rigid_moderate,0.5,1.0,X44,1,23,12,4096,0.4450008393202782,1.0,0.0245912990067154,0.9815587997436525,0.0,1.0,0.1630885859485715,3.202071189880371,0.0,OK,1.0,0.0,0.9620467371772976,0.1765718460083007,0.0,0.0,1.0,0.0,3.8887059255270287,0.2890033721923828,0.0,0.0
bn_n100_w2_spread_bias_high.bif,100,2,spread_bias_high,0.25,0.4,X2,1,15,6,64,0.0019574376137899,0.4213302223280645,0.0388893820345401,0.7702016830444336,0.0,0.4213302223280646,0.1215170179493725,2.8666372299194336,0.0,OK,0.4187,0.0001898099999999,1.0228083750233057,0.169285774230957,0.0,0.0026302223280645,0.4211999999999999,0.0002251599999999,4.207214863132686,0.2914285659790039,0.0,0.0001302223280645
bn_n100_w2_spread_bias_high.bif,100,2,spread_bias_high,0.25,0.5,X2,1,18,3,8,0.1426538502644658,0.5469387707740896,0.0394083079881966,0.7891607284545898,0.0,0.5469387707740896,0.131426848936826,3.6418981552124015,0.0,OK,0.5441,0.0002298899999999,0.9147864939644932,0.164921760559082,0.0,0.0028387707740895,0.5521,0.0001318899999999,3.656741986214184,0.2715768814086914,0.0,0.0051612292259104
bn_n100_w2_spread_bias_high.bif,100,2,spread_bias_high,0.25,0.6,X2,1,20,2,4,0.13207790928974,0.6203699632868519,0.0377047581132501,0.7769842147827148,0.0,0.6203699632868521,0.1418179189786315,4.04859733581543,0.0,OK,0.6229,0.00017909,0.9243486212333664,0.1647844314575195,0.0,0.0025300367131481,0.6249,0.00014689,3.609533293731511,0.2673578262329101,0.0,0.0045300367131481
bn_n100_w2_spread_bias_high.bif,100,2,spread_bias_high,0.25,0.7,X2,1,20,3,8,0.1495573413822158,0.6917585279786453,0.0391119350679218,0.7858495712280273,0.0,0.6917585279786457,0.1446482320316136,3.90155029296875,0.0,OK,0.6928000000000001,0.0002457599999999,0.9826903121778742,0.169651985168457,0.0,0.0010414720213547,0.6884999999999999,0.0002728499999999,4.010175032378174,0.2860879898071289,0.0,0.0032585279786454
bn_n100_w2_spread_bias_high.bif,100,2,spread_bias_high,0.25,0.8,X2,1,17,4,16,0.2433350896527255,0.8375653513411166,0.037269112188369,0.7658529281616211,0.0,0.8375653513411164,0.1228692301083356,3.1694259643554688,0.0,OK,0.8351,0.00012569,1.0068625502288342,0.1721467971801757,0.0,0.0024653513411166,0.8407,8.121000000000015e-05,4.107027366175316,0.2848682403564453,0.0,0.0031346486588833
bn_n100_w2_spread_bias_high.bif,100,2,spread_bias_high,0.25,0.9,X2,1,15,5,32,0.456939077809289,0.938939929023046,0.0398765099234879,0.7782125473022461,0.0,0.9389399290230466,0.1207739110104739,3.06240463256836,0.0,OK,0.9390999999999998,4.7889999999999496e-05,0.9535505413310602,0.165043830871582,0.0,0.0001600709769536,0.9384,8.063999999999926e-05,3.8932300412794576,0.2781839370727539,0.0,0.0005399290230461
bn_n100_w2_spread_bias_high.bif,100,2,spread_bias_high,0.25,1.0,X2,1,20,3,8,0.4189395396405494,1.0,0.0390581379178911,0.7935476303100586,0.0,1.0,0.1373248228337615,4.0002288818359375,0.0,OK,1.0,0.0,0.8990821230225265,0.164769172668457,0.0,0.0,1.0,0.0,3.6210021486738695,0.2757349014282226,0.0,0.0
bn_n100_w2_spread_bias_high.bif,100,2,spread_bias_high,0.5,0.4,X2,1,22,5,32,0.0683639181436122,0.3568466110863912,0.035485363099724,0.6136388778686523,0.0,0.3568466110863914,0.1797971529886126,2.887290954589844,0.0,OK,0.3631,0.00025849,0.9875929557019844,0.1767778396606445,0.0,0.0062533889136087,0.3553,0.0002420099999999,3.9193593498319386,0.2903909683227539,0.0,0.0015466110863912
bn_n100_w2_spread_bias_high.bif,100,2,spread_bias_high,0.5,0.5,X2,1,20,7,128,0.1334620915323738,0.4620795147707168,0.0354120570700615,0.6116399765014648,0.0,0.4620795147707168,0.1588172349147498,2.763632774353028,0.0,OK,0.4684,0.0002912399999999,0.9475652010878548,0.1762971878051757,0.0,0.0063204852292831,0.4636,0.0002316399999999,3.852465486666188,0.2863016128540039,0.0,0.0015204852292831
bn_n100_w2_spread_bias_high.bif,100,2,spread_bias_high,0.5,0.6,X2,1,20,8,256,0.13207790928974,0.6473818786548864,0.033025762066245,0.5510320663452148,0.0,0.6473818787856771,0.3254564499948174,2.768980026245117,0.0,OK,0.6473,0.00018981,0.9852630333043636,0.177220344543457,0.0,8.187865488640256e-05,0.6458000000000002,0.00022736,3.9208855698350815,0.2916650772094726,0.0,0.0015818786548862
bn_n100_w2_spread_bias_high.bif,100,2,spread_bias_high,0.5,0.7,X2,1,14,12,4096,0.11747692393532,0.6762148700359087,0.1482989750802517,0.9665594100952148,0.0,0.6762148739250806,62.3703649349045,1.962921142578125,0.0,OK,0.6782,0.0001903599999999,1.022752185468562,0.178959846496582,0.0,0.0019851299640912,0.6815,0.0002636499999999,4.10849413475953,0.3128395080566406,0.0,0.0052851299640912
bn_n100_w2_spread_bias_high.bif,100,2,spread_bias_high,0.5,0.8,X2,1,20,8,256,0.28634031114155,0.813163527392487,0.0375842868816107,0.6318807601928711,0.0,0.8131635273907539,0.2435821418184787,2.64199161529541,0.0,OK,0.8135,0.0002442499999999,1.00404557432048,0.1782655715942382,0.0,0.000336472607513,0.8187999999999999,0.0001557599999999,4.0668829818954695,0.3046531677246094,0.0,0.0056364726075128
bn_n100_w2_spread_bias_high.bif,100,2,spread_bias_high,0.5,0.9,X2,1,21,10,1024,0.397800938692848,0.9152992390022948,0.0419280470814555,0.6387166976928711,0.0,0.9152992393873716,2.0203691818751395,2.6630659103393555,0.0,OK,0.9153,6.161000000000011e-05,0.9624602033989504,0.1769380569458007,0.0,7.609977052958072e-07,0.9148,0.00013336,3.898106033308432,0.295206069946289,0.0,0.0004992390022947
bn_n100_w2_spread_bias_high.bif,100,2,spread_bias_high,0.5,1.0,X2,1,20,9,512,0.461593714840553,1.0,0.0383131289854645,0.6327047348022461,0.0,1.0,0.14817994995974,2.4113845825195312,0.0,OK,1.0,0.0,1.015605276916176,0.1802034378051757,0.0,1.1102230246251563e-16,1.0,0.0,4.128412517113612,0.3019342422485351,0.0,1.1102230246251563e-16
bn_n100_w2_spread_bias_low.bif,100,2,spread_bias_low,0.25,0.5,X11,1,16,2,4,0.0975367945748681,0.5485579091150031,0.0406420780345797,0.7989492416381836,0.0,0.5485579091150034,0.1249875130597502,3.3181066513061523,0.0,OK,0.5468,0.0001615599999999,0.9194135435391216,0.1653718948364257,0.0,0.0017579091150031,0.5515000000000001,7.984999999999987e-05,3.790729239932261,0.2732782363891601,0.0,0.0029420908849969
bn_n100_w2_spread_bias_low.bif,100,2,spread_bias_low,0.25,0.6,X11,1,17,5,32,0.0118185992278443,0.6309762139568482,0.039731701137498,0.7710256576538086,0.0,0.6309762139568481,0.1173511340748518,3.4133663177490234,0.0,OK,0.6404000000000001,0.00020104,0.9403129689395427,0.164952278137207,0.0,0.0094237860431518,0.6333999999999999,0.00010784,3.828866866976023,0.2758569717407226,0.0,0.0024237860431516
bn_n100_w2_spread_bias_low.bif,100,2,spread_bias_low,0.25,0.7,X11,1,16,8,256,0.1209683263750327,0.7038602471341487,0.0411858931183815,0.7829046249389648,0.0,0.7038602471341486,0.1269520628266036,3.143855094909668,0.0,OK,0.7106999999999999,0.00014561,1.0195630431408065,0.1705141067504882,0.0,0.0068397528658511,0.7038,6.15600000000001e-05,4.119556464324705,0.2856531143188476,0.0,6.024713414876093e-05
bn_n100_w2_spread_bias_low.bif,100,2,spread_bias_low,0.25,0.8,X11,1,16,4,16,0.1260657789512391,0.7769657001277153,0.0419442050624638,0.8249425888061523,0.0,0.7769657001277153,0.1385316180530935,3.221504211425781,0.0,OK,0.7779,0.00016189,1.0039556320523844,0.167759895324707,0.0,0.0009342998722847,0.7797,0.00012101,4.106510629341938,0.2837772369384765,0.0,0.0027342998722846
bn_n100_w2_spread_bias_low.bif,100,2,spread_bias_low,0.25,0.9,X11,1,20,2,4,0.387086838500209,0.8832436852888479,0.0399016179144382,0.7802877426147461,0.0,0.883243685288847,0.1398901329375803,3.96947193145752,0.0,OK,0.8778,7.276000000000012e-05,0.9169940913794562,0.165806770324707,0.0,0.0054436852888478,0.8821000000000001,0.00011269,3.7519952088128776,0.2755670547485351,0.0,0.0011436852888477
bn_n100_w2_spread_bias_low.bif,100,2,spread_bias_low,0.25,1.0,X11,1,17,4,16,0.4646924452049218,1.0,0.0401810968760401,0.7881841659545898,0.0,1.0,0.1316210029181093,3.309041976928711,0.0,OK,1.0,0.0,0.9904535974608736,0.166539192199707,0.0,0.0,1.0,0.0,4.091049543581903,0.2837686538696289,0.0,0.0
bn_n100_w2_spread_bias_low.bif,100,2,spread_bias_low,0.5,0.5,X11,1,18,13,8192,0.0934342630081986,0.5390026646189181,0.0384220511186867,1.5656957626342771,0.0,0.5390026646189181,0.1505563429091125,2.408534049987793,0.0,OK,0.5409,8.189000000000014e-05,0.9704299942124636,0.1766252517700195,0.0,0.0018973353810819,0.5338,0.00032516,3.9357010650448494,0.2887287139892578,0.0,0.005202664618918
bn_n100_w2_spread_bias_low.bif,100,2,spread_bias_low,0.5,0.6,X11,1,16,14,16384,0.1560672605497807,0.6245462778467991,0.0371011029928922,2.72757625579834,0.0,0.624546277846799,0.1301488599274307,2.284480094909668,0.0,OK,0.6217999999999999,0.00064116,1.0015635517891497,0.1771364212036132,0.0,0.0027462778467991,0.6202,0.00059016,3.930645664711483,0.2934274673461914,0.0,0.004346277846799
bn_n100_w2_spread_bias_low.bif,100,2,spread_bias_low,0.5,0.7,X11,1,23,9,512,0.1804684090453289,0.6531377825628667,0.0372184740845114,0.6184453964233398,0.0,0.6531377825628668,0.1773515108507126,3.117738723754883,0.0,OK,0.6557999999999999,9.796000000000017e-05,0.9804451226023956,0.1768770217895507,0.0,0.0026622174371332,0.6456999999999999,0.00025361,3.914815564407036,0.3046684265136719,0.0,0.0074377825628667
bn_n100_w2_spread_bias_low.bif,100,2,spread_bias_low,0.5,0.8,X11,1,16,20,1048576,0.1419855153640344,0.792115118860033,6.515580878825858,144.43778896331787,402.25,,1800.0,,,TIMEOUT,0.7945,0.0001986499999999,0.980196353746578,0.1785402297973632,0.0,0.0023848811399669,0.8049,0.0001004899999999,3.968314634542912,0.2991447448730469,0.0,0.0127848811399668
bn_n100_w2_spread_bias_low.bif,100,2,spread_bias_low,0.5,0.9,X11,1,19,8,256,0.2399850145595014,0.8757907338416986,0.0320720300078392,0.5884160995483398,0.0,0.8757907338416986,0.1478728370275348,2.596735000610352,0.0,OK,0.8772,0.00051016,0.9499126977752894,0.1774721145629882,0.0,0.0014092661583013,0.8800000000000001,0.0001706,3.956468470464461,0.2896976470947265,0.0,0.0042092661583015
bn_n100_w2_spread_bias_low.bif,100,2,spread_bias_low,0.5,1.0,X11,1,20,15,32768,0.4558642883763467,1.0,0.0395833919756114,4.940573692321777,0.0,1.0,0.1538525689393282,2.6542224884033203,0.0,OK,1.0,0.0,0.9657967130886392,0.1770219802856445,0.0,0.0,1.0,0.0,3.8756700654281295,0.2862415313720703,0.0,0.0
bn_n100_w2_uncertain_moderate.bif,100,2,uncertain_moderate,0.25,0.4,X3,1,14,5,32,0.0588018123972285,0.4441398238003564,0.0407924680039286,0.7803869247436523,0.0,0.4441398238003565,0.118153354851529,2.9249134063720703,0.0,OK,0.45,0.0004196,1.0232567253988236,0.1684160232543945,0.0,0.0058601761996435,0.4486,7.543999999999989e-05,4.0458130644401535,0.2816352844238281,0.0,0.0044601761996436
bn_n100_w2_uncertain_moderate.bif,100,2,uncertain_moderate,0.25,0.5,X3,1,16,3,8,0.0342952602945516,0.5170883988906965,0.0422595129348337,0.8056173324584961,0.0,0.517088398890696,0.1384735419414937,3.112521171569824,0.0,OK,0.5199,0.00022849,1.0745299249887466,0.1693315505981445,0.0,0.0028116011093035,0.5171,0.00017369,4.3267691695829855,0.2930765151977539,0.0,1.1601109303538417e-05
bn_n100_w2_uncertain_moderate.bif,100,2,uncertain_moderate,0.25,0.6,X3,1,20,3,8,0.0991732594366692,0.6172723932331302,0.0423024180345237,0.8208074569702148,0.0,0.6172723932331301,0.1566671209875494,3.663614273071289,0.0,OK,0.6147000000000001,0.00011021,1.0486823362065478,0.174504280090332,0.0,0.00257239323313,0.6086999999999999,0.00020041,4.256061012507416,0.2915201187133789,0.0,0.0085723932331303
bn_n100_w2_uncertain_moderate.bif,100,2,uncertain_moderate,0.25,0.7,X3,1,17,4,16,0.037263687494058,0.7119493127614182,0.0414834078401327,0.8021917343139648,0.0,0.7119493127614179,0.1408753721043467,3.539224624633789,0.0,OK,0.7116999999999999,0.00024701,0.9840681160101667,0.1671113967895507,0.0,0.0002493127614182,0.7179999999999999,3.380000000000006e-05,3.945300642191433,0.2779855728149414,0.0,0.0060506872385817
bn_n100_w2_uncertain_moderate.bif,100,2,uncertain_moderate,0.25,0.8,X3,1,19,3,8,0.1403888696772283,0.8074561055664777,0.0428568660281598,0.8246221542358398,0.0,0.807456105566478,0.1630076181609183,4.020926475524902,0.0,OK,0.8092,7.735999999999937e-05,0.9499107505194844,0.1649675369262695,0.0,0.0017438944335222,0.8103000000000001,0.0001098099999999,3.7048288472928106,0.2692880630493164,0.0,0.0028438944335223
bn_n100_w2_uncertain_moderate.bif,100,2,uncertain_moderate,0.25,0.9,X3,1,22,2,4,0.2379634744523865,0.8964122872070588,0.0411086049862206,0.7825994491577148,0.0,0.8964122872070587,0.1583603511098772,4.486599922180176,0.0,OK,0.8962000000000001,9.076000000000015e-05,0.9638172331498936,0.1648759841918945,0.0,0.0002122872070586,0.8967,5.221000000000009e-05,3.813166195503436,0.2783365249633789,0.0,0.0002877127929412
bn_n100_w2_uncertain_moderate.bif,100,2,uncertain_moderate,0.25,1.0,X3,1,13,4,16,0.1467590226362144,1.0,0.0406247598584741,0.7762517929077148,0.0,1.0,0.0886201851535588,2.6391658782958984,0.0,OK,1.0,0.0,1.0396225253818556,0.1711549758911132,0.0,0.0,1.0,0.0,4.252394107263536,0.3067512512207031,0.0,0.0
bn_n100_w2_uncertain_moderate.bif,100,2,uncertain_moderate,0.5,0.4,X3,1,15,17,131072,0.027333297923148,0.448188520528078,0.9960450720973312,18.78331661224365,16.4375,0.4481885205280782,589.6023176359013,2.197040557861328,0.0,OK,0.443,0.0001922,0.9974461548030376,0.1827363967895507,0.0,0.0051885205280779,0.4432,0.00027876,4.004269082075917,0.300546646118164,0.0,0.0049885205280779
bn_n100_w2_uncertain_moderate.bif,100,2,uncertain_moderate,0.5,0.5,X3,1,18,20,1048576,0.0198218222414624,0.507144489496934,3.3323940101545304,144.4204626083374,400.875,0.5071444977979905,1404.165396807948,2.377326011657715,0.0,OK,0.5048999999999999,0.00036109,1.0243516323622317,0.1791658401489257,0.0,0.0022444894969341,0.5083,0.00012581,4.070151869021356,0.3051013946533203,0.0,0.0011555105030659
bn_n100_w2_uncertain_moderate.bif,100,2,uncertain_moderate,0.5,0.6,X3,1,17,13,8192,0.000606006158402,0.5747258296644374,0.0847569641191512,1.622471809387207,0.0,0.5747258296644375,17.066287423018366,2.172304153442383,0.0,OK,0.5694999999999999,0.0002596499999999,1.0421925032045691,0.1804628372192382,0.0,0.0052258296644375,0.5746999999999999,9.580999999999976e-05,4.147823333623819,0.3122215270996094,0.0,2.582966443753776e-05
bn_n100_w2_uncertain_moderate.bif,100,2,uncertain_moderate,0.5,0.7,X3,1,17,11,2048,0.0713707140017557,0.6593454283071515,0.0865319180302321,0.7127199172973633,0.0,0.6593454283071511,20.368769875960425,2.251829147338867,0.0,OK,0.6519,0.00020809,0.9908640143927188,0.1780366897583007,0.0,0.0074454283071514,0.666,0.0001946,4.012422263738699,0.295206069946289,0.0,0.0066545716928485
bn_n100_w2_uncertain_moderate.bif,100,2,uncertain_moderate,0.5,0.8,X3,1,19,10,1024,0.1237453255513769,0.7937136553522337,0.0378298668656498,0.6370229721069336,0.0,0.7937136553522336,0.2169882678426802,2.560626983642578,0.0,OK,0.7933000000000001,0.0001940099999999,0.985497375088744,0.180027961730957,0.0,0.0004136553522335,0.7857999999999999,6.676000000000013e-05,3.896979763847776,0.2920923233032226,0.0,0.0079136553522337
bn_n100_w2_uncertain_moderate.bif,100,2,uncertain_moderate,0.5,0.9,X3,1,20,7,128,0.1689877165940981,0.8752212830646868,0.0372076481580734,0.6154012680053711,0.0,0.8752212830646874,0.1506589150521904,2.73989200592041,0.0,OK,0.8704000000000001,7.704000000000013e-05,0.9661785687087104,0.179844856262207,0.0,0.0048212830646867,0.8761000000000001,0.00010109,3.949926365492866,0.2979068756103515,0.0,0.0008787169353132
bn_n100_w2_uncertain_moderate.bif,100,2,uncertain_moderate,0.5,1.0,X3,1,23,7,128,0.1277229148702897,1.0,0.0362731521017849,0.5751791000366211,0.0,1.0,0.1724864060524851,2.9983530044555664,0.0,OK,1.0,0.0,0.9782153356820344,0.177037239074707,0.0,0.0,1.0,0.0,3.862448725895956,0.2885065078735351,0.0,0.0
bn_n100_w2_uncertain_strong.bif,100,2,uncertain_strong,0.25,0.5,X42,1,16,4,16,0.0359886811706332,0.5454865943658322,0.0417535121086984,0.7765798568725586,0.0,0.5454865943658322,0.1292624832130968,3.056922912597656,0.0,OK,0.5433,0.00015761,1.0512657083803787,0.1706209182739257,0.0,0.0021865943658322,0.5408000000000001,0.0001529599999999,4.2589922217652205,0.2956399917602539,0.0,0.0046865943658321
bn_n100_w2_uncertain_strong.bif,100,2,uncertain_strong,0.25,0.6,X42,1,19,4,16,0.0053208649049363,0.5942434764123506,0.0359461549669504,0.7609167098999023,0.0,0.5942434764123505,0.1471520580817014,3.5457115173339844,0.0,OK,0.5969,0.00016289,1.061009376286529,0.1687898635864257,0.0,0.0026565235876493,0.5995000000000001,5.80500000000001e-05,4.310377381392755,0.2958993911743164,0.0,0.0052565235876494
bn_n100_w2_uncertain_strong.bif,100,2,uncertain_strong,0.25,0.7,X42,1,18,3,8,0.0234053759481034,0.6688745132377498,0.0420865879859775,0.8061361312866211,0.0,0.66887451323775,0.1435030300635844,3.4730682373046875,0.0,OK,0.6763999999999999,0.0001824399999999,1.068129670317285,0.1709794998168945,0.0,0.00752548676225,0.6708999999999999,6.248999999999968e-05,4.26540205150377,0.2894830703735351,0.0,0.0020254867622501
bn_n100_w2_uncertain_strong.bif,100,2,uncertain_strong,0.25,0.8,X42,1,16,3,8,0.0859412188435355,0.7981878700286255,0.0386550880502909,0.7492361068725586,0.0,0.7981878700286253,0.1292088851332664,3.36562442779541,0.0,OK,0.7923,0.0002614099999999,0.9180322060128674,0.1655244827270507,0.0,0.0058878700286254,0.7986000000000001,0.0001054399999999,3.723607876827009,0.2804450988769531,0.0,0.0004121299713746
bn_n100_w2_uncertain_strong.bif,100,2,uncertain_strong,0.25,0.9,X42,1,19,4,16,0.0208363725126069,0.9210273438283268,0.0411151989828795,0.7786245346069336,0.0,0.9210273438283264,0.1450991060119122,3.797916412353516,0.0,OK,0.923,3.3600000000000065e-05,0.9465066871140152,0.166844367980957,0.0,0.0019726561716733,0.9227,5.28100000000001e-05,3.868013869202696,0.3048896789550781,0.0,0.0016726561716733
bn_n100_w2_uncertain_strong.bif,100,2,uncertain_strong,0.25,1.0,X42,1,16,3,8,0.1548812807911808,1.0,0.0396493929438293,0.7781667709350586,0.0,1.0,0.1287836257833987,3.344589233398437,0.0,OK,1.0,0.0,0.9334459584904836,0.1659364700317382,0.0,0.0,1.0,0.0,3.727551350416616,0.2768411636352539,0.0,0.0
bn_n100_w2_uncertain_strong.bif,100,2,uncertain_strong,0.5,0.5,X42,1,18,10,1024,0.0359886811706332,0.5454865943658322,0.035178120015189,0.5663747787475586,0.0,0.5454865943658322,0.1410814870614558,2.63382339477539,0.0,OK,0.5483999999999999,0.0004126399999999,0.936350161372684,0.178074836730957,0.0,0.0029134056341676,0.5452000000000001,0.00026956,3.7754991231719033,0.2862024307250976,0.0,0.0002865943658321
bn_n100_w2_uncertain_strong.bif,100,2,uncertain_strong,0.5,0.6,X42,1,20,8,256,0.0358861080853425,0.5801677249161256,0.0358617480378598,0.5840139389038086,0.0,0.5801677249161257,0.1491945469751954,2.627077102661133,0.0,OK,0.5821,0.0002510899999999,0.9862940957769752,0.1758089065551757,0.0,0.0019322750838743,0.5861999999999999,0.00014036,3.859464621986264,0.2896966934204101,0.0,0.0060322750838743
bn_n100_w2_uncertain_strong.bif,100,2,uncertain_strong,0.5,0.7,X42,1,21,20,1048576,0.0278121848082718,0.6699538363812426,0.0862303099129349,144.40840816497803,398.875,0.6699538363812425,0.1582679410930723,2.822076797485352,0.0,OK,0.6695,0.0002574499999999,0.9710998812690376,0.1775026321411132,0.0,0.0004538363812426,0.6683,0.0002952099999999,3.883379194769077,0.3219261169433594,0.0,0.0016538363812426
bn_n100_w2_uncertain_strong.bif,100,2,uncertain_strong,0.5,0.8,X42,1,17,14,16384,0.061878950959416,0.7681069366681901,0.0377257301006466,2.7501440048217773,0.0,0.7681069366681901,0.1453549400903284,2.504171371459961,0.0,OK,0.7687999999999999,7.116000000000011e-05,0.9707826661178842,0.1776018142700195,0.0,0.0006930633318098,0.7715,6.305000000000011e-05,3.8452492102980615,0.288583755493164,0.0,0.0033930633318098
bn_n100_w2_uncertain_strong.bif,100,2,uncertain_strong,0.5,0.9,X42,1,16,13,8192,0.0170718647228614,0.8689453740807817,0.0339261989574879,1.562056541442871,0.0,0.8689453740807818,0.1333355000242591,2.0578317642211914,0.0,OK,0.8706999999999999,4.881000000000008e-05,0.9960432386724278,0.1783113479614257,0.0,0.0017546259192182,0.8703,0.00010861,4.049613747163676,0.3116111755371094,0.0,0.0013546259192183
bn_n100_w2_uncertain_strong.bif,100,2,uncertain_strong,0.5,1.0,X42,1,23,7,128,0.0515358213542405,1.0,0.036625110078603,0.5666570663452148,0.0,1.0,0.1707967140246182,3.0467529296875,0.0,OK,1.0,0.0,0.94421569830738,0.175450325012207,0.0,0.0,1.0,0.0,3.8683288611238815,0.2888431549072265,0.0,0.0
bn_n100_w2_uniform.bif,100,2,uniform,0.25,0.4,X18,1,15,5,32,0.062975306040135,0.3960996714081589,0.0411552910227328,0.7578191757202148,0.0,0.3960996714081588,0.1234652360435575,2.99454402923584,0.0,OK,0.3983,0.0002030099999999,0.9777225658064708,0.1719942092895507,0.0,0.0022003285918411,0.3987,0.0002822099999999,4.014656942803413,0.3116416931152344,0.0,0.0026003285918411
bn_n100_w2_uniform.bif,100,2,uniform,0.25,0.5,X18,1,15,5,32,0.0264804180816461,0.5420454958450333,0.0390291239600628,0.7649755477905273,0.0,0.5420454958450329,0.1232040971517562,3.024148941040039,0.0,OK,0.5394,0.00040324,0.9393544958671556,0.1678743362426757,0.0,0.0026454958450332,0.5498000000000001,7.516000000000011e-05,3.8957898376742377,0.2810754776000976,0.0,0.0077545041549668
bn_n100_w2_uniform.bif,100,2,uniform,0.25,0.6,X18,1,19,2,4,0.229882513961474,0.6419742327667475,0.040256090927869,0.7700262069702148,0.0,0.6419742327667479,0.1414758691098541,3.695076942443848,0.0,OK,0.6420000000000001,0.000153,0.9382473912788556,0.1681032180786132,0.0,2.576723325264929e-05,0.6522,0.00016796,3.8472586285322894,0.3110694885253906,0.0,0.0102257672332525
bn_n100_w2_uniform.bif,100,2,uniform,0.25,0.7,X18,1,17,3,8,0.0860126538950886,0.7368395003312562,0.0403214390389621,0.7690191268920898,0.0,0.7368395003312558,0.1313640989828854,3.5774383544921875,0.0,OK,0.7317,0.00014841,0.9388014518888668,0.1674089431762695,0.0,0.0051395003312562,0.7331000000000001,0.00021649,3.6464828396914526,0.2645807266235351,0.0,0.0037395003312561
bn_n100_w2_uniform.bif,100,2,uniform,0.25,0.8,X18,1,19,3,8,0.2352123856140752,0.7596073918429664,0.0412382360082119,0.7875738143920898,0.0,0.7596073918429657,0.1406573420390486,3.914551734924317,0.0,OK,0.7591999999999999,0.00020916,0.9288166000042112,0.165440559387207,0.0,0.0004073918429665,0.7527,0.00014201,3.7103201681748033,0.2982521057128906,0.0,0.0069073918429664
bn_n100_w2_uniform.bif,100,2,uniform,0.25,0.9,X18,1,15,4,16,0.3330173011141175,0.8655695626692942,0.0405822901520878,0.7845067977905273,0.0,0.8655695626692943,0.131729130866006,3.0205211639404297,0.0,OK,0.8674,0.00015924,0.9750739379553124,0.1690797805786132,0.0,0.0018304373307057,0.8586,8.684000000000016e-05,3.990148247452453,0.2801141738891601,0.0,0.0069695626692941
bn_n100_w2_uniform.bif,100,2,uniform,0.25,1.0,X18,1,17,4,16,0.3877304004355519,0.9667865107781644,0.0404696220066398,0.7665624618530273,0.0,0.966786510778164,0.1330429741647094,3.3940019607543945,0.0,OK,0.9671,1.6090000000000027e-05,0.9366603521630168,0.1664018630981445,0.0,0.0003134892218356,0.9652,2.956000000000005e-05,3.785203949525021,0.2777795791625976,0.0,0.0015865107781644
bn_n100_w2_uniform.bif,100,2,uniform,0.5,0.4,X18,1,16,15,32768,0.0710960287623811,0.4386178030122091,0.0313678469974547,4.923048973083496,0.0,0.4386178030122091,0.1478817709721624,2.128737449645996,0.0,OK,0.4250999999999999,0.00044769,1.0046742393169552,0.178013801574707,0.0,0.0135178030122091,0.4162,0.0003629599999999,4.029729007836432,0.2993946075439453,0.0,0.022417803012209
bn_n100_w2_uniform.bif,100,2,uniform,0.5,0.5,X18,1,26,5,32,0.1344999416964726,0.5116436132977625,0.0348947360180318,0.5523519515991211,0.0,0.5116436132977625,0.164124104892835,3.420939445495605,0.0,OK,0.5153,0.00021721,0.9130675523076206,0.1740541458129882,0.0,0.0036563867022374,0.4984999999999999,0.00023745,3.677306285290979,0.3111381530761719,0.0,0.0131436132977625
bn_n100_w2_uniform.bif,100,2,uniform,0.5,0.6,X18,1,15,14,16384,0.0370342491112445,0.5879877235528678,0.0401035139802843,2.652106285095215,0.0,0.5879877235528678,0.236634278902784,1.995463371276856,0.0,OK,0.5816000000000001,6.54400000000001e-05,1.0065223777666688,0.1812562942504882,0.0,0.0063877235528676,0.5955999999999999,0.00014044,4.09492344239261,0.2953042984008789,0.0,0.0076122764471321
bn_n100_w2_uniform.bif,100,2,uniform,0.5,0.7,X18,1,17,8,256,0.256055172903273,0.7429936247931765,0.0362421460449695,0.6003179550170898,0.0,0.7429936247931764,0.15451584989205,2.245054244995117,0.0,OK,0.7303,0.00026101,1.0039019228192043,0.1788225173950195,0.0,0.0126936247931765,0.7337,0.0005358099999999,3.9975540981860833,0.3270225524902344,0.0,0.0092936247931765
bn_n100_w2_uniform.bif,100,2,uniform,0.5,0.8,X18,1,22,8,256,0.3228942926344733,0.8198399726588667,0.0365345210302621,0.5873632431030273,0.0,0.8198399726588665,0.1525784749537706,2.9216432571411133,0.0,OK,0.8265,0.0002036499999999,0.9425441277679056,0.1750688552856445,0.0,0.0066600273411333,0.8240999999999999,0.0001068899999999,3.81545035452582,0.2848062515258789,0.0,0.0042600273411332
bn_n100_w2_uniform.bif,100,2,uniform,0.5,0.9,X18,1,23,9,512,0.3396909250613388,0.9163820162611712,0.0369278180878609,0.5973424911499023,0.0,0.9163820162611702,0.170334197115153,2.9162073135375977,0.0,OK,0.9168,0.00012316,0.9326695083640516,0.1754884719848632,0.0,0.0004179837388287,0.9123,0.00010161,3.766174531425349,0.3184852600097656,0.0,0.0040820162611714
bn_n100_w2_uniform.bif,100,2,uniform,0.5,1.0,X18,1,19,7,128,0.4367384922208503,0.98179459478122,0.0355733998585492,0.5831136703491211,0.0,0.9817945947812204,0.1459997801575809,2.339650154113769,0.0,OK,0.9808,4.716000000000009e-05,0.9761200298555196,0.1799135208129882,0.0,0.0009945947812199,0.9822,2.276000000000004e-05,3.9027857842855154,0.2925891876220703,0.0,0.0004054052187799
bn_n100_w6_concentrated_bias_high.bif,100,6,concentrated_bias_high,0.25,0.4,X62,1,12,6,64,0.0793784893101545,0.3936232553167046,0.0497096860781312,0.996047019958496,0.0,0.3936232553167046,0.1346537400968372,2.274332046508789,0.0,OK,0.393,0.0001623999999999,1.2242478597909212,0.1840944290161132,0.0,0.0006232553167045,0.3964,0.0002970399999999,5.114465454872698,0.3383502960205078,0.0,0.0027767446832953
bn_n100_w6_concentrated_bias_high.bif,100,6,concentrated_bias_high,0.25,0.5,X62,1,13,5,32,0.1600875638978884,0.4734222970230111,0.050476067001,1.001296043395996,0.0,0.4734222970230109,0.1493195360526442,2.565254211425781,0.0,OK,0.4733,8.120999999999977e-05,1.170878612366505,0.1857271194458007,0.0,0.000122297023011,0.4637,0.0003338099999999,4.878377767489292,0.3285684585571289,0.0,0.009722297023011
bn_n100_w6_concentrated_bias_high.bif,100,6,concentrated_bias_high,0.25,0.6,X62,1,14,4,16,0.1859475876000359,0.5516032798893534,0.0494908520486205,0.9843969345092772,0.0,0.5516032798893531,0.1422426190692931,2.675642967224121,0.0,OK,0.5502,0.0002233599999999,1.1651084429584444,0.185551643371582,0.0,0.0014032798893534,0.5570999999999999,0.0001822899999999,4.860497468127869,0.3341312408447265,0.0,0.0054967201106465
bn_n100_w6_concentrated_bias_high.bif,100,6,concentrated_bias_high,0.25,0.7,X62,1,10,6,64,0.2404927171450079,0.6688263545514732,0.0514239559415727,1.0275564193725586,0.0,0.6688263545514731,0.156287926947698,1.933658599853516,0.0,OK,0.667,0.0001236,1.3465350130107254,0.1971406936645507,0.0,0.0018263545514731,0.6708999999999999,0.0002344899999999,5.640536510688253,0.3730411529541015,0.0,0.0020736454485267
bn_n100_w6_concentrated_bias_high.bif,100,6,concentrated_bias_high,0.25,0.8,X62,1,12,8,256,0.2489305072101124,0.7723621573893074,0.0517482161521911,1.0086126327514648,0.0,0.7723621573893076,0.1889073941856622,2.315387725830078,0.0,OK,0.775,0.0001966,1.2559810178820043,0.1911134719848632,0.0,0.0026378426106926,0.7736999999999999,0.00016141,5.23073464022018,0.3478565216064453,0.0,0.0013378426106925
bn_n100_w6_concentrated_bias_high.bif,100,6,concentrated_bias_high,0.25,0.9,X62,1,10,9,512,0.3650036127595947,0.9341804069117152,0.0515759389381855,1.037367820739746,0.0,0.9341804069117148,0.2989528549369424,2.0105209350585938,0.0,OK,0.9318000000000002,9.07599999999995e-05,1.2284302009502426,0.1881914138793945,0.0,0.0023804069117149,0.9332,1.3759999999999872e-05,5.108021241915412,0.3389596939086914,0.0,0.000980406911715
bn_n100_w6_concentrated_bias_high.bif,100,6,concentrated_bias_high,0.25,1.0,X62,1,8,9,512,0.4663405244143458,1.0,0.0489781680516898,0.940443992614746,0.0,1.0,0.0795686650089919,1.7861804962158203,0.0,OK,1.0,0.0,1.2342228471999988,0.191899299621582,0.0,0.0,1.0,0.0,5.17197808562778,0.3376779556274414,0.0,0.0
bn_n100_w6_concentrated_bias_high.bif,100,6,concentrated_bias_high,0.5,0.4,X62,1,10,18,262144,0.1326983774008089,0.410395145394227,0.0561098039615899,37.235663414001465,8.1875,0.410395145394227,0.1152249488513916,1.4777336120605469,0.0,OK,0.4088999999999999,0.0001872899999999,1.2122700868174434,0.198796272277832,0.0,0.001495145394227,0.408,0.0002683999999999,5.060633499524556,0.3553104400634765,0.0,0.0023951453942269
bn_n100_w6_concentrated_bias_high.bif,100,6,concentrated_bias_high,0.5,0.7,X62,1,11,13,8192,0.2215565732221204,0.7105441270617155,0.0457034960854798,1.6185827255249023,0.0,0.7105441270617157,0.1666113261599093,1.574540138244629,0.0,OK,0.7104999999999999,0.0002768499999999,1.1862997120711951,0.1986360549926757,0.0,4.412706171563752e-05,0.7139,0.00027729,4.942233597207815,0.3420276641845703,0.0,0.0033558729382844
bn_n100_w6_concentrated_bias_high.bif,100,6,concentrated_bias_high,0.5,0.8,X62,1,6,21,2097152,0.2106191706103192,0.7926974038509312,0.1710351111833006,288.46106910705566,737.375,0.7926974249674867,1.623440544819459,1.1633024215698242,0.0,OK,0.7946000000000001,0.0001230399999999,1.254040350834839,0.199254035949707,0.0,0.0019025961490688,0.7995,0.0001718499999999,5.183386857411824,0.3499612808227539,0.0,0.0068025961490687
bn_n100_w6_concentrated_bias_high.bif,100,6,concentrated_bias_high,0.5,0.9,X62,1,10,18,262144,0.3375955348614393,0.9484663421511972,0.184617024846375,36.860976219177246,4.0625,0.9484671985991864,46.81549682305194,1.3413619995117188,0.0,OK,0.9458,0.0001033599999999,1.220409033400938,0.1971559524536132,0.0,0.0026663421511973,0.9496,6.803999999999971e-05,5.162672562897205,0.343515396118164,0.0,0.0011336578488025
bn_n100_w6_concentrated_bias_high.bif,100,6,concentrated_bias_high,0.5,1.0,X62,1,7,14,16384,0.2771500870060644,1.0,0.0488532960880547,3.280158042907715,0.0,1.0,0.0913330479525029,1.2521390914916992,0.0,OK,1.0,0.0,1.2698850659886376,0.204228401184082,0.0,0.0,1.0,0.0,5.318506401008927,0.360300064086914,0.0,0.0
bn_n100_w6_concentrated_bias_low.bif,100,6,concentrated_bias_low,0.25,0.7,X99,1,11,8,256,0.129214089130503,0.7114736305591552,0.0496952019166201,1.000655174255371,0.0,0.7114736305591552,0.1208636050578206,2.0321483612060547,0.0,OK,0.7175,0.00017405,1.3026710029225796,0.1888017654418945,0.0,0.0060263694408447,0.7059000000000001,0.0002310899999999,5.398243207414635,0.3525476455688476,0.0,0.0055736305591551
bn_n100_w6_concentrated_bias_low.bif,100,6,concentrated_bias_low,0.25,0.8,X99,1,11,5,32,0.1698479188611245,0.820546454431904,0.0499691648874431,1.0093727111816406,0.0,0.8205464544319038,0.1285079610534012,2.1921491622924805,0.0,OK,0.8225,7.124999999999955e-05,1.2803043441614137,0.1933794021606445,0.0,0.001953545568096,0.8248,5.375999999999977e-05,5.360024937428534,0.3442544937133789,0.0,0.0042535455680959
bn_n100_w6_concentrated_bias_low.bif,100,6,concentrated_bias_low,0.25,0.9,X99,1,9,6,64,0.1836296090018216,0.9250026891262088,0.0486514510121196,0.9833593368530272,0.0,0.9250026891262092,0.1269923679064959,1.882033348083496,0.0,OK,0.9243,8.020999999999979e-05,1.2850831646006555,0.1898775100708007,0.0,0.0007026891262088,0.9243,9.000999999999977e-05,5.390242460602894,0.3634376525878906,0.0,0.0007026891262089
bn_n100_w6_concentrated_bias_low.bif,100,6,concentrated_bias_low,0.25,1.0,X99,1,17,3,8,0.0007403591406434,1.0,0.0489354538731277,0.9353322982788086,0.0,1.0,0.1492067310027778,3.256824493408203,0.0,OK,1.0,0.0,1.0975417617242784,0.1809892654418945,0.0,0.0,1.0,0.0,4.545377688133158,0.3117609024047851,0.0,0.0
bn_n100_w6_rigid_extreme.bif,100,6,rigid_extreme,0.25,0.5,X77,1,11,7,128,0.0074749019414256,0.5248603352854433,0.051509991986677,1.0469274520874023,0.0,0.5248603354777714,0.2906937799416482,2.207730293273926,0.0,OK,0.9082,9.296000000000015e-05,1.1430519578745588,0.183079719543457,0.0,0.3833396647145568,0.5216,0.00307944,4.821323370793834,0.3242731094360351,0.0,0.0032603352854433
bn_n100_w6_rigid_extreme.bif,100,6,rigid_extreme,0.25,0.6,X77,1,11,7,128,0.1209080258268727,0.6285323734548999,0.0492101639974862,0.9762334823608398,0.0,0.6285323735820072,0.168277921853587,2.166043281555176,0.0,OK,0.6274000000000001,0.00015944,1.180351861496456,0.1889009475708007,0.0,0.0011323734548998,0.6211999999999999,0.00013736,4.9343472889857365,0.3291254043579101,0.0,0.0073323734549
bn_n100_w6_rigid_extreme.bif,100,6,rigid_extreme,0.25,0.7,X77,1,11,5,32,0.1440467014146587,0.7478493558510005,0.0491561160888522,0.9665899276733398,0.0,0.7478493558510007,0.1144443000666797,2.2240476608276367,0.0,OK,0.7467,0.00027161,1.1619100008858367,0.1879167556762695,0.0,0.0011493558510005,0.7516,0.00025404,4.845848347409628,0.3311100006103515,0.0,0.0037506441489995
bn_n100_w6_rigid_extreme.bif,100,6,rigid_extreme,0.25,0.8,X77,1,16,5,32,0.3797341343057694,0.842317936972996,0.0487953268457204,0.9378728866577148,0.0,0.8423179369729955,0.1449527509976178,2.882704734802246,0.0,OK,0.8471,0.00013369,1.16277096751146,0.1815080642700195,0.0,0.004782063027004,0.8431000000000001,2.7290000000000045e-05,4.80060569930356,0.3302249908447265,0.0,0.0007820630270041
bn_n100_w6_rigid_extreme.bif,100,6,rigid_extreme,0.25,0.9,X77,1,11,6,64,0.1704829259515758,0.9126640748289606,0.0485687118489295,0.9397878646850586,0.0,0.9126640748289608,0.1237359261140227,2.2228899002075195,0.0,OK,0.9122,3.656000000000006e-05,1.1704002625774592,0.1814393997192382,0.0,0.0004640748289604,0.9113,9.96100000000002e-05,4.929570070910268,0.3362312316894531,0.0,0.0013640748289605
bn_n100_w6_rigid_extreme.bif,100,6,rigid_extreme,0.25,1.0,X77,1,14,4,16,0.4415880638346406,1.0,0.0456559769809246,0.8828268051147461,0.0,1.0,0.1277858701068908,2.529374122619629,0.0,OK,1.0,0.0,1.1969813713571056,0.1823625564575195,0.0,1.1102230246251563e-16,1.0,0.0,5.012126361369155,0.3343820571899414,0.0,1.1102230246251563e-16
bn_n100_w6_rigid_extreme.bif,100,6,rigid_extreme,0.5,0.6,X77,1,8,26,67108864,0.0437664677688495,0.5872750125743142,45.54786061192863,9216.489352226256,26610.125,,1800.0,,,TIMEOUT,0.594,0.0004358,1.1902289749123156,0.1951875686645507,0.0,0.0067249874256857,0.5913999999999999,0.0003388399999999,4.925832036114298,0.345621109008789,0.0,0.0041249874256856
bn_n100_w6_rigid_extreme.bif,100,6,rigid_extreme,0.5,0.7,X77,1,9,17,131072,0.2418715626037538,0.7068927963646019,6.517595716984943,18.45972347259521,0.0,,1800.0,,,TIMEOUT,0.6854,0.0108054399999999,1.1549492708640172,0.1884584426879882,0.0,0.0214927963646018,0.6894,0.00308444,4.758752726018429,0.3390979766845703,0.0,0.0174927963646018
bn_n100_w6_rigid_extreme.bif,100,6,rigid_extreme,0.5,0.8,X77,1,9,15,32768,0.3019250149415574,0.7520188272040993,1.603528629988432,4.989607810974121,0.0,,1800.0,,,TIMEOUT,0.7605999999999999,0.00098324,1.1343417853582651,0.191777229309082,0.0,0.0085811727959006,0.7475999999999999,0.00156184,4.719621528475545,0.3417291641235351,0.0,0.0044188272040993
bn_n100_w6_rigid_extreme.bif,100,6,rigid_extreme,0.5,0.9,X77,1,13,11,2048,0.3181784863827085,0.9357338509948734,0.1349690989591181,0.9087591171264648,0.0,0.935733854612716,190.48736697807908,1.5923309326171875,0.0,OK,0.9373,6.220999999999932e-05,1.1385211145039649,0.1896791458129882,0.0,0.0015661490051265,0.9369000000000002,0.0001402899999999,4.676989248301834,0.3372583389282226,0.0,0.0011661490051267
bn_n100_w6_rigid_extreme.bif,100,6,rigid_extreme,0.5,1.0,X77,1,6,18,262144,0.3993114193854935,0.962795920506572,0.1061536287888884,37.960463523864746,4.0625,0.9627959264769124,96.91864219796844,1.113764762878418,0.0,OK,0.9614999999999998,2.5250000000000045e-05,1.1904830342158674,0.198369026184082,0.0,0.0012959205065723,0.9661,2.8090000000000048e-05,5.003928764676675,0.347787857055664,0.0,0.0033040794934278
bn_n100_w6_rigid_moderate.bif,100,6,rigid_moderate,0.25,0.5,X23,1,12,6,64,0.0167198310982732,0.4653212888507478,0.0492256879806518,1.0258550643920898,0.0,0.4653212888714663,0.1419954970479011,2.3123607635498047,0.0,OK,0.4744,0.0003138399999999,1.2232334320200606,0.193211555480957,0.0,0.0090787111492521,0.4598,0.0002587599999999,5.190090312203393,0.3408136367797851,0.0,0.0055212888507478
bn_n100_w6_rigid_moderate.bif,100,6,rigid_moderate,0.25,0.6,X23,1,11,9,512,0.0999764799648041,0.61835254177604,0.0483605691697448,0.9940404891967772,0.0,0.6183525417760398,0.1182716088369488,2.188016891479492,0.0,OK,0.6222,0.00010856,1.2399020511889831,0.1882829666137695,0.0,0.0038474582239599,0.6214,0.00023484,5.299761021579616,0.3676338195800781,0.0,0.0030474582239599
bn_n100_w6_rigid_moderate.bif,100,6,rigid_moderate,0.25,0.7,X23,1,17,3,8,0.2021921096376946,0.6972363501133055,0.0464360329788178,0.9395360946655272,0.0,0.6972363501133056,0.1406963090412318,3.3012609481811523,0.0,OK,0.6973,0.0002396099999999,1.0570061096223071,0.1792421340942382,0.0,6.364988669449456e-05,0.6931,0.0001704899999999,4.473106786957942,0.3092594146728515,0.0,0.0041363501133054
bn_n100_w6_rigid_moderate.bif,100,6,rigid_moderate,0.25,0.8,X23,1,10,6,64,0.2892256025504116,0.793129867717199,0.0481229710858315,0.9737234115600586,0.0,0.7931298677171991,0.1092772509437054,1.979395866394043,0.0,OK,0.8013999999999999,0.0001084399999999,1.332715468807146,0.193730354309082,0.0,0.0082701322828009,0.7934000000000001,9.240000000000017e-06,5.649724416900426,0.367288589477539,0.0,0.0002701322828011
bn_n100_w6_rigid_moderate.bif,100,6,rigid_moderate,0.25,0.9,X23,1,9,6,64,0.3540432408563161,0.908225916012372,0.0474081300199031,0.9804525375366212,0.0,0.908225916012372,0.1080968049354851,1.9496831893920896,0.0,OK,0.9098,6.756000000000012e-05,1.2014833589084446,0.1909303665161132,0.0,0.0015740839876279,0.908,3.060000000000005e-05,5.1070053148083385,0.3370141983032226,0.0,0.0002259160123719
bn_n100_w6_rigid_moderate.bif,100,6,rigid_moderate,0.25,1.0,X23,1,9,12,4096,0.4997012819036432,1.0,0.0463231459725648,0.8993291854858398,0.0,1.0,0.0811502940487116,1.8580741882324217,0.0,OK,1.0,0.0,1.2482039365917443,0.1913118362426757,0.0,0.0,1.0,0.0,5.315468515804969,0.3507471084594726,0.0,0.0
bn_n100_w6_rigid_moderate.bif,100,6,rigid_moderate,0.5,0.6,X23,1,10,19,524288,0.0684490725286998,0.5773303431899749,0.1642841140273958,120.46887874603271,287.125,0.577330894798998,112.27190393698402,1.428693771362305,0.0,OK,0.5613000000000001,0.0023724099999999,1.2104352177120743,0.193852424621582,0.0,0.0160303431899747,0.5904,0.0008364399999999,5.123316194908694,0.3516712188720703,0.0,0.0130696568100251
bn_n100_w6_rigid_moderate.bif,100,6,rigid_moderate,0.5,0.7,X23,1,8,18,262144,0.1890007367101893,0.6874826578336423,0.0986730968579649,36.490424156188965,4.3125,0.6874832630447869,53.63890638295561,1.2987728118896484,0.0,OK,0.6941,0.0003024899999999,1.2189222565852105,0.2009553909301757,0.0,0.0066173421663577,0.6905,0.0001248499999999,5.162504718219862,0.3604440689086914,0.0,0.0030173421663577
bn_n100_w6_rigid_moderate.bif,100,6,rigid_moderate,0.5,0.8,X23,1,9,17,131072,0.2455092332288658,0.8144126679114911,0.0567227618303149,19.983839988708496,0.0,0.8144126797755469,1.6753501200582832,1.3617439270019531,0.0,OK,0.8231999999999999,0.0003825599999999,1.212287345621735,0.198918342590332,0.0,0.0087873320885087,0.8156000000000001,0.0002642399999999,5.116522685415111,0.3426685333251953,0.0,0.0011873320885089
bn_n100_w6_rigid_moderate.bif,100,6,rigid_moderate,0.5,0.9,X23,1,9,17,131072,0.287899739642138,0.8774319308384596,0.0497124388348311,18.526206016540527,0.0,0.8774319310523028,0.1924058459699154,1.357884407043457,0.0,OK,0.8809000000000001,0.00013389,1.2352015228709206,0.2011995315551757,0.0,0.0034680691615405,0.8809000000000001,0.00014249,5.221339905378409,0.3559608459472656,0.0,0.0034680691615405
bn_n100_w6_rigid_moderate.bif,100,6,rigid_moderate,0.5,1.0,X23,1,13,9,512,0.4412395663452904,0.9760308169966772,0.0442776770796626,0.7778158187866211,0.0,0.9760308177977932,0.1634796168655157,1.610365867614746,0.0,OK,0.9753,2.0610000000000035e-05,1.1902666830923407,0.1987810134887695,0.0,0.000730816996677,0.9763,1.0010000000000018e-05,5.028600824275054,0.353250503540039,0.0,0.0002691830033227
bn_n100_w6_spread_bias_high.bif,100,6,spread_bias_high,0.25,0.4,X43,1,15,4,16,0.0092313330851218,0.3892722924477488,0.0472047510556876,1.0013036727905271,0.0,0.3892722924477487,0.1373031670227646,3.035102844238281,0.0,OK,0.3889,9.309000000000018e-05,1.0813530668150633,0.1842164993286132,0.0,0.0003722924477487,0.3815,0.0001686499999999,4.605992519366555,0.3207054138183594,0.0,0.0077722924477487
bn_n100_w6_spread_bias_high.bif,100,6,spread_bias_high,0.25,0.5,X43,1,12,4,16,0.068408423124625,0.5334015961818385,0.0482676858082413,1.0238943099975586,0.0,0.5334015961818382,0.1241943161003291,2.328902244567871,0.0,OK,0.5318,4.216000000000008e-05,1.2394221405498684,0.1952180862426757,0.0,0.0016015961818384,0.5363999999999999,0.00017844,5.170973633555695,0.3482751846313476,0.0,0.0029984038181614
bn_n100_w6_spread_bias_high.bif,100,6,spread_bias_high,0.25,0.6,X43,1,9,6,64,0.04223885859233,0.6274542226665337,0.0472490009851753,0.980971336364746,0.0,0.6274542226665336,0.1033779599238187,1.885835647583008,0.0,OK,0.6303,0.00051061,1.321968277893029,0.197209358215332,0.0,0.0028457773334662,0.6257,0.00011861,5.674987744283863,0.3984718322753906,0.0,0.0017542226665336
bn_n100_w6_spread_bias_high.bif,100,6,spread_bias_high,0.25,0.7,X43,1,12,11,2048,0.0932964272078414,0.6883207897196789,0.0520560720469802,1.1160879135131836,0.0,0.6883207931616419,0.8912006539758295,2.441104888916016,0.0,OK,0.6960000000000001,0.0003107999999999,1.171383750345558,0.1838197708129882,0.0,0.0076792102803211,0.6899,0.0004368899999999,4.941213985765353,0.3382892608642578,0.0,0.001579210280321
bn_n100_w6_spread_bias_high.bif,100,6,spread_bias_high,0.25,0.8,X43,1,10,9,512,0.3586649069279867,0.8427506237414504,0.0332693110685795,0.9462652206420898,0.0,0.8427506237414508,0.1063908508513122,2.179454803466797,0.0,OK,0.8498999999999999,6.669000000000012e-05,1.1830476064933464,0.1979951858520507,0.0,0.0071493762585495,0.8442000000000001,0.00029516,5.048759013786912,0.3417520523071289,0.0,0.0014493762585496
bn_n100_w6_spread_bias_high.bif,100,6,spread_bias_high,0.25,0.9,X43,1,9,7,128,0.3848568102309473,0.8693459795010875,0.0480848951265215,1.017653465270996,0.0,0.8693459795010875,0.1035010269843041,1.742086410522461,0.0,OK,0.8721,0.00018929,1.3490442531649025,0.1988649368286132,0.0,0.0027540204989124,0.8705999999999999,0.00011564,5.7451772261876615,0.3652381896972656,0.0,0.0012540204989124
bn_n100_w6_spread_bias_high.bif,100,6,spread_bias_high,0.25,1.0,X43,1,9,8,256,0.4891016617576313,1.0,0.045609502820298,0.9406499862670898,0.0,1.0,0.0986650921404361,1.9770660400390625,0.0,OK,1.0,0.0,1.1658731581876054,0.1894960403442382,0.0,0.0,1.0,0.0,4.971928953193128,0.3260812759399414,0.0,0.0
bn_n100_w6_spread_bias_high.bif,100,6,spread_bias_high,0.5,0.4,X43,1,7,22,4194304,0.0035848371619111,0.3791055119964145,0.5562394501175731,576.503306388855,1586.5625,0.3791074982371304,872.3951076110825,1.2283077239990234,0.0,OK,0.3717,0.00012361,1.2566992847947405,0.2016420364379882,0.0,0.0074055119964144,0.3852,0.00029316,5.267423480353318,0.355722427368164,0.0,0.0060944880035855
bn_n100_w6_spread_bias_high.bif,100,6,spread_bias_high,0.5,0.5,X43,1,14,24,16777216,0.0735391262003344,0.540613350257291,0.8775705089792609,2304.673663139344,6567.0,0.5406133548120392,0.7589155179448426,1.8812980651855469,0.0,OK,0.5474,0.0004558399999999,1.2044823537115008,0.1976213455200195,0.0,0.006786649742709,0.5426,0.0002228399999999,5.040545238298364,0.3486108779907226,0.0,0.001986649742709
bn_n100_w6_spread_bias_high.bif,100,6,spread_bias_high,0.5,0.6,X43,1,8,14,16384,0.0616216191977344,0.5571999330818759,0.0464467159472405,2.858168601989746,0.0,0.5571999330818759,0.0751287851016968,1.2803640365600586,0.0,OK,0.5647,0.0004320099999999,1.230429100804031,0.2015352249145507,0.0,0.0075000669181241,0.5536000000000001,0.0002170399999999,5.258442610013299,0.3543481826782226,0.0,0.0035999330818757
bn_n100_w6_spread_bias_high.bif,100,6,spread_bias_high,0.5,0.7,X43,1,8,22,4194304,0.1863137429985837,0.7253914014070851,0.7952785398811102,576.4973478317261,1575.9375,0.7254028420834948,867.8456736470107,1.283037185668945,0.0,OK,0.7328999999999999,0.00012349,1.354266646807082,0.2028093338012695,0.0,0.0075085985929147,0.7279,0.00015169,5.722819614154287,0.3936405181884765,0.0,0.0025085985929148
bn_n100_w6_spread_bias_high.bif,100,6,spread_bias_high,0.5,0.8,X43,1,9,15,32768,0.1889964312589562,0.7864306521739886,0.0568803760688751,6.48392391204834,0.0,0.7864307129000104,3.5849052851554006,1.4239301681518557,0.0,OK,0.7811999999999999,9.336000000000016e-05,1.2133702299091964,0.2003755569458007,0.0,0.0052306521739886,0.7877,0.0001656099999999,5.0848015052266415,0.3463993072509765,0.0,0.0012693478260114
bn_n100_w6_spread_bias_high.bif,100,6,spread_bias_high,0.5,0.9,X43,1,8,17,131072,0.4227731696683449,0.9221852920213784,0.0636655860580504,19.99595546722412,0.0,0.9221853449377748,2.8284747290890664,1.2404508590698242,0.0,OK,0.9270000000000002,9.059999999999952e-05,1.3213632449042052,0.200932502746582,0.0,0.0048147079786218,0.9218,0.0001859599999999,5.628712453437037,0.378671646118164,0.0,0.0003852920213783
bn_n100_w6_spread_bias_high.bif,100,6,spread_bias_high,0.5,1.0,X43,1,8,17,131072,0.1175250830294045,0.9983870078976582,0.0602926770225167,19.26383876800537,0.0,0.9983870344229866,1.3541324199177325,1.2278709411621094,0.0,OK,0.9987,6.100000000000011e-07,1.2618518102914096,0.207493782043457,0.0,0.0003129921023418,0.9985,3.2500000000000057e-06,5.30892910240218,0.3590641021728515,0.0,0.0001129921023417
bn_n100_w6_spread_bias_low.bif,100,6,spread_bias_low,0.25,0.4,X89,1,12,4,16,0.0255169402022502,0.3990354308148531,0.047902240185067,0.9421758651733398,0.0,0.3990354308148533,0.1207969090901315,2.5396318435668945,0.0,OK,0.3987,0.0002640099999999,1.096294943895191,0.1807451248168945,0.0,0.0003354308148531,0.3932,0.00012336,4.517794809606857,0.312814712524414,0.0,0.0058354308148531
bn_n100_w6_spread_bias_low.bif,100,6,spread_bias_low,0.25,0.5,X89,1,13,6,64,0.0283555092657821,0.5278648401371678,0.0477778681088238,0.9220037460327148,0.0,0.527864840137168,0.1284625891130417,2.540506362915039,0.0,OK,0.5323,0.00015321,1.1771406563697382,0.1814241409301757,0.0,0.0044351598628321,0.5302,0.00015356,4.840483572566882,0.3311395645141601,0.0,0.0023351598628321
bn_n100_w6_spread_bias_low.bif,100,6,spread_bias_low,0.25,0.6,X89,1,16,3,8,0.035302144957679,0.5959730567253388,0.0475459359586238,0.9207830429077148,0.0,0.595973056725339,0.1386024241801351,3.16262149810791,0.0,OK,0.5974999999999999,0.00037465,1.081421947828494,0.1839570999145507,0.0,0.001526943274661,0.5933,0.00021021,4.431054286914877,0.3053531646728515,0.0,0.0026730567253387
bn_n100_w6_spread_bias_low.bif,100,6,spread_bias_low,0.25,0.7,X89,1,13,6,64,0.0505227424519121,0.6651294712690363,0.0484944169875234,0.9395360946655272,0.0,0.6651294712690363,0.121730038896203,2.484046936035156,0.0,OK,0.6645000000000001,0.0002290499999999,1.2007261180784554,0.186223030090332,0.0,0.0006294712690362,0.6643,0.00016361,5.00460687330924,0.3287897109985351,0.0,0.0008294712690363
bn_n100_w6_spread_bias_low.bif,100,6,spread_bias_low,0.25,0.8,X89,1,13,5,32,0.0295973729741261,0.7634905380042387,0.0476387050002813,0.9308996200561525,0.0,0.7634905380042394,0.1268542879261076,2.626736640930176,0.0,OK,0.7687,0.00011481,1.160951712122187,0.1871004104614257,0.0,0.0052094619957613,0.7636000000000001,0.00024904,4.828803402115591,0.3258905410766601,0.0,0.0001094619957613
bn_n100_w6_spread_bias_low.bif,100,6,spread_bias_low,0.25,0.9,X89,1,16,5,32,0.0855606205381361,0.9409503671030224,0.0478460239246487,0.9127874374389648,0.0,0.9409503671030224,0.1336106960661709,3.1800975799560547,0.0,OK,0.9418999999999998,1.7889999999999925e-05,1.0967769828857854,0.180302619934082,0.0,0.0009496328969774,0.9389,4.308999999999939e-05,4.553771024150774,0.3197412490844726,0.0,0.0020503671030224
bn_n100_w6_spread_bias_low.bif,100,6,spread_bias_low,0.25,1.0,X89,1,16,4,16,0.1060045450408474,0.9749584036596796,0.0469403269235044,0.9206304550170898,0.0,0.9749584036596796,0.1231723299715668,3.0501632690429688,0.0,OK,0.975,1.180000000000002e-05,1.150709906197153,0.1837358474731445,0.0,4.159634032030457e-05,0.9739,2.569000000000005e-05,4.839450626773759,0.3181009292602539,0.0,0.0010584036596795
bn_n100_w6_spread_bias_low.bif,100,6,spread_bias_low,0.5,0.7,X89,1,14,21,2097152,0.066353447970733,0.6529224643763879,0.1534506969619542,288.4905004501343,735.4375,0.652922464376388,0.139615039108321,1.715968132019043,0.0,OK,0.6541,4.009000000000007e-05,1.1905298582278192,0.1931047439575195,0.0,0.0011775356236121,0.6533,0.00024421,4.94902612157166,0.3377084732055664,0.0,0.000377535623612
bn_n100_w6_spread_bias_low.bif,100,6,spread_bias_low,0.5,0.8,X89,1,9,19,524288,0.0392065762358525,0.832828080952882,0.5486812221352011,72.46600246429443,98.9375,0.8328282867445315,602.7764974429738,1.4410285949707031,0.0,OK,0.8272,0.0001465599999999,1.162835832242854,0.191563606262207,0.0,0.0056280809528819,0.8280999999999998,0.0001800899999999,4.843899479880929,0.3305225372314453,0.0,0.0047280809528821
bn_n100_w6_spread_bias_low.bif,100,6,spread_bias_low,0.5,0.9,X89,1,9,22,4194304,0.2713466570763031,0.924104030680754,0.2470713900402188,576.4637937545776,1587.3125,0.9241040306807544,0.1466595660895109,1.4606380462646484,0.0,OK,0.9249,5.729000000000011e-05,1.1895758252358064,0.195683479309082,0.0,0.0007959693192459,0.9278,7.796000000000015e-05,4.95785029900726,0.3341922760009765,0.0,0.0036959693192459
bn_n100_w6_uncertain_moderate.bif,100,6,uncertain_moderate,0.25,0.4,X54,1,11,6,64,0.0070992367136467,0.3831901349324931,0.0556671931408345,1.0070161819458008,0.0,0.3831901349324931,0.1501396519597619,2.282309532165528,0.0,OK,0.3798,0.0003865599999999,1.3289643064374104,0.1957473754882812,0.0,0.003390134932493,0.3894,0.0002320399999999,5.338077467610129,0.3544015884399414,0.0,0.0062098650675069
bn_n100_w6_uncertain_moderate.bif,100,6,uncertain_moderate,0.25,0.5,X54,1,14,4,16,0.0899168572774886,0.489033217704708,0.0392379269469529,0.982121467590332,0.0,0.4890332177047079,0.1625460300128907,2.735788345336914,0.0,OK,0.492,0.0002622,1.3158222312340513,0.1907663345336914,0.0,0.002966782295292,0.4808,0.00033056,5.286390774254687,0.3500299453735351,0.0,0.0082332177047079
bn_n100_w6_uncertain_moderate.bif,100,6,uncertain_moderate,0.25,0.6,X54,1,14,4,16,0.1220627545636233,0.6430789702575685,0.0546092130243778,1.0099382400512695,0.0,0.6430789702575685,0.1538891999516636,2.802236557006836,0.0,OK,0.6441000000000001,5.4890000000000106e-05,1.2433288040105253,0.186044692993164,0.0,0.0010210297424315,0.6447,0.00012261,4.9727855390869085,0.3269510269165039,0.0,0.0016210297424315
bn_n100_w6_uncertain_moderate.bif,100,6,uncertain_moderate,0.25,0.7,X54,1,11,10,1024,0.1438847000232178,0.6853005911679471,0.064672244945541,1.127676010131836,0.0,0.6853005911679472,2.611812708200887,2.2253427505493164,0.0,OK,0.6827000000000001,0.0002444099999999,1.3501928166253492,0.187814712524414,0.0,0.0026005911679469,0.6906,4.963999999999961e-05,5.373912909417413,0.3754215240478515,0.0,0.0052994088320529
bn_n100_w6_uncertain_moderate.bif,100,6,uncertain_moderate,0.25,0.8,X54,1,16,5,32,0.2432744866957054,0.8405612256029922,0.0567578789778053,1.020063400268555,0.0,0.8405612256029923,0.1752553358674049,3.1754045486450195,0.0,OK,0.8440999999999999,4.949000000000008e-05,1.222757746418938,0.183847427368164,0.0,0.0035387743970076,0.8381000000000001,0.00011169,4.87758463488426,0.3286991119384765,0.0,0.0024612256029921
bn_n100_w6_uncertain_moderate.bif,100,6,uncertain_moderate,0.25,0.9,X54,1,11,8,256,0.3230719698044377,0.9247272530071105,0.0528577449731528,1.0973329544067385,0.0,0.9247272530071105,0.3533711479976773,2.1677017211914062,0.0,OK,0.9211,0.00011789,1.4593674625270068,0.1936893463134765,0.0,0.0036272530071104,0.9237000000000002,5.5010000000000105e-05,5.87144275016617,0.3569421768188476,0.0,0.0010272530071102
bn_n100_w6_uncertain_moderate.bif,100,6,uncertain_moderate,0.25,1.0,X54,1,12,8,256,0.3570212239469824,1.0,0.0563226819504052,1.0985240936279297,0.0,1.0,0.1414013081230223,2.4881486892700195,0.0,OK,1.0,0.0,1.3353951884899289,0.193704605102539,0.0,0.0,1.0,0.0,5.374010222451761,0.3471078872680664,0.0,0.0
bn_n100_w6_uncertain_moderate.bif,100,6,uncertain_moderate,0.5,0.5,X54,1,10,20,1048576,0.0347300858302819,0.536161249172857,0.8226699570659548,147.48941612243652,321.5,0.5361612491728571,295.3567756169941,1.442007064819336,0.0,OK,0.5357000000000001,0.00014721,1.3466654313029722,0.1982135772705078,0.0,0.0004612491728569,0.5392,0.0004473599999999,5.264959238399752,0.3539209365844726,0.0,0.0030387508271429
bn_n100_w6_uncertain_moderate.bif,100,6,uncertain_moderate,0.5,0.6,X54,1,7,24,16777216,0.0444368357527203,0.5721007499854843,1.571984700858593,2305.2223072052,6587.1875,0.5721007499854842,199.61741596413776,1.2804107666015625,0.0,OK,0.5715999999999999,0.0001892399999999,1.362819246109575,0.1983280181884765,0.0,0.0005007499854844,0.5662,0.0002279599999999,5.358010246930644,0.3500757217407226,0.0,0.0059007499854842
bn_n100_w6_uncertain_moderate.bif,100,6,uncertain_moderate,0.5,0.7,X54,1,11,23,8388608,0.1966290737853906,0.7193356158708191,0.5875644201878458,1153.2446002960205,3308.75,0.719335615870819,36.97211630619131,1.5060930252075195,0.0,OK,0.7253999999999999,0.00015264,1.388399231620133,0.2021961212158203,0.0,0.0060643841291808,0.7136999999999999,0.00012601,5.540157571807503,0.3618707656860351,0.0,0.0056356158708191
bn_n100_w6_uncertain_moderate.bif,100,6,uncertain_moderate,0.5,0.8,X54,1,11,20,1048576,0.1712564283583595,0.8451069100163299,0.1771410328801721,150.42600059509277,339.3125,0.8451069100163295,21.995281348004937,1.5608463287353516,0.0,OK,0.8535999999999999,8.844000000000015e-05,1.275566144217737,0.1988239288330078,0.0,0.00849308998367,0.8457999999999999,0.00015256,5.09498808241915,0.3360147476196289,0.0,0.00069308998367
bn_n100_w6_uncertain_moderate.bif,100,6,uncertain_moderate,0.5,0.9,X54,1,9,15,32768,0.3293927745753768,0.8921900324986507,0.1353174690157175,5.730988502502441,0.0,0.8921900324986509,26.518142158864062,1.4195566177368164,0.0,OK,0.8924000000000001,7.484000000000014e-05,1.3146701879799365,0.1980838775634765,0.0,0.0002099675013493,0.8922000000000001,0.00013016,5.275712572573684,0.3486719131469726,0.0,9.96750134940605e-06
bn_n100_w6_uncertain_moderate.bif,100,6,uncertain_moderate,0.5,1.0,X54,1,7,16,65536,0.4144524623675414,0.9520523450884508,71.30915253004059,10.995038986206056,0.0,,1800.0,,,TIMEOUT,0.9472,5.0359999999999714e-05,1.304340394376777,0.2002735137939453,0.0,0.0048523450884507,0.9523,5.72100000000001e-05,5.233017097506672,0.3477563858032226,0.0,0.0002476549115492
bn_n100_w6_uncertain_strong.bif,100,6,uncertain_strong,0.25,0.4,X78,1,7,11,2048,0.0370559398765938,0.3543235030615657,0.0604939400218427,1.1007671356201172,0.0,0.3543235030615655,0.7838848589453846,1.5147809982299805,0.0,OK,0.3508,0.0001681599999999,1.4223168215947226,0.2014484405517578,0.0,0.0035235030615656,0.3566,0.0002058399999999,5.914914028183557,0.3833627700805664,0.0,0.0022764969384342
bn_n100_w6_uncertain_strong.bif,100,6,uncertain_strong,0.25,0.5,X78,1,12,5,32,0.0175394478091922,0.5294357020902611,0.0517493858933448,0.9148006439208984,0.0,0.5294357020902609,0.1125165661796927,2.2861146926879883,0.0,OK,0.5332000000000001,0.00012656,1.3121290813433006,0.1931400299072265,0.0,0.0037642979097389,0.5345000000000001,0.00031185,5.515579639771022,0.3549022674560547,0.0,0.0050642979097389
bn_n100_w6_uncertain_strong.bif,100,6,uncertain_strong,0.25,0.6,X78,1,12,5,32,0.0112103865211355,0.6411704607358499,0.0514508238993585,0.9193935394287108,0.0,0.6411704607358499,0.1365889140870422,2.422080993652344,0.0,OK,0.6422,0.00010996,1.258447392564267,0.1865253448486328,0.0,0.00102953926415,0.6357,6.381000000000012e-05,5.260105087095871,0.3367242813110351,0.0,0.0054704607358498
bn_n100_w6_uncertain_strong.bif,100,6,uncertain_strong,0.25,0.7,X78,1,15,5,32,0.0045949138662718,0.7137068365449504,0.0402640760876238,0.9346294403076172,0.0,0.7137068365449505,0.1564419239293784,3.1003293991088867,0.0,OK,0.7103999999999999,0.0002734399999999,1.1325228562112897,0.1818866729736328,0.0,0.0033068365449504,0.7121999999999999,0.0002553599999999,4.675352767808363,0.3122110366821289,0.0,0.0015068365449504
bn_n100_w6_uncertain_strong.bif,100,6,uncertain_strong,0.25,0.8,X78,1,10,8,256,0.0203090459155457,0.7754186585149201,0.0529193221591413,0.9275951385498048,0.0,0.7754186585149201,0.1243077570106834,1.937769889831543,0.0,OK,0.7733000000000001,7.301000000000013e-05,1.3738797764759512,0.194284439086914,0.0,0.0021186585149199,0.7796000000000001,0.00016344,5.746439074026421,0.3696117401123047,0.0,0.0041813414850799
bn_n100_w6_uncertain_strong.bif,100,6,uncertain_strong,0.25,0.9,X78,1,12,7,128,0.0904088163985183,0.8702593873687848,0.0535189318470656,0.9622325897216796,0.0,0.8702593873687849,0.1403674229513853,2.375665664672852,0.0,OK,0.8683,9.241000000000015e-05,1.254642730508931,0.1890735626220703,0.0,0.0019593873687848,0.8724000000000001,8.444000000000016e-05,5.12936651899945,0.3298320770263672,0.0,0.0021406126312152
bn_n100_w6_uncertain_strong.bif,100,6,uncertain_strong,0.25,1.0,X78,1,11,5,32,0.0293310983021911,1.0,0.0497427319642156,0.9099712371826172,0.0,1.0,0.1093719659838825,2.1666860580444336,0.0,OK,1.0,0.0,1.3117185550974682,0.1862659454345703,0.0,0.0,1.0,0.0,5.37307341992855,0.3394451141357422,0.0,0.0
bn_n100_w6_uncertain_strong.bif,100,6,uncertain_strong,0.5,0.5,X78,1,9,19,524288,0.0279363628160116,0.536381412200998,0.0699410620145499,72.47848320007324,115.4375,0.536381412200998,0.1183432629331946,1.3375444412231443,0.0,OK,0.5316,0.0005162399999999,1.2557406723033635,0.1948184967041015,0.0,0.004781412200998,0.5408000000000002,0.0002107599999999,5.249207466328516,0.3486871719360351,0.0,0.0044185877990021
bn_n100_w6_uncertain_strong.bif,100,6,uncertain_strong,0.5,0.6,X78,1,9,16,65536,0.0353181238452544,0.6131378632171839,0.0566805861890316,9.473554611206056,0.0,0.6131378632171838,0.45595917198807,1.3232498168945312,0.0,OK,0.6096,0.00015184,1.312010045000352,0.1998767852783203,0.0,0.0035378632171838,0.6194,0.00013844,5.444719626917504,0.3598537445068359,0.0,0.006262136782816
bn_n100_w6_uncertain_strong.bif,100,6,uncertain_strong,0.5,0.7,X78,1,6,24,16777216,0.0201590199758737,0.7148592534452581,1.646943608066067,2304.466318130493,6566.8125,0.7148592534452577,234.3588724860456,1.2600364685058594,0.0,OK,0.7162,0.0003371599999999,1.2876650055637584,0.196023941040039,0.0,0.0013407465547418,0.7208,0.00014016,5.3748924404615535,0.3489160537719726,0.0,0.0059407465547418
bn_n100_w6_uncertain_strong.bif,100,6,uncertain_strong,0.5,0.8,X78,1,8,14,16384,0.0522627389665254,0.8114118515053659,0.0541834130417555,3.0465221405029297,0.0,0.811411851505366,0.4279736899770796,1.224909782409668,0.0,OK,0.8109999999999999,9.499999999999927e-05,1.3411336149321869,0.2017459869384765,0.0,0.0004118515053659,0.807,0.0002479999999999,5.548921575513669,0.3679895401000976,0.0,0.0044118515053658
bn_n100_w6_uncertain_strong.bif,100,6,uncertain_strong,0.5,1.0,X78,1,9,23,8388608,0.1573853487151723,1.0,0.4490644680336118,1152.5358448028564,3302.625,1.0,0.2160370659548789,1.327897071838379,0.0,OK,1.0,0.0,1.3130327840335667,0.1977710723876953,0.0,0.0,1.0,0.0,5.507880402333103,0.3631649017333984,0.0,0.0
bn_n100_w6_uniform.bif,100,6,uniform,0.25,0.4,X97,1,13,5,32,0.0518937455544203,0.3882662696029716,0.0524778040125966,0.9250173568725586,0.0,0.3882662696029716,0.1151052028872072,2.571575164794922,0.0,OK,0.3823,0.00019521,1.1497636906802655,0.1814908981323242,0.0,0.0059662696029716,0.3875,0.00020205,4.739256652514451,0.3413648605346679,0.0,0.0007662696029716
bn_n100_w6_uniform.bif,100,6,uniform,0.25,0.5,X97,1,12,6,64,0.1475573854266707,0.5393487019115363,0.052029114915058,0.9292898178100586,0.0,0.5393487019115364,0.1385999058838933,2.475679397583008,0.0,OK,0.5392,0.0002519599999999,1.126455918210559,0.1818418502807617,0.0,0.0001487019115362,0.5539000000000001,0.0001278899999999,4.651890475186519,0.3146305084228515,0.0,0.0145512980884637
bn_n100_w6_uniform.bif,100,6,uniform,0.25,0.6,X97,1,12,8,256,0.0660203295246516,0.6355830255660576,0.0396435922011733,0.987807273864746,0.0,0.6355830255660576,0.2290360170882195,2.3596677780151367,0.0,OK,0.6367999999999999,0.00026536,1.265008880593814,0.1870298385620117,0.0,0.0012169744339423,0.6319999999999999,0.0001246,5.243722605402581,0.3537397384643554,0.0,0.0035830255660577
bn_n100_w6_uniform.bif,100,6,uniform,0.25,0.7,X97,1,10,6,64,0.2492116229466906,0.7471838302129253,0.0545012301299721,0.9646444320678712,0.0,0.7471838302129247,0.136179476045072,1.937382698059082,0.0,OK,0.7508999999999999,0.00010189,1.404964275308885,0.1992139816284179,0.0,0.0037161697870745,0.7534,0.00026764,5.819586027762853,0.367593765258789,0.0,0.0062161697870746
bn_n100_w6_uniform.bif,100,6,uniform,0.25,0.8,X97,1,13,4,16,0.0896406058933328,0.750021288330317,0.0515016089193522,0.9258642196655272,0.0,0.7500212883303173,0.1376958030741661,2.445587158203125,0.0,OK,0.7556,9.864000000000015e-05,1.208569967094809,0.1841459274291992,0.0,0.005578711669683,0.7412000000000001,0.00014536,5.017024311958812,0.3267459869384765,0.0,0.0088212883303169
bn_n100_w6_uniform.bif,100,6,uniform,0.25,0.9,X97,1,11,8,256,0.1371475717237701,0.9257802708888838,0.046943430090323,0.9094305038452148,0.0,0.925780270888884,0.1273118739482015,2.156879425048828,0.0,OK,0.9243,7.620999999999981e-05,1.2361816045129672,0.1905164718627929,0.0,0.0014802708888838,0.9276,7.043999999999989e-05,5.089907590067014,0.3344898223876953,0.0,0.0018197291111161
bn_n100_w6_uniform.bif,100,6,uniform,0.25,1.0,X97,1,13,7,128,0.3841067908598928,1.0,0.0485689500346779,0.8931798934936523,0.0,1.0,0.1411150908097624,2.621419906616211,0.0,OK,1.0,0.0,1.138429057248868,0.1806211471557617,0.0,0.0,1.0,0.0,4.697449387749657,0.3105077743530273,0.0,0.0
bn_n100_w6_uniform.bif,100,6,uniform,0.5,0.5,X97,1,6,16,65536,0.013024542797298,0.5032880537949566,0.0387893158476799,9.453375816345217,0.0,0.5032880537949563,0.5302981028798968,1.1903533935546875,0.0,OK,0.5011,0.00026329,1.197874773433432,0.1952543258666992,0.0,0.0021880537949565,0.5022,0.00036856,4.998189325584098,0.3401021957397461,0.0,0.0010880537949565
bn_n100_w6_uniform.bif,100,6,uniform,0.5,0.6,X97,1,13,14,16384,0.1242494888320087,0.6123937283824601,0.0449868009891361,3.088950157165528,0.0,0.6123937283824599,0.1428342929575592,1.7879838943481443,0.0,OK,0.6114999999999999,0.00028285,1.1733621259219944,0.1941785812377929,0.0,0.0008937283824601,0.6125,0.00020225,4.904313033702783,0.3337879180908203,0.0,0.0001062716175399
bn_n100_w6_uniform.bif,100,6,uniform,0.5,0.7,X97,1,8,17,131072,0.1372928826172353,0.7221110188395568,0.0487751050386577,21.458319664001465,0.0,0.7221110188395565,0.2119250940158963,1.310439109802246,0.0,OK,0.7243,0.00027681,1.2311831247294325,0.1960859298706054,0.0,0.0021889811604433,0.7285999999999999,0.00038244,5.142186938016676,0.3537817001342773,0.0,0.0064889811604431
bn_n100_w6_uniform.bif,100,6,uniform,0.5,0.8,X97,1,11,21,2097152,0.2352931918361633,0.7777405417045796,0.9523104790132492,289.21546840667725,753.125,0.7777473137880864,437.6615816198755,1.4482049942016602,0.0,OK,0.7816,0.00011164,1.2456438571680335,0.1975126266479492,0.0,0.0038594582954203,0.7749,0.0002556899999999,5.1537092592334375,0.3470449447631836,0.0,0.0028405417045795
bn_n100_w6_uniform.bif,100,6,uniform,0.5,0.9,X97,1,10,16,65536,0.1763660911767032,0.9333925770391244,0.0659072869457304,9.472426414489746,0.0,0.933392586476292,3.59624199103564,1.4686355590820312,0.0,OK,0.9373,3.400999999999952e-05,1.1990184407914055,0.1965970993041992,0.0,0.0039074229608754,0.9303,5.6009999999999655e-05,4.940308329300024,0.3357868194580078,0.0,0.0030925770391243
bn_n100_w6_uniform.bif,100,6,uniform,0.5,1.0,X97,1,7,22,4194304,0.1433344323501086,1.0,0.2729592709802091,576.4653654098511,1601.125,1.0,0.131212443113327,1.228290557861328,0.0,OK,1.0,0.0,1.213621763070114,0.1931180953979492,0.0,0.0,1.0,0.0,5.04473997245077,0.3459339141845703,0.0,0.0
bn_n20_w2_concentrated_bias_high.bif,20,2,concentrated_bias_high,0.25,0.4,X18,1,1,4,16,0.1288419012513141,0.4431021930354603,0.0129583720117807,0.2349386215209961,0.0,0.4431021930354604,0.0170771859120577,0.2393255233764648,0.0,OK,0.4439,0.00036729,1.4193531376076862,0.0976247787475586,0.0,0.0007978069645396,0.4371,0.00025969,5.769519297266379,0.2488889694213867,0.0,0.0060021930354602
bn_n20_w2_concentrated_bias_high.bif,20,2,concentrated_bias_high,0.25,0.5,X18,1,3,2,4,0.0437042359407734,0.5462612889288564,0.0109082590788602,0.2227058410644531,0.0,0.5462612889288563,0.0184616839978843,0.3002958297729492,0.0,OK,0.5424000000000001,0.0002624399999999,1.2862654325086624,0.0893239974975586,0.0,0.0038612889288562,0.5417000000000001,0.00021821,5.182130335038528,0.2221937179565429,0.0,0.0045612889288563
bn_n20_w2_concentrated_bias_high.bif,20,2,concentrated_bias_high,0.25,0.6,X18,1,3,2,4,0.1867045421117914,0.5625824618980902,0.0116659149061888,0.2448883056640625,0.0,0.5625824618980902,0.0173459809739142,0.2778568267822265,0.0,OK,0.5695,0.0005172499999999,1.2905240366701036,0.0977392196655273,0.0,0.0069175381019097,0.5596,0.0002444399999999,5.222184701799415,0.2254743576049804,0.0,0.0029824618980902
bn_n20_w2_concentrated_bias_high.bif,20,2,concentrated_bias_high,0.25,0.7,X18,1,4,1,2,0.1807996772939692,0.6743290581404796,0.0111663888674229,0.1959190368652343,0.0,0.6743290581404793,0.0178484439384192,0.3057680130004883,0.0,OK,0.6769000000000001,0.0001944899999999,0.8735266720876098,0.0765295028686523,0.0,0.0025709418595204,0.6705,9.70500000000002e-05,3.624485878297128,0.1582136154174804,0.0,0.0038290581404796
bn_n20_w2_concentrated_bias_high.bif,20,2,concentrated_bias_high,0.25,0.8,X18,1,4,1,2,0.3348779911067463,0.8305075118760971,0.0114309170749038,0.2095603942871093,0.0,0.8305075118760967,0.0194641870912164,0.3033227920532226,0.0,OK,0.8253999999999999,0.0001108399999999,1.0506291723344474,0.0822591781616211,0.0,0.0051075118760971,0.8286,0.0001792399999999,4.1755771891912445,0.1931867599487304,0.0,0.001907511876097
bn_n20_w2_concentrated_bias_high.bif,20,2,concentrated_bias_high,0.25,0.9,X18,1,3,2,4,0.2506609182319297,0.9364203714472072,0.0116229788400232,0.2047996520996093,0.0,0.9364203714472068,0.0171318859793245,0.2717409133911133,0.0,OK,0.9356,4.763999999999939e-05,1.222384290699847,0.0926961898803711,0.0,0.0008203714472071,0.9324,5.463999999999954e-05,4.95425402931869,0.2126569747924804,0.0,0.004020371447207
bn_n20_w2_concentrated_bias_high.bif,20,2,concentrated_bias_high,0.25,1.0,X18,1,4,1,2,0.496827643827702,1.0,0.010473544942215,0.1946525573730468,0.0,1.0,0.0164290950633585,0.2982177734375,0.0,OK,1.0,0.0,0.8367692802567035,0.0780248641967773,0.0,0.0,1.0,0.0,3.4459921659203245,0.1512174606323242,0.0,0.0
bn_n20_w2_concentrated_bias_high.bif,20,2,concentrated_bias_high,0.5,0.4,X18,1,5,4,16,0.1511459447601781,0.4205855706431362,0.0091014001518487,0.1658973693847656,0.0,0.4205855706431362,0.019472646061331,0.267064094543457,0.0,OK,0.4232999999999999,0.0001966099999999,0.926309288968332,0.0793828964233398,0.0,0.0027144293568637,0.4199,0.0002436899999999,3.756797123537399,0.1588010787963867,0.0,0.0006855706431362
bn_n20_w2_concentrated_bias_high.bif,20,2,concentrated_bias_high,0.5,0.5,X18,1,3,6,64,0.1084839333236576,0.5397089916714362,0.0108255350496619,0.1707725524902343,0.0,0.5397089916714363,0.0343477129936218,0.2742500305175781,0.0,OK,0.5299,0.0004004899999999,1.0141220472520218,0.0823049545288086,0.0,0.0098089916714361,0.5349999999999999,0.0001855999999999,4.111970723210834,0.1792936325073242,0.0,0.0047089916714362
bn_n20_w2_concentrated_bias_high.bif,20,2,concentrated_bias_high,0.5,0.6,X18,1,3,6,64,0.2267300904744693,0.6089179454604757,0.0099663299042731,0.1720542907714843,0.0,0.608917945460476,0.0291263449471443,0.2596797943115234,0.0,OK,0.613,0.000223,1.0231644830899314,0.0829763412475586,0.0,0.0040820545395242,0.5975999999999999,0.00019544,4.120646235113964,0.1784696578979492,0.0,0.0113179454604758
bn_n20_w2_concentrated_bias_high.bif,20,2,concentrated_bias_high,0.5,0.7,X18,1,5,4,16,0.2946061698427792,0.7416816370744324,0.0109326050151139,0.1781959533691406,0.0,0.7416816370744321,0.0245697298087179,0.271310806274414,0.0,OK,0.7431,0.00024289,1.0397071743849664,0.0853414535522461,0.0,0.0014183629255676,0.7424000000000001,0.00016484,4.257521276874468,0.1929197311401367,0.0,0.0007183629255677
bn_n20_w2_concentrated_bias_high.bif,20,2,concentrated_bias_high,0.5,0.8,X18,1,6,3,8,0.285616692298113,0.838728747932209,0.0093401451595127,0.1436347961425781,0.0,0.838728747932209,0.0197628790047019,0.3187637329101562,0.0,OK,0.8335999999999999,0.00012204,0.809641483402811,0.0740118026733398,0.0,0.005128747932209,0.837,6.500000000000012e-05,3.328960474184714,0.1538877487182617,0.0,0.001728747932209
bn_n20_w2_concentrated_bias_high.bif,20,2,concentrated_bias_high,0.5,0.9,X18,1,3,5,32,0.3282214941324859,0.9351171506583338,0.0098531530238688,0.1901283264160156,0.0,0.9351171506583336,0.017496968852356,0.2430982589721679,0.0,OK,0.9331,1.1689999999999912e-05,1.1405796910170465,0.0851125717163086,0.0,0.0020171506583338,0.9355,3.2049999999999634e-05,4.780165454605594,0.2140378952026367,0.0,0.0003828493416662
bn_n20_w2_concentrated_bias_high.bif,20,2,concentrated_bias_high,0.5,1.0,X18,1,6,4,16,0.4570616627856642,0.9866706493510886,0.0088538250420242,0.1606178283691406,0.0,0.9866706493510888,0.0205970248207449,0.2871522903442383,0.0,OK,0.9873,1.221000000000002e-05,0.926252582669258,0.0806951522827148,0.0,0.0006293506489114,0.9887,6.610000000000011e-06,3.896908915624954,0.1807584762573242,0.0,0.0020293506489112
bn_n20_w2_concentrated_bias_low.bif,20,2,concentrated_bias_low,0.25,0.4,X8,1,4,1,2,0.0710067862477513,0.4367349839101823,0.0087458500638604,0.1836128234863281,0.0,0.4367349839101825,0.0084783360362052,0.2728767395019531,0.0,OK,0.434,0.0003118,0.6200027358951047,0.0652990341186523,0.0,0.0027349839101823,0.4405,0.0004292499999999,2.5184672791976483,0.1118726730346679,0.0,0.0037650160898176
bn_n20_w2_concentrated_bias_low.bif,20,2,concentrated_bias_low,0.25,0.5,X8,1,2,3,8,0.0816088835923862,0.4677442232686835,0.0099563461262732,0.2054786682128906,0.0,0.4677442232686833,0.0143709820695221,0.2593021392822265,0.0,OK,0.4695999999999999,0.0003338399999999,0.8880651958286763,0.0770788192749023,0.0,0.0018557767313164,0.4625000000000001,0.0001306499999999,3.643757150298916,0.1587629318237304,0.0,0.0052442232686834
bn_n20_w2_concentrated_bias_low.bif,20,2,concentrated_bias_low,0.25,0.6,X8,1,3,2,4,0.0032309450984008,0.6480797178126786,0.0094813909381628,0.1962928771972656,0.0,0.6480797178126784,0.0150957589503377,0.2918415069580078,0.0,OK,0.6476999999999999,0.00024321,0.929309380496852,0.0797796249389648,0.0,0.0003797178126786,0.6375,0.00010045,3.697166653024033,0.1680860519409179,0.0,0.0105797178126786
bn_n20_w2_concentrated_bias_low.bif,20,2,concentrated_bias_low,0.25,0.7,X8,1,3,2,4,0.024925854564871,0.7378778175004017,0.0103581079747527,0.2084846496582031,0.0,0.7378778175004015,0.0159185428638011,0.292001724243164,0.0,OK,0.7288,0.00011756,1.0399547196691856,0.0841360092163086,0.0,0.0090778175004017,0.7352000000000001,0.00015056,4.273965513589792,0.1873884201049804,0.0,0.0026778175004016
bn_n20_w2_concentrated_bias_low.bif,20,2,concentrated_bias_low,0.25,0.8,X8,1,2,3,8,0.2291991563435635,0.799431478370189,0.010634803911671,0.2186393737792968,0.0,0.799431478370189,0.0152940819971263,0.2608594894409179,0.0,OK,0.8039,0.0001776899999999,1.0526197656756269,0.0837926864624023,0.0,0.0044685216298109,0.7931,5.28900000000001e-05,4.291434286162257,0.1849622726440429,0.0,0.0063314783701889
bn_n20_w2_concentrated_bias_low.bif,20,2,concentrated_bias_low,0.25,0.9,X8,1,2,3,8,0.203526424264146,0.937937268811897,0.0106352060101926,0.2203788757324218,0.0,0.937937268811897,0.0151801127940416,0.2659320831298828,0.0,OK,0.9363,4.800999999999941e-05,1.1451067060464992,0.0901937484741211,0.0,0.001637268811897,0.9383,3.140999999999953e-05,4.705532337492332,0.1905775070190429,0.0,0.0003627311881031
bn_n20_w2_concentrated_bias_low.bif,20,2,concentrated_bias_low,0.25,1.0,X8,1,3,2,4,0.2155443369173035,0.9727007884946328,0.010664511937648,0.2151069641113281,0.0,0.972700788494633,0.016209847992286,0.2870082855224609,0.0,OK,0.9745,2.4450000000000045e-05,1.1951567014679312,0.0913305282592773,0.0,0.0017992115053673,0.9722,2.276000000000004e-05,4.861163031309843,0.2198667526245117,0.0,0.0005007884946328
bn_n20_w2_concentrated_bias_low.bif,20,2,concentrated_bias_low,0.5,0.4,X8,1,4,4,16,0.0181952778884201,0.3906353465617535,0.0086693419143557,0.1602897644042968,0.0,0.3906353465617537,0.0169612260069698,0.2753753662109375,0.0,OK,0.3889999999999999,0.0004819999999999,0.8947359116282314,0.0793142318725586,0.0,0.0016353465617535,0.3974,0.0001222399999999,3.692641284805722,0.1608762741088867,0.0,0.0067646534382465
bn_n20_w2_concentrated_bias_low.bif,20,2,concentrated_bias_low,0.5,0.5,X8,1,5,4,16,0.0212343789256468,0.534884400825404,0.0100648740772157,0.1876182556152343,0.0,0.5348844008254039,0.021076276898384,0.286233901977539,0.0,OK,0.5328999999999999,0.00021029,0.9607569521758704,0.0823965072631836,0.0,0.001984400825404,0.5323,0.00019341,3.972621752414853,0.1775617599487304,0.0,0.002584400825404
bn_n20_w2_concentrated_bias_low.bif,20,2,concentrated_bias_low,0.5,0.6,X8,1,2,8,256,0.0308538735332293,0.5679049589437296,0.0116897088009864,0.2118339538574218,0.0,0.5679049589437296,0.0381707260385155,0.2494640350341797,0.0,OK,0.5639,0.0001064899999999,1.1753857608884573,0.0924749374389648,0.0,0.0040049589437296,0.5658000000000001,0.0002383599999999,4.852144011412747,0.2037839889526367,0.0,0.0021049589437295
bn_n20_w2_concentrated_bias_low.bif,20,2,concentrated_bias_low,0.5,0.7,X8,1,4,6,64,0.0818960106627169,0.7251801068492565,0.0111832828260958,0.2075538635253906,0.0,0.725180106849256,0.0232309538405388,0.2776355743408203,0.0,OK,0.7266,0.00014824,1.1351916167885066,0.0858373641967773,0.0,0.0014198931507435,0.7276,0.00017404,4.678831852809526,0.1947507858276367,0.0,0.0024198931507435
bn_n20_w2_concentrated_bias_low.bif,20,2,concentrated_bias_low,0.5,0.8,X8,1,1,9,512,0.1274685661835845,0.7541676138966624,0.0121892341412603,0.2151222229003906,0.0,0.7541676138966626,0.0536631140857934,0.2442893981933593,0.0,OK,0.7550000000000001,0.0002392,1.1272842317586764,0.0871801376342773,0.0,0.0008323861033376,0.7517000000000001,0.00011801,4.678116023377515,0.2094755172729492,0.0,0.0024676138966622
bn_n20_w2_concentrated_bias_low.bif,20,2,concentrated_bias_low,0.5,0.9,X8,1,7,3,8,0.1982465036506335,0.8765284129597728,0.0081853650044649,0.1530418395996093,0.0,0.8765284129597728,0.0155552050564438,0.3139123916625976,0.0,OK,0.8728999999999999,7.089000000000013e-05,0.7857481413055212,0.0745229721069336,0.0,0.0036284129597728,0.8751,0.00010209,3.185290540615097,0.1386289596557617,0.0,0.0014284129597728
bn_n20_w2_concentrated_bias_low.bif,20,2,concentrated_bias_low,0.5,1.0,X8,1,3,4,16,0.1063433733703852,0.9653792580398772,0.0061730148736387,0.1558189392089843,0.0,0.9653792580398772,0.0144104410428553,0.2581348419189453,0.0,OK,0.9650999999999998,2.3690000000000043e-05,0.9517456918489188,0.0787649154663086,0.0,0.0002792580398773,0.9668,1.8560000000000032e-05,3.979093002155423,0.1703824996948242,0.0,0.0014207419601226
bn_n20_w2_rigid_extreme.bif,20,2,rigid_extreme,0.25,0.4,X3,1,2,3,8,0.1733828272537322,0.3841762874723874,0.009671718114987,0.2059135437011718,0.0,0.3841762874723874,0.0146986900363117,0.2693214416503906,0.0,OK,0.3841,0.00027609,0.9710554083809256,0.0823049545288086,0.0,7.628747238741518e-05,0.3778,0.00015176,3.956776314484887,0.1674909591674804,0.0,0.0063762874723873
bn_n20_w2_rigid_extreme.bif,20,2,rigid_extreme,0.25,0.5,X3,1,4,1,2,0.1568299592936441,0.5177100268806796,0.0092438280116766,0.1918220520019531,0.0,0.5177100268806796,0.0153574829455465,0.3052301406860351,0.0,OK,0.5178,0.00017116,0.7632618221221492,0.0691976547241211,0.0,8.997311932046337e-05,0.5187999999999999,0.00011316,3.06335719099734,0.1363935470581054,0.0,0.0010899731193203
bn_n20_w2_rigid_extreme.bif,20,2,rigid_extreme,0.25,0.6,X3,1,4,1,2,0.107558402361915,0.6072381855440483,0.0107322260737419,0.2243309020996093,0.0,0.6072381855440482,0.0172934199217706,0.2741003036499023,0.0,OK,0.6019,0.00019269,1.0244428688660263,0.0827703475952148,0.0,0.0053381855440483,0.6047,0.00010521,4.194929730845615,0.1849012374877929,0.0,0.0025381855440482
bn_n20_w2_rigid_extreme.bif,20,2,rigid_extreme,0.25,0.7,X3,1,3,2,4,0.2439265027873581,0.7423938551461375,0.0111162150278687,0.2247047424316406,0.0,0.7423938551456255,0.0160288230981677,0.2795572280883789,0.0,OK,0.7412,0.00013036,1.2553964115446434,0.0855932235717773,0.0,0.0011938551461375,0.744,6.420000000000012e-05,5.16881196249742,0.2246046066284179,0.0,0.0016061448538624
bn_n20_w2_rigid_extreme.bif,20,2,rigid_extreme,0.25,0.8,X3,1,3,2,4,0.0138743515213047,0.8255805307335102,0.0096486778929829,0.1999931335449218,0.0,0.8255805307335105,0.0145531899761408,0.2848014831542969,0.0,OK,0.8245000000000001,0.0002462499999999,0.8812015348812565,0.0765218734741211,0.0,0.0010805307335101,0.8331,4.209000000000007e-05,3.760496152634732,0.1681699752807617,0.0,0.0075194692664897
bn_n20_w2_rigid_extreme.bif,20,2,rigid_extreme,0.25,0.9,X3,1,4,1,2,0.2388284948046271,0.8925056377087603,0.0093480159994214,0.1932640075683593,0.0,0.8925056377087606,0.0154852881096303,0.312936782836914,0.0,OK,0.8936999999999999,4.041000000000008e-05,0.7124719130108133,0.0685720443725586,0.0,0.0011943622912395,0.8941000000000001,0.00014729,2.8287820120574905,0.1258344650268554,0.0,0.0015943622912397
bn_n20_w2_rigid_extreme.bif,20,2,rigid_extreme,0.25,1.0,X3,1,3,2,4,0.4999999999999998,1.0,0.0090114311315119,0.1854743957519531,0.0,1.0,0.0130576398223638,0.2344093322753906,0.0,OK,1.0,0.0,0.8441007879097014,0.0744390487670898,0.0,1.1102230246251563e-16,1.0,0.0,3.3717720672953875,0.1533918380737304,0.0,1.1102230246251563e-16
bn_n20_w2_rigid_extreme.bif,20,2,rigid_extreme,0.5,0.4,X3,1,2,8,256,0.1930093063791651,0.4223552160084325,0.0106700519099831,0.1951332092285156,0.0,0.4223552162471997,0.0361163651105016,0.2449893951416015,0.0,OK,0.4239,0.00050209,1.1920168497832493,0.0935125350952148,0.0,0.0015447839915674,0.4245,0.00023525,4.895501633151435,0.2128324508666992,0.0,0.0021447839915674
bn_n20_w2_rigid_extreme.bif,20,2,rigid_extreme,0.5,0.5,X3,1,3,7,128,0.0427490353687239,0.5205912727917931,0.0123770129866898,0.2328453063964843,0.0,0.5205912728604764,0.0332594309002161,0.2650165557861328,0.0,OK,0.5304,0.00165524,1.190109943319112,0.0903615951538086,0.0,0.0098087272082069,0.5263,0.00055201,4.903696006629616,0.2033643722534179,0.0,0.0057087272082069
bn_n20_w2_rigid_extreme.bif,20,2,rigid_extreme,0.5,0.6,X3,1,1,9,512,0.1307481845647817,0.5603018951429454,0.0111911580897867,0.2034797668457031,0.0,0.5603018954977853,0.0649311759043484,0.2376651763916015,0.0,OK,0.5576,0.0001362399999999,1.161039614956826,0.0982275009155273,0.0,0.0027018951429453,0.5588999999999998,0.0001630899999999,4.796366271190346,0.2099866867065429,0.0,0.0014018951429455
bn_n20_w2_rigid_extreme.bif,20,2,rigid_extreme,0.5,0.7,X3,1,4,6,64,0.2803594647495093,0.6926022017385323,0.009957879083231,0.1777839660644531,0.0,0.6926022017969814,0.0127926978748291,0.2598323822021484,0.0,OK,0.6811,0.0003762899999999,1.099543104111217,0.0852575302124023,0.0,0.0115022017385322,0.6936,0.0001574399999999,4.516847276687622,0.1876859664916992,0.0,0.0009977982614677
bn_n20_w2_rigid_extreme.bif,20,2,rigid_extreme,0.5,0.8,X3,1,4,6,64,0.3234527023932616,0.7738723126155324,0.0099860650952905,0.1842918395996093,0.0,0.7738723126155325,0.0156521599274128,0.2592525482177734,0.0,OK,0.7718999999999999,7.229000000000012e-05,1.0569070167141037,0.0851430892944336,0.0,0.0019723126155324,0.7592000000000001,5.236000000000009e-05,4.3792653865879405,0.1846189498901367,0.0,0.0146723126155322
bn_n20_w2_rigid_extreme.bif,20,2,rigid_extreme,0.5,0.9,X3,1,4,3,8,0.3760544252084719,0.8567300206099199,0.0101687170099467,0.1927452087402343,0.0,0.85673002060992,0.0165141050238162,0.2606306076049804,0.0,OK,0.858,4.240000000000008e-05,0.9899826771114022,0.0822286605834961,0.0,0.0012699793900801,0.8572000000000001,7.836000000000014e-05,4.130923472181894,0.1757307052612304,0.0,0.0004699793900801
bn_n20_w2_rigid_extreme.bif,20,2,rigid_extreme,0.5,1.0,X3,1,5,5,32,0.3847961522343261,0.999959229133492,0.0086563827935606,0.1608238220214843,0.0,0.999959229133492,0.0188570020254701,0.3074226379394531,0.0,OK,1.0,0.0,0.9263576574390754,0.0755681991577148,0.0,4.077086650788875e-05,1.0,0.0,3.707875451282598,0.1602430343627929,0.0,4.077086650788875e-05
bn_n20_w2_rigid_moderate.bif,20,2,rigid_moderate,0.25,0.4,X4,1,4,1,2,0.1573891839722812,0.4303154329764725,0.0091684088110923,0.1841163635253906,0.0,0.4303154329764725,0.0153221299406141,0.2622146606445312,0.0,OK,0.4273,0.0002174099999999,0.769790964270942,0.0721502304077148,0.0,0.0030154329764724,0.4317999999999999,8.436000000000015e-05,3.0672466156305744,0.1358137130737304,0.0,0.0014845670235274
bn_n20_w2_rigid_moderate.bif,20,2,rigid_moderate,0.25,0.5,X4,1,3,2,4,0.1663436357985491,0.4618248499106494,0.0097665630746632,0.2014122009277343,0.0,0.4618248499106494,0.015311089111492,0.2790431976318359,0.0,OK,0.4683,8.380999999999973e-05,1.058599973935634,0.0858449935913086,0.0,0.0064751500893506,0.4694,7.523999999999975e-05,4.293216124549508,0.1830701828002929,0.0,0.0075751500893505
bn_n20_w2_rigid_moderate.bif,20,2,rigid_moderate,0.25,0.6,X4,1,4,1,2,0.0563569224185741,0.5960239839730722,0.0095306350849568,0.1831855773925781,0.0,0.5960239839730722,0.0153466388583183,0.251530647277832,0.0,OK,0.5937999999999999,0.0002371599999999,1.0289741130080077,0.0828466415405273,0.0,0.0022239839730723,0.5985,0.00053865,4.267018777667545,0.1856946945190429,0.0,0.0024760160269278
bn_n20_w2_rigid_moderate.bif,20,2,rigid_moderate,0.25,0.7,X4,1,3,2,4,0.168207440241945,0.6641222181926658,0.0104980277828872,0.2099647521972656,0.0,0.6641222181926658,0.015909211942926,0.2786016464233398,0.0,OK,0.6668000000000001,0.0002581599999999,1.1194622627925128,0.0890493392944336,0.0,0.0026777818073342,0.6573,0.00013621,4.604637764790096,0.2004957199096679,0.0,0.0068222181926658
bn_n20_w2_rigid_moderate.bif,20,2,rigid_moderate,0.25,0.8,X4,1,1,4,16,0.2336162224966641,0.779404456990875,0.0102804680354893,0.2171745300292968,0.0,0.7794044569908748,0.0148000319022685,0.2340373992919922,0.0,OK,0.7884000000000001,0.00014524,1.057245053979568,0.0837850570678711,0.0,0.008995543009125,0.7731,0.00023389,4.332836177502759,0.1923017501831054,0.0,0.006304456990875
bn_n20_w2_rigid_moderate.bif,20,2,rigid_moderate,0.25,0.9,X4,1,3,2,4,0.3713596347659258,0.8828611522341806,0.0097701479680836,0.1940727233886718,0.0,0.8828611522341807,0.0144083341583609,0.2720861434936523,0.0,OK,0.8802999999999999,0.00018261,0.8914750697789714,0.0796804428100586,0.0,0.0025611522341807,0.8832000000000001,0.00012756,3.700729488022626,0.1684217453002929,0.0,0.0003388477658194
bn_n20_w2_rigid_moderate.bif,20,2,rigid_moderate,0.25,1.0,X4,1,4,1,2,0.4989188414009957,1.0,0.0095000760629773,0.1956520080566406,0.0,1.0,0.015391725115478,0.3173904418945312,0.0,OK,1.0,0.0,0.7700636342167855,0.0701589584350586,0.0,0.0,1.0,0.0,3.064316636114381,0.1380109786987304,0.0,0.0
bn_n20_w2_rigid_moderate.bif,20,2,rigid_moderate,0.5,0.5,X4,1,5,3,8,0.0010535842158561,0.4975029625806133,0.0117524832021445,0.1965446472167968,0.0,0.4975029625806134,0.0208589718677103,0.2755870819091797,0.0,OK,0.4944999999999999,0.00033085,1.030132124386728,0.0908803939819336,0.0,0.0030029625806133,0.5045,6.16500000000001e-05,4.205391095881351,0.1871519088745117,0.0,0.0069970374193866
bn_n20_w2_rigid_moderate.bif,20,2,rigid_moderate,0.5,0.6,X4,1,5,3,8,0.0134862838323128,0.5569865913392245,0.0110366670414805,0.1843757629394531,0.0,0.5569865913392245,0.0197510721627622,0.2860679626464844,0.0,OK,0.5631,0.0002436899999999,0.989505850803107,0.0863485336303711,0.0,0.0061134086607755,0.5553,0.0001284099999999,4.040524272224866,0.1744718551635742,0.0,0.0016865913392244
bn_n20_w2_rigid_moderate.bif,20,2,rigid_moderate,0.5,0.7,X4,1,7,3,8,0.1979602318904213,0.6965510990264936,0.0104351500049233,0.1646556854248047,0.0,0.6965510990264938,0.0216460509691387,0.3619928359985351,0.0,OK,0.7067,0.00071761,0.8305772548774257,0.0770330429077148,0.0,0.0101489009735064,0.6933,0.0003572099999999,3.300278522912413,0.1483182907104492,0.0,0.0032510990264935
bn_n20_w2_rigid_moderate.bif,20,2,rigid_moderate,0.5,0.8,X4,1,5,5,32,0.2523659307563453,0.752261312166168,0.0109686809591948,0.1857109069824218,0.0,0.7522613121661683,0.0224356839898973,0.2698564529418945,0.0,OK,0.7544,0.00026284,1.0634508909890428,0.0865163803100586,0.0,0.0021386878338319,0.7492,0.00036676,4.363814096013084,0.1914396286010742,0.0,0.003061312166168
bn_n20_w2_rigid_moderate.bif,20,2,rigid_moderate,0.5,0.9,X4,1,2,5,32,0.4336840803039065,0.9396144141821576,0.0112674820702523,0.2018165588378906,0.0,0.9396144141821576,0.0161402779631316,0.2413444519042968,0.0,OK,0.9374,7.163999999999925e-05,1.1814655615016818,0.0904607772827148,0.0,0.0022144141821576,0.9381,5.76899999999994e-05,4.783968674810604,0.2181882858276367,0.0,0.0015144141821575
bn_n20_w2_rigid_moderate.bif,20,2,rigid_moderate,0.5,1.0,X4,1,6,3,8,0.499165649439847,0.9988454101664592,0.0097344869282096,0.1728401184082031,0.0,0.9988454101664596,0.0238747890107333,0.345346450805664,0.0,OK,0.9992,1.160000000000002e-06,0.8867824093205854,0.0760412216186523,0.0,0.0003545898335409,0.9993,6.100000000000011e-07,3.5908527341205625,0.1591520309448242,0.0,0.0004545898335409
bn_n20_w2_spread_bias_high.bif,20,2,spread_bias_high,0.25,0.4,X16,1,2,2,4,0.1368447993239201,0.4193562723524965,0.010571357095614,0.2000465393066406,0.0,0.4193562723524965,0.0153915949631482,0.2608661651611328,0.0,OK,0.4143,0.0003492099999999,0.981920820195228,0.0810461044311523,0.0,0.0050562723524965,0.412,0.0002077999999999,3.8712596134049817,0.1714735031127929,0.0,0.0073562723524964
bn_n20_w2_spread_bias_high.bif,20,2,spread_bias_high,0.25,0.5,X16,1,4,1,2,0.0644520350872089,0.4904948034058659,0.0102717680856585,0.1838798522949218,0.0,0.4904948034058661,0.0175343849696218,0.329202651977539,0.0,OK,0.4905,0.00017945,0.6859627562807873,0.0700521469116211,0.0,5.196594134115884e-06,0.493,0.0004738,2.794138328474946,0.1276807785034179,0.0,0.002505196594134
bn_n20_w2_spread_bias_high.bif,20,2,spread_bias_high,0.25,0.6,X16,1,3,2,4,0.1100381570771729,0.5661014955280124,0.0108027542009949,0.2158393859863281,0.0,0.5661014955280123,0.018916476983577,0.2793159484863281,0.0,OK,0.5669,0.0003222899999999,1.0111538619035856,0.0830068588256836,0.0,0.0007985044719875,0.5673999999999999,0.0001836399999999,4.104683044995181,0.1866407394409179,0.0,0.0012985044719875
bn_n20_w2_spread_bias_high.bif,20,2,spread_bias_high,0.25,0.7,X16,1,2,3,8,0.0340889750229329,0.7197985273937728,0.0123679870739579,0.233123779296875,0.0,0.7197985273937727,0.017670412082225,0.2573261260986328,0.0,OK,0.7204,8.404000000000015e-05,1.1591460906900466,0.0930776596069336,0.0,0.0006014726062272,0.7289,6.209000000000012e-05,4.708039679424838,0.2115888595581054,0.0,0.0091014726062271
bn_n20_w2_spread_bias_high.bif,20,2,spread_bias_high,0.25,0.8,X16,1,2,3,8,0.1292322590085655,0.7754444105119884,0.0092246599961072,0.1698951721191406,0.0,0.7754444105119883,0.0133495209738612,0.2038764953613281,0.0,OK,0.7775000000000001,0.00011005,0.8260059635387733,0.0713262557983398,0.0,0.0020555894880116,0.7703,8.061000000000015e-05,3.124918732466176,0.1407423019409179,0.0,0.0051444105119884
bn_n20_w2_spread_bias_high.bif,20,2,spread_bias_high,0.25,0.9,X16,1,2,3,8,0.4295548770186066,0.922534010586094,0.0126484220381826,0.2226676940917968,0.0,0.9225340105860936,0.0178808299824595,0.2695579528808594,0.0,OK,0.9242,3.076000000000005e-05,1.1473240506602451,0.0894002914428711,0.0,0.0016659894139059,0.9162,3.336000000000006e-05,4.6382818225072695,0.2088499069213867,0.0,0.0063340105860938
bn_n20_w2_spread_bias_high.bif,20,2,spread_bias_high,0.25,1.0,X16,1,4,1,2,0.4988236666519319,1.0,0.0086381549481302,0.1762886047363281,0.0,1.0,0.0155183169990777,0.2536735534667969,0.0,OK,1.0,0.0,0.6315329008968547,0.0655279159545898,0.0,0.0,1.0,0.0,2.431902203173377,0.1111402511596679,0.0,0.0
bn_n20_w2_spread_bias_high.bif,20,2,spread_bias_high,0.5,0.4,X16,1,5,3,8,0.0869780627373173,0.377749147883089,0.0103055259678512,0.1557197570800781,0.0,0.377749147883089,0.0178803550079464,0.28076171875,0.0,OK,0.3802,0.0002239599999999,0.9732670848025008,0.0805883407592773,0.0,0.0024508521169109,0.3773,0.00019721,3.939704453502782,0.1873502731323242,0.0,0.000449147883089
bn_n20_w2_spread_bias_high.bif,20,2,spread_bias_high,0.5,0.5,X16,1,5,3,8,0.0407130111767798,0.45445676108449,0.0075600449927151,0.1329383850097656,0.0,0.4544567610844901,0.0171957039274275,0.2580623626708984,0.0,OK,0.4478,0.00036596,0.8298097431892529,0.0745534896850586,0.0,0.00665676108449,0.4519,0.0001808899999999,3.473829969926737,0.1556425094604492,0.0,0.00255676108449
bn_n20_w2_spread_bias_high.bif,20,2,spread_bias_high,0.5,0.6,X16,1,4,6,64,0.1753467596038943,0.5941985000313873,0.0129089930560439,0.2059135437011718,0.0,0.5941985000313559,0.0318564809858799,0.2718935012817383,0.0,OK,0.5953999999999999,0.00021864,1.047281052893959,0.0850057601928711,0.0,0.0012014999686126,0.5916,7.124000000000011e-05,4.201959396805615,0.1929197311401367,0.0,0.0025985000313872
bn_n20_w2_spread_bias_high.bif,20,2,spread_bias_high,0.5,0.7,X16,1,7,2,4,0.0810747423699279,0.6719461304470262,0.010304276831448,0.1745796203613281,0.0,0.671946130447026,0.0227853800170123,0.3417539596557617,0.0,OK,0.6784000000000001,0.0001988399999999,0.808294645161368,0.0765295028686523,0.0,0.0064538695529738,0.678,0.0001569999999999,3.349267800105736,0.1550626754760742,0.0,0.0060538695529738
bn_n20_w2_spread_bias_high.bif,20,2,spread_bias_high,0.5,0.8,X16,1,5,3,8,0.3391044007453906,0.8400596095375694,0.0099324490875005,0.1644859313964843,0.0,0.8400596095375694,0.0280974330380558,0.3140544891357422,0.0,OK,0.8367999999999999,6.316000000000011e-05,0.8241831355029717,0.0749807357788086,0.0,0.0032596095375695,0.8361000000000001,0.0001380899999999,3.4179474013857543,0.1543455123901367,0.0,0.0039596095375693
bn_n20_w2_spread_bias_high.bif,20,2,spread_bias_high,0.5,0.9,X16,1,3,4,16,0.3600024423549813,0.928557113086001,0.0545622040517628,0.1692237854003906,0.0,0.9285571130860012,0.0190061051398515,0.2638072967529297,0.0,OK,0.9322,5.495999999999953e-05,0.9123930111294613,0.0787038803100586,0.0,0.0036428869139989,0.9311,9.128999999999945e-05,3.71934022763744,0.1668729782104492,0.0,0.002542886913999
bn_n20_w2_spread_bias_high.bif,20,2,spread_bias_high,0.5,1.0,X16,1,4,4,16,0.4998579451521705,1.0,0.0099647368770092,0.1628379821777343,0.0,1.0,0.0158887370489537,0.2862606048583984,0.0,OK,1.0,0.0,0.9145602673990652,0.0773077011108398,0.0,0.0,1.0,0.0,3.715973717556335,0.1611814498901367,0.0,0.0
bn_n20_w2_spread_bias_low.bif,20,2,spread_bias_low,0.25,0.4,X13,1,2,3,8,0.101235908554312,0.418692760659629,0.0122227121610194,0.2371673583984375,0.0,0.418692760659629,0.016783044906333,0.2526693344116211,0.0,OK,0.4246999999999999,0.0001796099999999,1.252148343320005,0.0925817489624023,0.0,0.0060072393403709,0.4307999999999999,0.0002363599999999,5.082501070201397,0.2085676193237304,0.0,0.0121072393403709
bn_n20_w2_spread_bias_low.bif,20,2,spread_bias_low,0.25,0.5,X13,1,2,3,8,0.0128352346868143,0.4996309159780364,0.0123220330569893,0.2155342102050781,0.0,0.4996309159780366,0.0177726109977811,0.2469539642333984,0.0,OK,0.4998999999999999,0.00031569,1.3246970169479029,0.0973958969116211,0.0,0.0002690840219635,0.5057,0.00024661,5.409248558245599,0.1979475021362304,0.0,0.0060690840219636
bn_n20_w2_spread_bias_low.bif,20,2,spread_bias_low,0.25,0.6,X13,1,3,2,4,0.0975302509705026,0.6057902914916092,0.012332156067714,0.2257118225097656,0.0,0.6057902914916092,0.0171040499117225,0.2807893753051758,0.0,OK,0.6071000000000001,0.00034649,0.984778933506459,0.0816793441772461,0.0,0.0013097085083908,0.6075999999999999,0.00018364,3.9916992547689008,0.1772260665893554,0.0,0.0018097085083906
bn_n20_w2_spread_bias_low.bif,20,2,spread_bias_low,0.25,0.7,X13,1,3,2,4,0.0654168777966496,0.6870419098432746,0.0114742550067603,0.2024574279785156,0.0,0.687041909843275,0.0165927149355411,0.2870626449584961,0.0,OK,0.6811,0.0002042899999999,0.8663403924554587,0.0784902572631836,0.0,0.0059419098432745,0.6788000000000001,0.0001905599999999,3.69108854320366,0.1655683517456054,0.0,0.0082419098432745
bn_n20_w2_spread_bias_low.bif,20,2,spread_bias_low,0.25,0.8,X13,1,2,3,8,0.3054513998253408,0.8138916817195565,0.0124535518698394,0.2386474609375,0.0,0.8138916817195568,0.0175523639190942,0.2610340118408203,0.0,OK,0.8145999999999999,0.0002208399999999,1.3090609365841377,0.0965490341186523,0.0,0.0007083182804433,0.8143,0.0001714099999999,5.366952399793081,0.2074384689331054,0.0,0.0004083182804435
bn_n20_w2_spread_bias_low.bif,20,2,spread_bias_low,0.25,0.9,X13,1,4,1,2,0.1697915806114402,0.93944453171666,0.0105696329846978,0.2010078430175781,0.0,0.93944453171666,0.0185640461277216,0.3215246200561523,0.0,OK,0.9422,7.41599999999993e-05,0.7932641777908429,0.0713872909545898,0.0,0.0027554682833401,0.9415,3.34499999999997e-05,2.982022870471701,0.1361951828002929,0.0,0.0020554682833402
bn_n20_w2_spread_bias_low.bif,20,2,spread_bias_low,0.25,1.0,X13,1,2,3,8,0.4666124772670301,0.9997851490571515,0.0124071568716317,0.2154350280761718,0.0,0.9997851490571515,0.0180632642004638,0.2517566680908203,0.0,OK,0.9997,2.1000000000000042e-07,1.2497082841116935,0.0939626693725586,0.0,8.514905715162335e-05,0.9998,1.600000000000003e-07,5.131634848867543,0.2126798629760742,0.0,1.4850942848476656e-05
bn_n20_w2_spread_bias_low.bif,20,2,spread_bias_low,0.5,0.4,X13,1,4,4,16,0.0175035657454907,0.4026799971369397,0.013267079135403,0.2111930847167968,0.0,0.4026799971369396,0.022812393028289,0.2764034271240234,0.0,OK,0.4033,0.0002192099999999,1.111634824052453,0.0877141952514648,0.0,0.0006200028630602,0.3947999999999999,5.795999999999993e-05,4.564816575939767,0.1999692916870117,0.0,0.0078799971369398
bn_n20_w2_spread_bias_low.bif,20,2,spread_bias_low,0.5,0.5,X13,1,5,3,8,0.0018890860671123,0.5199850730659111,0.0098138537723571,0.1872138977050781,0.0,0.5199850730659112,0.0245629039127379,0.2947244644165039,0.0,OK,0.5207,0.00020081,0.9802141908556224,0.0848073959350586,0.0,0.0007149269340889,0.5199999999999999,0.0002062,3.966373992385343,0.1844205856323242,0.0,1.4926934088776989e-05
bn_n20_w2_spread_bias_low.bif,20,2,spread_bias_low,0.5,0.6,X13,1,5,5,32,0.1466926250457068,0.6420077257362756,0.0119467379990965,0.1864051818847656,0.0,0.6420077257362754,0.0227077580057084,0.2744455337524414,0.0,OK,0.6446000000000001,0.00011264,1.0675425606546924,0.0854253768920898,0.0,0.0025922742637244,0.635,0.0001566,4.292179330298677,0.1902952194213867,0.0,0.0070077257362756
bn_n20_w2_spread_bias_low.bif,20,2,spread_bias_low,0.5,0.7,X13,1,4,5,32,0.0772897130308274,0.6841910805215652,0.0129390410147607,0.2071952819824218,0.0,0.6841910805215654,0.0377782769501209,0.2944450378417969,0.0,OK,0.6794,0.0001366399999999,1.0496891720220447,0.0888051986694336,0.0,0.0047910805215651,0.6908000000000001,0.0002829599999999,4.346552275377325,0.1903104782104492,0.0,0.0066089194784348
bn_n20_w2_spread_bias_low.bif,20,2,spread_bias_low,0.5,0.8,X13,1,3,7,128,0.3150958337006643,0.7914086045342993,0.0135393419768661,0.2159461975097656,0.0,0.7914086045342994,0.0300894679967314,0.2719945907592773,0.0,OK,0.7863,9.801000000000018e-05,1.085154936928302,0.0832433700561523,0.0,0.0051086045342992,0.7905,0.00015345,4.455422061425634,0.1957578659057617,0.0,0.0009086045342993
bn_n20_w2_spread_bias_low.bif,20,2,spread_bias_low,0.5,0.9,X13,1,5,3,8,0.4109356861420615,0.9341201666536268,0.0083466770593076,0.1779975891113281,0.0,0.9341201666536268,0.0202305831480771,0.3018922805786133,0.0,OK,0.9359,4.9689999999999465e-05,0.8664741466753185,0.0768880844116211,0.0,0.0017798333463732,0.9335,2.904999999999955e-05,3.6324409855064,0.1611738204956054,0.0,0.0006201666536268
bn_n20_w2_spread_bias_low.bif,20,2,spread_bias_low,0.5,1.0,X13,1,7,2,4,0.4890158972910583,0.9982146736040092,0.0113360530231148,0.1770133972167968,0.0,0.9982146736040092,0.0237810940016061,0.3366260528564453,0.0,OK,0.9982,1.5600000000000026e-06,0.8955604185815901,0.0781316757202148,0.0,1.4673604009085572e-05,0.9983,1.0100000000000018e-06,3.697863575816154,0.1663084030151367,0.0,8.532639599090341e-05
bn_n20_w2_uncertain_moderate.bif,20,2,uncertain_moderate,0.25,0.4,X3,1,3,2,4,6.830994423556724e-06,0.4457200165538473,0.0119484809692949,0.2339630126953125,0.0,0.4457200165538473,0.015951775945723,0.276738166809082,0.0,OK,0.4452999999999999,0.0002600099999999,1.3451504827011376,0.1058492660522461,0.0,0.0004200165538473,0.4481,0.00015689,5.553175372211262,0.2374982833862304,0.0,0.0023799834461527
bn_n20_w2_uncertain_moderate.bif,20,2,uncertain_moderate,0.25,0.8,X3,1,2,3,8,0.0002228998242806,0.8169527977856199,0.0095823819283396,0.1953849792480468,0.0,0.8169527977856198,0.0152890780009329,0.2570858001708984,0.0,OK,0.8128,6.995999999999934e-05,1.1846561994869262,0.0852880477905273,0.0,0.0041527977856199,0.8158000000000001,0.0001215599999999,4.667431932734326,0.2091169357299804,0.0,0.0011527977856198
bn_n20_w2_uncertain_moderate.bif,20,2,uncertain_moderate,0.25,0.9,X3,1,3,2,4,0.0002860305856505,0.9254191977755288,0.0115296470467001,0.2037315368652343,0.0,0.9254191977755292,0.0161938169039785,0.284280776977539,0.0,OK,0.9222,5.595999999999972e-05,1.2105830068932846,0.0844259262084961,0.0,0.0032191977755289,0.9268,2.4160000000000047e-05,4.856115938071161,0.2136487960815429,0.0,0.0013808022244712
bn_n20_w2_uncertain_moderate.bif,20,2,uncertain_moderate,0.25,1.0,X3,1,3,2,4,0.0003294388930015,1.0,0.0103525961749255,0.1848974227905273,0.0,1.0,0.0162019128911197,0.2318944931030273,0.0,OK,1.0,0.0,0.818205639673397,0.0754461288452148,0.0,1.1102230246251563e-16,1.0,0.0,3.290210852981545,0.1503095626831054,0.0,1.1102230246251563e-16
bn_n20_w2_uncertain_moderate.bif,20,2,uncertain_moderate,0.5,0.8,X3,1,2,8,256,0.0002115842845969,0.7975113111507248,0.0118560690898448,0.1784706115722656,0.0,0.7975113111507244,0.0374213301111012,0.2472457885742187,0.0,OK,0.7995,8.54499999999998e-05,1.1091090445872396,0.0870351791381836,0.0,0.0019886888492751,0.8012,0.0001223599999999,4.496675547212362,0.2014799118041992,0.0,0.0036886888492752
bn_n20_w2_uncertain_moderate.bif,20,2,uncertain_moderate,0.5,0.9,X3,1,3,6,64,0.0002711715289114,0.8998895137234262,0.0110075841657817,0.1803550720214843,0.0,0.8998895137234262,0.0214451379142701,0.2528724670410156,0.0,OK,0.9026000000000002,7.304000000000011e-05,1.1092007469851524,0.0876989364624023,0.0,0.0027104862765739,0.9014,7.524000000000011e-05,4.527942172717303,0.1986570358276367,0.0,0.0015104862765739
bn_n20_w2_uncertain_strong.bif,20,2,uncertain_strong,0.25,0.6,X1,1,3,2,4,0.0434550670729867,0.6150835641770529,0.0091729280538856,0.2155532836914062,0.0,0.615083564177053,0.0162496659904718,0.2905769348144531,0.0,OK,0.6103999999999999,0.00013324,0.7830800441326573,0.0713186264038086,0.0,0.0046835641770529,0.6079,0.00021529,2.9667738117510454,0.1353254318237304,0.0,0.0071835641770529
bn_n20_w2_uncertain_strong.bif,20,2,uncertain_strong,0.25,0.7,X1,1,4,1,2,0.0330849231402758,0.6616525676321063,0.0104299699887633,0.1866769790649414,0.0,0.6616525676321063,0.0175202069804072,0.3066864013671875,0.0,OK,0.663,0.0001946,0.8449623998021707,0.0738210678100586,0.0,0.0013474323678936,0.6658,0.00015036,3.375816484144889,0.1549024581909179,0.0,0.0041474323678936
bn_n20_w2_uncertain_strong.bif,20,2,uncertain_strong,0.25,0.8,X1,1,3,2,4,0.028202723148165,0.7951147153464861,0.011345047969371,0.2234077453613281,0.0,0.7951147153464859,0.0173907759599387,0.278329849243164,0.0,OK,0.7929,0.00010869,0.9126395003404468,0.0760869979858398,0.0,0.002214715346486,0.7953,0.0002668099999999,3.5463316266192124,0.1597700119018554,0.0,0.0001852846535138
bn_n20_w2_uncertain_strong.bif,20,2,uncertain_strong,0.25,0.9,X1,1,3,2,4,0.1364941563592889,0.8585140817300334,0.0116386748850345,0.1982307434082031,0.0,0.8585140817300334,0.0176166959572583,0.3030071258544922,0.0,OK,0.8606,8.984000000000016e-05,0.9708471517078578,0.0812826156616211,0.0,0.0020859182699666,0.8589,9.94900000000002e-05,3.908981080632657,0.1758222579956054,0.0,0.0003859182699665
bn_n20_w2_uncertain_strong.bif,20,2,uncertain_strong,0.25,1.0,X1,1,3,2,4,0.1094264189634467,1.0,0.0092822681181132,0.1874427795410156,0.0,1.0,0.0160989188589155,0.291788101196289,0.0,OK,1.0,0.0,0.9851223923731596,0.0841360092163086,0.0,0.0,1.0,0.0,3.964811972924508,0.1767988204956054,0.0,0.0
bn_n20_w2_uncertain_strong.bif,20,2,uncertain_strong,0.5,0.6,X1,1,5,4,16,0.0340864150328632,0.6127033481111573,0.0054209770169109,0.1513328552246093,0.0,0.6127033481111575,0.0186160749290138,0.2773237228393554,0.0,OK,0.6111000000000001,0.00020489,0.9002839372260496,0.0798254013061523,0.0,0.0016033481111572,0.6121999999999999,0.00030436,3.712634880607948,0.1626768112182617,0.0,0.0005033481111574
bn_n20_w2_uncertain_strong.bif,20,2,uncertain_strong,0.5,0.7,X1,1,2,8,256,0.0146424197063189,0.6740315227736285,0.0119066929910331,0.1840095520019531,0.0,0.6740315227736284,0.0403210211079567,0.243143081665039,0.0,OK,0.6637,0.00013881,0.9926486947340892,0.0834646224975586,0.0,0.0103315227736285,0.6774,0.0001436399999999,3.9803783460287376,0.1839628219604492,0.0,0.0033684772263714
bn_n20_w2_uncertain_strong.bif,20,2,uncertain_strong,0.5,0.8,X1,1,2,8,256,0.0333216436613177,0.8315099523989841,0.0103771411813795,0.1360588073730468,0.0,0.8315099523989841,0.038843304850161,0.216156005859375,0.0,OK,0.833,0.0001339999999999,1.022974369302392,0.0863866806030273,0.0,0.0014900476010158,0.8307,0.0001420099999999,4.134222350595519,0.1891508102416992,0.0,0.000809952398984
bn_n20_w2_uncertain_strong.bif,20,2,uncertain_strong,0.5,0.9,X1,1,1,9,512,0.0916325811974522,0.8789259411728718,0.0147505940403789,0.2326087951660156,0.0,0.8789259411728718,0.0523201930336654,0.2406597137451172,0.0,OK,0.876,5.100000000000009e-05,1.105551168648526,0.0895986557006836,0.0,0.0029259411728718,0.881,9.040000000000016e-05,4.512335206475109,0.2020597457885742,0.0,0.0020740588271281
bn_n20_w2_uncertain_strong.bif,20,2,uncertain_strong,0.5,1.0,X1,1,3,7,128,0.0212610051263603,1.0,0.0101906168274581,0.1578369140625,0.0,1.0,0.0161485380958765,0.2586736679077148,0.0,OK,1.0,0.0,1.038099583145231,0.0865087509155273,0.0,0.0,1.0,0.0,4.273504787799903,0.1766386032104492,0.0,0.0
bn_n20_w2_uniform.bif,20,2,uniform,0.25,0.4,X3,1,1,4,16,0.0064376201261567,0.4489814059929367,0.0071876749861985,0.2273445129394531,0.0,0.4489814059929367,0.0172985210083425,0.2384586334228515,0.0,OK,0.4465,0.00025865,1.166757001588121,0.0867986679077148,0.0,0.0024814059929366,0.4536,0.00029544,4.747539104125463,0.2177381515502929,0.0,0.0046185940070633
bn_n20_w2_uniform.bif,20,2,uniform,0.25,0.5,X3,1,3,2,4,0.0851051775271296,0.5309020583131571,0.011641516117379,0.2033653259277343,0.0,0.5309020583131571,0.0152109700720757,0.2884635925292969,0.0,OK,0.5335,8.305000000000013e-05,0.8683140321169048,0.0751104354858398,0.0,0.0025979416868429,0.5279,0.00010589,3.352384901652113,0.1509656906127929,0.0,0.003002058313157
bn_n20_w2_uniform.bif,20,2,uniform,0.25,0.6,X3,1,4,1,2,0.0662786393409723,0.5999936253528517,0.011334358016029,0.1979331970214843,0.0,0.5999936253528516,0.0186501878779381,0.3255653381347656,0.0,OK,0.6063999999999999,0.00026244,0.8400668050162494,0.0745229721069336,0.0,0.0064063746471482,0.5992,0.00016296,3.295188593887724,0.1433057785034179,0.0,0.0007936253528517
bn_n20_w2_uniform.bif,20,2,uniform,0.25,0.7,X3,1,4,1,2,0.2673866456563922,0.6726934759232917,0.010123980930075,0.1796684265136718,0.0,0.6726934759232914,0.0176069629378616,0.2832565307617187,0.0,OK,0.675,0.0001415999999999,0.7927710877498612,0.0720891952514648,0.0,0.0023065240767083,0.6721000000000001,0.0001210899999999,3.055264035635628,0.1379346847534179,0.0,0.0005934759232915
bn_n20_w2_uniform.bif,20,2,uniform,0.25,0.8,X3,1,3,2,4,0.2498489189150612,0.7728932296780919,0.011411891086027,0.1994132995605468,0.0,0.7728932296780918,0.0177231130655854,0.284459114074707,0.0,OK,0.7706,0.00037064,0.9770429625641556,0.0818548202514648,0.0,0.0022932296780919,0.7712,0.00017456,3.91242432158906,0.1746625900268554,0.0,0.0016932296780919
bn_n20_w2_uniform.bif,20,2,uniform,0.25,0.9,X3,1,3,2,4,0.3203335453450753,0.8872408320376224,0.0111809221561998,0.1928749084472656,0.0,0.8872408320376225,0.0170898218639194,0.2983903884887695,0.0,OK,0.8880000000000001,8.420000000000015e-05,0.8770117425592616,0.0743780136108398,0.0,0.0007591679623777,0.8850999999999999,5.86900000000001e-05,3.314353568595834,0.1503019332885742,0.0,0.0021408320376224
bn_n20_w2_uniform.bif,20,2,uniform,0.25,1.0,X3,1,4,1,2,0.4172493958550602,1.0,0.0111947781406342,0.1905021667480468,0.0,1.0,0.0105961409863084,0.2774276733398437,0.0,OK,1.0,0.0,1.16192802276928,0.0898199081420898,0.0,1.1102230246251563e-16,1.0,0.0,4.68847641136963,0.2078046798706054,0.0,1.1102230246251563e-16
bn_n20_w2_uniform.bif,20,2,uniform,0.5,0.4,X3,1,4,6,64,0.0102190675502581,0.3542702378225884,0.011794694000855,0.2063865661621093,0.0,0.3542702378225884,0.0258879370521754,0.2936983108520508,0.0,OK,0.3485999999999999,0.0002708399999999,1.0206136024091392,0.0917043685913086,0.0,0.0056702378225884,0.3575,0.00014665,4.23281445808243,0.1968793869018554,0.0,0.0032297621774116
bn_n20_w2_uniform.bif,20,2,uniform,0.5,0.5,X3,1,3,6,64,0.1050489338730568,0.5499758014439741,0.0120184309780597,0.1853904724121093,0.0,0.5499758014439741,0.0173347080126404,0.2613363265991211,0.0,OK,0.5466,0.0002022399999999,1.0229118364164609,0.0827322006225586,0.0,0.003375801443974,0.5616000000000001,0.0004366399999999,4.182069681212306,0.1901884078979492,0.0,0.011624198556026
bn_n20_w2_uniform.bif,20,2,uniform,0.5,0.6,X3,1,3,7,128,0.0766790688949438,0.627151641008526,0.0120920930057764,0.1898765563964843,0.0,0.627151641008526,0.0283936189953237,0.2629318237304687,0.0,OK,0.6322,0.00016256,1.0573822995647788,0.0868444442749023,0.0,0.0050483589914739,0.6203000000000001,0.00020061,4.325445888820104,0.1943540573120117,0.0,0.0068516410085259
bn_n20_w2_uniform.bif,20,2,uniform,0.5,0.7,X3,1,2,8,256,0.153294547092241,0.7414636399422356,0.0126809061039239,0.1985740661621093,0.0,0.7414636399422356,0.0405047200620174,0.2514514923095703,0.0,OK,0.735,8.200000000000015e-05,1.0081187449861315,0.0840520858764648,0.0,0.0064636399422356,0.7356999999999999,0.00049921,4.107027190062217,0.1886167526245117,0.0,0.0057636399422357
bn_n20_w2_uniform.bif,20,2,uniform,0.5,0.8,X3,1,5,4,16,0.27380669725895,0.8139581480678446,0.0110637419857084,0.1769599914550781,0.0,0.8139581480678446,0.0175274068024009,0.3132286071777344,0.0,OK,0.8109,0.0001680899999999,0.8985276198713109,0.0792074203491211,0.0,0.0030581480678446,0.8154000000000001,0.0001686399999999,3.6307574591366576,0.1630582809448242,0.0,0.0014418519321555
bn_n20_w2_uniform.bif,20,2,uniform,0.5,0.9,X3,1,3,3,8,0.1485618511264579,0.922352281162784,0.011670185951516,0.1711997985839843,0.0,0.922352281162784,0.0176945049315691,0.2505645751953125,0.0,OK,0.9210999999999998,3.1290000000000054e-05,1.061906155687757,0.0894308090209961,0.0,0.0012522811627843,0.9197,5.0410000000000095e-05,4.335030523990281,0.1959867477416992,0.0,0.0026522811627841
bn_n20_w2_uniform.bif,20,2,uniform,0.5,1.0,X3,1,3,5,32,0.4221137893703248,1.0,0.0120197779033333,0.2101287841796875,0.0,1.0,0.0169436868745833,0.2755327224731445,0.0,OK,1.0,0.0,1.08606043306645,0.0874547958374023,0.0,0.0,1.0,0.0,4.310459363344125,0.1967344284057617,0.0,0.0
bn_n20_w6_concentrated_bias_high.bif,20,6,concentrated_bias_high,0.25,0.4,X2,1,2,3,8,0.1241897769655897,0.4334327624607826,0.0161542030982673,0.2817344665527344,0.0,0.4334327624607826,0.0213997629471123,0.288675308227539,0.0,OK,0.4326,0.00022584,1.5234362287679688,0.1080389022827148,0.0,0.0008327624607826,0.4310999999999999,0.0001316899999999,6.315539314877242,0.2806348800659179,0.0,0.0023327624607827
bn_n20_w6_concentrated_bias_high.bif,20,6,concentrated_bias_high,0.25,0.5,X2,1,1,4,16,0.2057187595744678,0.5201810410102382,0.0141606030520051,0.2866020202636719,0.0,0.5201810410102383,0.0194641770794987,0.2865943908691406,0.0,OK,0.5185000000000002,0.00031825,2.253146920516156,0.1525716781616211,0.0,0.001681041010238,0.5159999999999999,0.0003664,9.461444099387156,0.4390439987182617,0.0,0.0041810410102383
bn_n20_w6_concentrated_bias_high.bif,20,6,concentrated_bias_high,0.25,0.6,X2,1,2,3,8,0.1864645933630525,0.5775702575398035,0.0172219779342412,0.2906179428100586,0.0,0.5775702575398036,0.0206306378822773,0.3071432113647461,0.0,OK,0.5895999999999999,0.00031304,1.5157531435601412,0.1052389144897461,0.0,0.0120297424601963,0.5758,5.915999999999978e-05,6.301135118422098,0.2856245040893554,0.0,0.0017702575398035
bn_n20_w6_concentrated_bias_high.bif,20,6,concentrated_bias_high,0.25,0.7,X2,1,2,3,8,0.2687334653094062,0.7335242612124827,0.0146263169590383,0.2687568664550781,0.0,0.7335242612124826,0.0198397510685026,0.2875633239746094,0.0,OK,0.7296,0.00025524,1.677681729150936,0.1226110458374023,0.0,0.0039242612124826,0.7327999999999999,0.00016856,6.9709605479845775,0.3474073410034179,0.0,0.0007242612124828
bn_n20_w6_concentrated_bias_high.bif,20,6,concentrated_bias_high,0.25,0.8,X2,1,2,3,8,0.2950747928870475,0.7671478319814942,0.0165548990480601,0.2889776229858398,0.0,0.7671478319814942,0.0219488081056624,0.2889471054077148,0.0,OK,0.7682,0.00015636,1.9046797704184428,0.1203374862670898,0.0,0.0010521680185058,0.7710000000000001,0.0002682,8.024355813907459,0.3711347579956054,0.0,0.0038521680185059
bn_n20_w6_concentrated_bias_high.bif,20,6,concentrated_bias_high,0.25,0.9,X2,1,2,3,8,0.3301046330340675,0.9465062759603784,0.0142842149361968,0.2606315612792969,0.0,0.9465062759603784,0.020550733897835,0.2847719192504883,0.0,OK,0.9455999999999998,4.343999999999965e-05,1.4547707807505503,0.1023626327514648,0.0,0.0009062759603787,0.9452,2.635999999999984e-05,6.034360566479154,0.2683057785034179,0.0,0.0013062759603784
bn_n20_w6_concentrated_bias_high.bif,20,6,concentrated_bias_high,0.25,1.0,X2,1,3,2,4,0.2374338179080056,1.0,0.0150606050156056,0.2638893127441406,0.0,1.0,0.0203300369903445,0.2862863540649414,0.0,OK,1.0,0.0,1.4893007069593296,0.1009435653686523,0.0,0.0,1.0,0.0,6.1810138913337145,0.2988080978393554,0.0,0.0
bn_n20_w6_concentrated_bias_high.bif,20,6,concentrated_bias_high,0.5,0.4,X2,1,3,7,128,0.0950312004681125,0.3591583765184218,0.0140500459820032,0.2381553649902343,0.0,0.3591583765184218,0.0239811209030449,0.2839298248291015,0.0,OK,0.3579,0.00024409,1.2058896490139888,0.0977163314819336,0.0,0.0012583765184218,0.3557999999999999,0.0001147599999999,5.008468094584532,0.2184171676635742,0.0,0.0033583765184218
bn_n20_w6_concentrated_bias_high.bif,20,6,concentrated_bias_high,0.5,0.5,X2,1,1,9,512,0.0912830283100636,0.4955117789825755,0.0159405251033604,0.2915687561035156,0.0,0.4955117789825756,0.0584046330768615,0.2912406921386719,0.0,OK,0.492,7.760000000000015e-05,1.657875361852348,0.1098470687866211,0.0,0.0035117789825754,0.5055,0.00028425,6.958353572059423,0.3252515792846679,0.0,0.0099882210174244
bn_n20_w6_concentrated_bias_high.bif,20,6,concentrated_bias_high,0.5,0.6,X2,1,1,9,512,0.2556084184007015,0.6125061466378677,0.0163325341418385,0.2582845687866211,0.0,0.6125061467083369,0.0554114449769258,0.2668113708496094,0.0,OK,0.6073000000000001,0.00018721,1.5028526299865916,0.1023168563842773,0.0,0.0052061466378676,0.6128000000000001,0.00018576,6.325003547081724,0.2877531051635742,0.0,0.0002938533621323
bn_n20_w6_concentrated_bias_high.bif,20,6,concentrated_bias_high,0.5,0.7,X2,1,1,9,512,0.3154547186993781,0.7343273536159203,0.0154084390960633,0.2597846984863281,0.0,0.7343273541951799,0.0540184779092669,0.2686729431152344,0.0,OK,0.7301,0.00026029,1.639908621320501,0.1174917221069336,0.0,0.0042273536159203,0.7232,0.00014476,6.771301762573421,0.2964200973510742,0.0,0.0111273536159203
bn_n20_w6_concentrated_bias_high.bif,20,6,concentrated_bias_high,0.5,0.8,X2,1,1,9,512,0.3107651647234858,0.8331901849603363,0.0107955590356141,0.3142662048339844,0.0,0.8331901850295838,0.0573641860391944,0.3144187927246094,0.0,OK,0.8331,0.0002174899999999,1.7259845781140029,0.1201467514038086,0.0,9.018496033630365e-05,0.8305,2.945000000000005e-05,7.148059861408546,0.3166913986206054,0.0,0.0026901849603362
bn_n20_w6_concentrated_bias_high.bif,20,6,concentrated_bias_high,0.5,0.9,X2,1,1,9,512,0.310204683884423,0.9183813265302542,0.0160780770238488,0.2527503967285156,0.0,0.9183813274649518,0.0527403899468481,0.2736568450927734,0.0,OK,0.9129,8.309000000000014e-05,1.420118300919421,0.0977849960327148,0.0,0.0054813265302542,0.9119000000000002,4.949000000000009e-05,5.936437971726991,0.2655439376831054,0.0,0.006481326530254
bn_n20_w6_concentrated_bias_high.bif,20,6,concentrated_bias_high,0.5,1.0,X2,1,1,9,512,0.2913046023284319,1.0,0.0153330131433904,0.2399969100952148,0.0,1.0,0.017000864027068,0.2754526138305664,0.0,OK,1.0,0.0,1.523842077027075,0.1163396835327148,0.0,0.0,1.0,0.0,6.380742736021057,0.2814359664916992,0.0,0.0
bn_n20_w6_concentrated_bias_low.bif,20,6,concentrated_bias_low,0.25,0.6,X13,1,2,3,8,0.1103965280971626,0.6187783613577045,0.0159464341122657,0.2816505432128906,0.0,0.6187783613577045,0.0178291590418666,0.2897224426269531,0.0,OK,0.6198,0.00030456,1.746778002451174,0.1252965927124023,0.0,0.0010216386422955,0.6213,0.00015681,7.175342585076578,0.3334913253784179,0.0,0.0025216386422954
bn_n20_w6_concentrated_bias_low.bif,20,6,concentrated_bias_low,0.25,0.7,X13,1,3,2,4,0.1187133575655864,0.7245990150408874,0.0139379880856722,0.2426567077636718,0.0,0.7245990150408872,0.019908966962248,0.2828245162963867,0.0,OK,0.7312,0.00030416,1.1525495068868623,0.0929479598999023,0.0,0.0066009849591125,0.7244999999999999,0.00013505,4.853935906663537,0.2215681076049804,0.0,9.901504088749569e-05
bn_n20_w6_concentrated_bias_low.bif,20,6,concentrated_bias_low,0.25,0.8,X13,1,2,3,8,0.1522332509503673,0.7653073685592329,0.0144447349011898,0.26922607421875,0.0,0.7653073685592329,0.0167381670325994,0.2882871627807617,0.0,OK,0.7666000000000001,0.00033504,1.645278443582356,0.1166601181030273,0.0,0.0012926314407671,0.7644,0.00017244,6.96773307104595,0.3114271163940429,0.0,0.0009073685592329
bn_n20_w6_concentrated_bias_low.bif,20,6,concentrated_bias_low,0.25,0.9,X13,1,3,2,4,0.0218426725799754,0.9144244125853136,0.0146899961400777,0.2601461410522461,0.0,0.9144244125853134,0.0190730239264667,0.3054418563842773,0.0,OK,0.9158000000000002,7.696000000000013e-05,1.2452935180161149,0.0943288803100586,0.0,0.0013755874146866,0.9141,3.489000000000006e-05,5.294238459528424,0.2395582199096679,0.0,0.0003244125853134
bn_n20_w6_concentrated_bias_low.bif,20,6,concentrated_bias_low,0.25,1.0,X13,1,3,2,4,0.055684080513509,1.0,0.0124600499402731,0.2272682189941406,0.0,1.0,0.0189562269952148,0.2675600051879883,0.0,OK,1.0,0.0,0.9995132673066108,0.0844793319702148,0.0,1.1102230246251563e-16,1.0,0.0,4.196544769243337,0.1884260177612304,0.0,1.1102230246251563e-16
bn_n20_w6_concentrated_bias_low.bif,20,6,concentrated_bias_low,0.5,0.5,X13,1,1,9,512,0.0419973868013371,0.4938872809432268,0.0153353190980851,0.2650032043457031,0.0,0.4938872809432268,0.0548557529691606,0.2750663757324219,0.0,OK,0.4953999999999999,0.00030084,1.846289423829876,0.1320180892944336,0.0,0.001512719056773,0.4899999999999999,0.000181,7.877442390378564,0.3653059005737304,0.0,0.0038872809432269
bn_n20_w6_concentrated_bias_low.bif,20,6,concentrated_bias_low,0.5,0.6,X13,1,3,7,128,0.0374537607586952,0.6092800032972909,0.0144900041632354,0.2284917831420898,0.0,0.6092800032972913,0.0219763580244034,0.2842054367065429,0.0,OK,0.6081000000000001,0.00037229,1.3009416284039617,0.1021108627319336,0.0,0.0011800032972908,0.6119,0.00017129,5.445621278486215,0.2438993453979492,0.0,0.002619996702709
bn_n20_w6_concentrated_bias_low.bif,20,6,concentrated_bias_low,0.5,0.7,X13,1,3,5,32,0.1052417653234447,0.6918797493228687,0.0152428441215306,0.2428627014160156,0.0,0.6918797493228688,0.0214895249810069,0.2861852645874023,0.0,OK,0.6897,0.0001076099999999,1.4180649660760536,0.1016302108764648,0.0,0.0021797493228686,0.6896,0.0001100399999999,5.950168585358187,0.2771787643432617,0.0,0.0022797493228686
bn_n20_w6_concentrated_bias_low.bif,20,6,concentrated_bias_low,0.5,0.8,X13,1,2,8,256,0.0065419223700422,0.8338830199050533,0.0157315619289875,0.2564125061035156,0.0,0.8338830199050531,0.0349887718912214,0.2810745239257812,0.0,OK,0.833,0.0002694,1.4987781486241147,0.1039648056030273,0.0,0.0008830199050533,0.8346,6.564000000000012e-05,6.32306731401477,0.2637815475463867,0.0,0.0007169800949466
bn_n20_w6_concentrated_bias_low.bif,20,6,concentrated_bias_low,0.5,0.9,X13,1,2,8,256,0.3247854049465634,0.9461558329667588,0.0156706690322607,0.2655067443847656,0.0,0.9461558329667588,0.0365716030355542,0.2837715148925781,0.0,OK,0.9477999999999998,3.076000000000005e-05,1.4667183148209006,0.1018362045288086,0.0,0.0016441670332409,0.9485,2.905000000000005e-05,6.194315804867074,0.2793760299682617,0.0,0.0023441670332411
bn_n20_w6_concentrated_bias_low.bif,20,6,concentrated_bias_low,0.5,1.0,X13,1,2,7,128,0.3144741897591843,0.958021867520474,0.0145493550226092,0.2441520690917968,0.0,0.9580218675204746,0.0287871051114052,0.2778797149658203,0.0,OK,0.9598,4.116000000000008e-05,1.2642999193165452,0.1009817123413086,0.0,0.0017781324795257,0.9604,1.0640000000000018e-05,5.323650222481229,0.2297086715698242,0.0,0.002378132479526
bn_n20_w6_rigid_extreme.bif,20,6,rigid_extreme,0.25,0.4,X13,1,2,2,4,0.0313622690358154,0.3847340633714403,0.0149841911625117,0.2601995468139648,0.0,0.3847340633714402,0.018357777968049,0.2881107330322265,0.0,OK,0.3936,0.0001432399999999,1.2744941080920398,0.0956106185913086,0.0,0.0088659366285597,0.3842,0.00018696,5.256290640053339,0.2411909103393554,0.0,0.0005340633714402
bn_n20_w6_rigid_extreme.bif,20,6,rigid_extreme,0.25,0.5,X13,1,2,3,8,0.0177309028817641,0.516649839202299,0.0149039081297814,0.266632080078125,0.0,0.5166498392022991,0.0188309820368886,0.2902765274047851,0.0,OK,0.5231000000000001,0.00041269,1.2306277558440342,0.0977621078491211,0.0,0.0064501607977011,0.5186,0.00011324,5.129169469606131,0.2400312423706054,0.0,0.0019501607977009
bn_n20_w6_rigid_extreme.bif,20,6,rigid_extreme,0.25,0.6,X13,1,1,4,16,0.1365896084516582,0.6341391498155188,0.009018656797707,0.2664146423339844,0.0,0.6341391498155189,0.0191793888807296,0.2725257873535156,0.0,OK,0.6442,0.00036336,1.4887429961236194,0.1098241806030273,0.0,0.0100608501844812,0.6405,0.00016305,6.287954455520958,0.2802228927612304,0.0,0.0063608501844811
bn_n20_w6_rigid_extreme.bif,20,6,rigid_extreme,0.25,0.7,X13,1,3,2,4,0.141766556843946,0.6551504234149124,0.0144981280900537,0.2524557113647461,0.0,0.6551504234149123,0.0204304510261863,0.2857303619384765,0.0,OK,0.6448,0.00016116,1.0317947345087304,0.0837850570678711,0.0,0.0103504234149123,0.6556000000000001,0.00034584,4.289817651943304,0.1909284591674804,0.0,0.0004495765850877
bn_n20_w6_rigid_extreme.bif,20,6,rigid_extreme,0.25,0.8,X13,1,2,3,8,0.2702092484383793,0.7699125889882188,0.0134728499688208,0.2599248886108398,0.0,0.7699125889882193,0.0114129800349473,0.2887907028198242,0.0,OK,0.767,0.000127,1.3989004663191735,0.1044225692749023,0.0,0.0029125889882187,0.764,8.620000000000014e-05,5.893144293897786,0.2666578292846679,0.0,0.0059125889882187
bn_n20_w6_rigid_extreme.bif,20,6,rigid_extreme,0.25,0.9,X13,1,1,4,16,0.1657771534287061,0.911822140363315,0.0136589230969548,0.2357978820800781,0.0,0.911822140363315,0.017863366054371,0.2551860809326172,0.0,OK,0.9113,7.221000000000014e-05,1.1501988850999625,0.0961599349975586,0.0,0.0005221403633148,0.9092,5.5160000000000095e-05,4.806761914491654,0.2216825485229492,0.0,0.0026221403633149
bn_n20_w6_rigid_extreme.bif,20,6,rigid_extreme,0.25,1.0,X13,1,2,2,4,0.499992882992522,1.0,0.0148200390394777,0.2717666625976562,0.0,1.0,0.018674444174394,0.2869224548339844,0.0,OK,1.0,0.0,1.2295127752935513,0.0935506820678711,0.0,0.0,1.0,0.0,5.178017696668394,0.2374372482299804,0.0,0.0
bn_n20_w6_rigid_extreme.bif,20,6,rigid_extreme,0.5,0.4,X13,1,3,5,32,0.044512759181239,0.3675858022302586,0.0121975298970937,0.1905632019042968,0.0,0.367585802244577,0.0194054271560162,0.2780256271362304,0.0,OK,0.3612,0.0002965599999999,1.0888475285843016,0.0869512557983398,0.0,0.0063858022302586,0.3713,0.00031361,4.5569915840169415,0.2069272994995117,0.0,0.0037141977697413
bn_n20_w6_rigid_extreme.bif,20,6,rigid_extreme,0.5,0.5,X13,1,1,9,512,0.0250911087117731,0.5275463182696469,0.0152738159522414,0.2517356872558594,0.0,0.5275463187228911,0.0523380399681627,0.2647285461425781,0.0,OK,0.5272,0.00012436,1.6565490856068208,0.1168432235717773,0.0,0.0003463182696469,0.5340000000000001,0.0002382,6.934494431503117,0.3299894332885742,0.0,0.0064536817303532
bn_n20_w6_rigid_extreme.bif,20,6,rigid_extreme,0.5,0.6,X13,1,1,9,512,0.1221362831403823,0.6181769831002295,0.0118495090864598,0.2018890380859375,0.0,0.6181769833406738,0.0586989559233188,0.2491111755371093,0.0,OK,0.6197999999999999,0.00017496,1.191016855905764,0.0994100570678711,0.0,0.0016230168997704,0.6209,0.00037209,4.947297218092717,0.2284498214721679,0.0,0.0027230168997705
bn_n20_w6_rigid_extreme.bif,20,6,rigid_extreme,0.5,0.7,X13,1,1,9,512,0.2874369047129349,0.7481903322641098,0.0164179089479148,0.2772817611694336,0.0,0.7481903324442033,0.0515395081602036,0.2809581756591797,0.0,OK,0.7541,9.56900000000002e-05,1.7266137473052368,0.1106023788452148,0.0,0.0059096677358901,0.7519,0.00012709,7.183047331520356,0.3252210617065429,0.0,0.0037096677358902
bn_n20_w6_rigid_extreme.bif,20,6,rigid_extreme,0.5,0.8,X13,1,1,9,512,0.2090048605957102,0.7640176831015892,0.0152039621025323,0.2576179504394531,0.0,0.764017683801552,0.054134784033522,0.2622432708740234,0.0,OK,0.7664,0.00031224,1.5040342428022997,0.1068334579467773,0.0,0.0023823168984107,0.7669,0.00037449,6.250215080822818,0.2887678146362304,0.0,0.0028823168984107
bn_n20_w6_rigid_extreme.bif,20,6,rigid_extreme,0.5,0.9,X13,1,1,9,512,0.4311544914810509,0.908524067379106,0.0168314960319548,0.2839422225952148,0.0,0.9085240686810806,0.0547085250727832,0.2840490341186523,0.0,OK,0.9055000000000002,3.5850000000000065e-05,1.53065305610653,0.1116476058959961,0.0,0.0030240673791057,0.9073,0.00013361,6.363484065537341,0.2862272262573242,0.0,0.001224067379106
bn_n20_w6_rigid_extreme.bif,20,6,rigid_extreme,0.5,1.0,X13,1,1,9,512,0.499998227311046,0.999999388335524,0.0157960129436105,0.2887105941772461,0.0,0.9999993885647958,0.045806135982275,0.2886924743652344,0.0,OK,1.0,0.0,1.7476038167253136,0.1206274032592773,0.0,6.116644759579515e-07,1.0,0.0,7.323214729363099,0.3379697799682617,0.0,6.116644759579515e-07
bn_n20_w6_rigid_moderate.bif,20,6,rigid_moderate,0.25,0.4,X14,1,1,4,16,0.1355054212265599,0.3530718540071539,0.0175646559800952,0.3146047592163086,0.0,0.3530718540071539,0.0208435910753905,0.3147573471069336,0.0,OK,0.3516,0.0001714399999999,1.6643600935814902,0.1103658676147461,0.0,0.0014718540071539,0.3630999999999999,0.00014449,6.973757316265255,0.3230085372924804,0.0,0.0100281459928459
bn_n20_w6_rigid_moderate.bif,20,6,rigid_moderate,0.25,0.5,X14,1,1,4,16,0.0627557257721358,0.5352753083719977,0.0159479698631912,0.3202581405639648,0.0,0.5352753083719977,0.0211486050393432,0.3204107284545898,0.0,OK,0.5347000000000002,0.0002754099999999,2.2431380786234514,0.1455221176147461,0.0,0.0005753083719974,0.5376000000000001,0.00045764,9.463562589883804,0.4127979278564453,0.0,0.0023246916280024
bn_n20_w6_rigid_moderate.bif,20,6,rigid_moderate,0.25,0.6,X14,1,3,2,4,0.2228968994468187,0.6374895469329999,0.0154779381118714,0.2744636535644531,0.0,0.637489546933,0.0216326541267335,0.287297248840332,0.0,OK,0.6327,0.00017201,1.40803148758132,0.1138067245483398,0.0,0.0047895469329998,0.6258000000000001,0.00014316,5.931280045490712,0.2622098922729492,0.0,0.0116895469329997
bn_n20_w6_rigid_moderate.bif,20,6,rigid_moderate,0.25,0.7,X14,1,1,4,16,0.0002988112248604,0.7066088363406161,0.0179247090127319,0.3185157775878906,0.0,0.706608836340616,0.021275000879541,0.3181982040405273,0.0,OK,0.7089,7.029000000000014e-05,1.9189801172818988,0.1152944564819336,0.0,0.0022911636593838,0.7095999999999999,0.00016904,8.108542951731943,0.3493452072143554,0.0,0.0029911636593837
bn_n20_w6_rigid_moderate.bif,20,6,rigid_moderate,0.25,0.8,X14,1,1,4,16,0.0484075663264172,0.7847825629237517,0.0173769169487059,0.2935981750488281,0.0,0.7847825629237519,0.0201776609756052,0.2933082580566406,0.0,OK,0.7815000000000001,0.00019825,2.538492990541272,0.1581869125366211,0.0,0.0032825629237516,0.7866,6.404000000000013e-05,10.78438893610146,0.5041074752807617,0.0,0.0018174370762482
bn_n20_w6_rigid_moderate.bif,20,6,rigid_moderate,0.25,0.9,X14,1,2,3,8,0.0126783601115173,0.8819016409495251,0.0167638179846107,0.2892293930053711,0.0,0.8819016409495251,0.0130560961551964,0.2927455902099609,0.0,OK,0.8840999999999999,9.189000000000017e-05,1.33431233051233,0.0945196151733398,0.0,0.0021983590504748,0.8845000000000001,3.085000000000005e-05,5.623596493736841,0.2634992599487304,0.0,0.002598359050475
bn_n20_w6_rigid_moderate.bif,20,6,rigid_moderate,0.25,1.0,X14,1,4,1,2,0.1452851041305561,1.0,0.0152255231514573,0.2582082748413086,0.0,1.0,0.0207683520857244,0.2981557846069336,0.0,OK,1.0,0.0,1.0341538501670584,0.0857992172241211,0.0,0.0,1.0,0.0,4.347949035069905,0.2017698287963867,0.0,0.0
bn_n20_w6_rigid_moderate.bif,20,6,rigid_moderate,0.5,0.4,X14,1,1,9,512,0.1627588198022657,0.3810330859097189,0.0172726961318403,0.2698965072631836,0.0,0.3810330860711161,0.0637469550129026,0.2756366729736328,0.0,OK,0.3702999999999999,0.00025141,1.6131444945000113,0.1170873641967773,0.0,0.0107330859097189,0.381,0.0001898,6.822678946447558,0.3211622238159179,0.0,3.308590971889957e-05
bn_n20_w6_rigid_moderate.bif,20,6,rigid_moderate,0.5,0.5,X14,1,1,9,512,0.0020782177735561,0.5098916787882914,0.0182378168683499,0.2961568832397461,0.0,0.5098916790223821,0.0552770160138607,0.2958288192749023,0.0,OK,0.5197,0.00012521,1.926918650791049,0.1322622299194336,0.0,0.0098083212117086,0.5128,0.00032236,8.22789597962983,0.3528776168823242,0.0,0.0029083212117085
bn_n20_w6_rigid_moderate.bif,20,6,rigid_moderate,0.5,0.6,X14,1,1,9,512,0.0827549716796787,0.5784948951753495,0.018871268024668,0.3114385604858398,0.0,0.5784948958602003,0.0595638849772512,0.3120613098144531,0.0,OK,0.5809,8.429000000000014e-05,1.655972859985195,0.1098928451538086,0.0,0.0024051048246505,0.5695999999999999,0.0001454399999999,7.020172520424239,0.3179731369018554,0.0,0.0088948951753495
bn_n20_w6_rigid_moderate.bif,20,6,rigid_moderate,0.5,0.7,X14,1,1,9,512,0.1705108670646496,0.7428307808962671,0.0182084091939032,0.2892265319824219,0.0,0.7428307815538829,0.0541630040388554,0.2892189025878906,0.0,OK,0.7505,0.00076505,1.7944637549575415,0.1321172714233398,0.0,0.0076692191037328,0.7485,0.00036925,7.564918163814582,0.3288755416870117,0.0,0.0056692191037329
bn_n20_w6_rigid_moderate.bif,20,6,rigid_moderate,0.5,0.8,X14,1,1,9,512,0.1704325496719315,0.807359608007504,0.0169878411106765,0.2882118225097656,0.0,0.8073596088068447,0.060190460877493,0.2875175476074219,0.0,OK,0.8156000000000001,0.0001734399999999,1.8604005366796628,0.1212072372436523,0.0,0.0082403919924961,0.8127999999999999,8.875999999999922e-05,8.013640803610906,0.3359098434448242,0.0,0.0054403919924959
bn_n20_w6_rigid_moderate.bif,20,6,rigid_moderate,0.5,0.9,X14,1,1,9,512,0.4215257661423064,0.9445782628401708,0.0160629439633339,0.2880973815917969,0.0,0.9445782630703314,0.055986630031839,0.2875585556030273,0.0,OK,0.945,1.979999999999986e-05,1.8707606847397984,0.1254110336303711,0.0,0.0004217371598292,0.9462,3.395999999999982e-05,7.993053365359083,0.3556623458862304,0.0,0.0016217371598292
bn_n20_w6_rigid_moderate.bif,20,6,rigid_moderate,0.5,1.0,X14,1,1,9,512,0.2340136633953129,0.9753145072176436,0.0195315990131348,0.3255834579467773,0.0,0.9753145075754204,0.0584074109792709,0.3257360458374023,0.0,OK,0.9762,3.836000000000007e-05,1.916298876469955,0.1380224227905273,0.0,0.0008854927823565,0.9759,7.890000000000014e-06,8.09326177192852,0.3632078170776367,0.0,0.0005854927823563
bn_n20_w6_spread_bias_high.bif,20,6,spread_bias_high,0.25,0.4,X2,1,2,3,8,0.1342606742661237,0.4349389580604604,0.0172813369426876,0.3076925277709961,0.0,0.4349389580604603,0.0226194059941917,0.3496294021606445,0.0,OK,0.4399,0.00014949,2.124420264060609,0.1448125839233398,0.0,0.0049610419395395,0.4402,0.0001543599999999,8.918973797978833,0.3993711471557617,0.0,0.0052610419395395
bn_n20_w6_spread_bias_high.bif,20,6,spread_bias_high,0.25,0.5,X2,1,1,4,16,0.1814027432462113,0.5447518465140844,0.0175159850623458,0.3055915832519531,0.0,0.5447518465140844,0.0209181180689483,0.3057441711425781,0.0,OK,0.5474000000000001,0.00010824,2.037045278400183,0.1434011459350586,0.0,0.0026481534859157,0.5421,0.0003328899999999,8.52498361703474,0.3856611251831054,0.0,0.0026518465140843
bn_n20_w6_spread_bias_high.bif,20,6,spread_bias_high,0.25,0.6,X2,1,1,4,16,0.0761883111219841,0.6037005261710187,0.0182130178436636,0.3169136047363281,0.0,0.6037005261710187,0.0205671188887208,0.3166418075561523,0.0,OK,0.6167999999999999,0.00040276,2.231972180167213,0.1415319442749023,0.0,0.0130994738289812,0.5996,0.00012004,9.42961889130529,0.4049482345581054,0.0,0.0041005261710186
bn_n20_w6_spread_bias_high.bif,20,6,spread_bias_high,0.25,0.7,X2,1,3,2,4,0.2102061109403927,0.728044148223375,0.0157912720460444,0.2858266830444336,0.0,0.728044148223375,0.0228213190566748,0.3318424224853515,0.0,OK,0.733,0.0001158,1.46149121215567,0.1005926132202148,0.0,0.0049558517766249,0.7275,0.00019165,6.099101235927082,0.2734251022338867,0.0,0.000544148223375
bn_n20_w6_spread_bias_high.bif,20,6,spread_bias_high,0.25,0.8,X2,1,1,4,16,0.3256189932502116,0.809765217277902,0.0170363839715719,0.3201513290405273,0.0,0.8097652172779022,0.0215537110343575,0.3203039169311523,0.0,OK,0.8115,0.0002174499999999,2.3231356624048205,0.1515188217163086,0.0,0.001734782722098,0.8084999999999999,0.0001312499999999,9.862605391489344,0.4174518585205078,0.0,0.001265217277902
bn_n20_w6_spread_bias_high.bif,20,6,spread_bias_high,0.25,0.9,X2,1,1,4,16,0.2964611590731154,0.9185015710547638,0.0173117991071194,0.2873525619506836,0.0,0.918501571054764,0.0209950089920312,0.2869710922241211,0.0,OK,0.9185,5.72500000000001e-05,1.784813801944256,0.1208868026733398,0.0,1.5710547637270975e-06,0.9206,6.38399999999997e-05,7.390818068222143,0.3356199264526367,0.0,0.0020984289452361
bn_n20_w6_spread_bias_high.bif,20,6,spread_bias_high,0.25,1.0,X2,1,3,2,4,0.4862009438421577,1.0,0.0163138799834996,0.2858924865722656,0.0,1.0,0.012971106916666,0.289093017578125,0.0,OK,1.0,0.0,1.556982776033692,0.1103887557983398,0.0,1.1102230246251563e-16,1.0,0.0,6.45903464590665,0.3010663986206054,0.0,1.1102230246251563e-16
bn_n20_w6_spread_bias_high.bif,20,6,spread_bias_high,0.5,0.4,X2,1,3,7,128,0.0159648745947262,0.3533624984786174,0.014495899900794,0.2743339538574219,0.0,0.3533624984786174,0.0314136440865695,0.2940864562988281,0.0,OK,0.3557,0.0001508099999999,1.5254301767330616,0.1191549301147461,0.0,0.0023375015213826,0.357,0.0002211999999999,6.4628537377342585,0.3066129684448242,0.0,0.0036375015213825
bn_n20_w6_spread_bias_high.bif,20,6,spread_bias_high,0.5,0.5,X2,1,1,9,512,0.0022746416640289,0.4782482778070114,0.0164822570513933,0.2511558532714844,0.0,0.4782482781464321,0.0523197380825877,0.2723941802978515,0.0,OK,0.4745999999999999,0.0002226399999999,1.485554899671115,0.0989980697631836,0.0,0.0036482778070114,0.4829,0.0001824899999999,6.229995177430101,0.2725706100463867,0.0,0.0046517221929885
bn_n20_w6_spread_bias_high.bif,20,6,spread_bias_high,0.5,0.6,X2,1,1,9,512,0.1172335570706148,0.5711569634838652,0.0162895279936492,0.2486915588378906,0.0,0.571156963483865,0.0548173878341913,0.2730655670166015,0.0,OK,0.5758999999999999,1.7290000000000033e-05,1.6722755870316175,0.1161565780639648,0.0,0.0047430365161346,0.5664999999999999,0.0001806499999999,7.102308966289274,0.3380918502807617,0.0,0.0046569634838653
bn_n20_w6_spread_bias_high.bif,20,6,spread_bias_high,0.5,0.7,X2,1,1,9,512,0.2275512398559163,0.7208467282788142,0.0179630110505968,0.3100776672363281,0.0,0.7208467285182245,0.0571998720988631,0.3104743957519531,0.0,OK,0.7269,0.00021609,2.136266496242024,0.1431264877319336,0.0,0.0060532717211857,0.7219,0.00027489,8.99873147024773,0.4083585739135742,0.0,0.0010532717211857
bn_n20_w6_spread_bias_high.bif,20,6,spread_bias_high,0.5,0.8,X2,1,1,9,512,0.2551966857486549,0.7947200058287055,0.0182123768609017,0.2833061218261719,0.0,0.7947200058287051,0.0574686250183731,0.2833366394042969,0.0,OK,0.7983,0.0001626099999999,1.948444343637675,0.1255254745483398,0.0,0.0035799941712945,0.7922,7.196000000000013e-05,8.255366449500434,0.3472623825073242,0.0,0.0025200058287054
bn_n20_w6_spread_bias_high.bif,20,6,spread_bias_high,0.5,0.9,X2,1,2,8,256,0.2734325641867658,0.8834466908893023,0.016503568040207,0.2657890319824219,0.0,0.8834466908888557,0.0424365978688001,0.2876625061035156,0.0,OK,0.8825999999999998,9.924000000000018e-05,1.48709686701186,0.1088705062866211,0.0,0.0008466908893024,0.8836999999999999,6.721000000000011e-05,6.264502316573635,0.2886457443237304,0.0,0.0002533091106976
bn_n20_w6_spread_bias_high.bif,20,6,spread_bias_high,0.5,1.0,X2,1,2,8,256,0.4379282970589419,0.998247727713092,0.0135255209170281,0.2068214416503906,0.0,0.998247727713092,0.0384171099867671,0.2684841156005859,0.0,OK,0.9983,2.6100000000000047e-06,1.3015448201913389,0.1006689071655273,0.0,5.227228690796171e-05,0.9979,2.8900000000000054e-06,5.44627167119179,0.2568082809448242,0.0,0.0003477277130919
bn_n20_w6_spread_bias_low.bif,20,6,spread_bias_low,0.25,0.4,X11,1,2,3,8,0.0832034062219158,0.4104854679201297,0.0140045448206365,0.2364540100097656,0.0,0.4104854679201297,0.0183415908832103,0.281743049621582,0.0,OK,0.4067,0.0002406099999999,1.1183334475383162,0.0900716781616211,0.0,0.0037854679201296,0.4141,0.0002092899999999,4.729884993121959,0.2142820358276367,0.0,0.0036145320798703
bn_n20_w6_spread_bias_low.bif,20,6,spread_bias_low,0.25,0.5,X11,1,3,2,4,0.1787235794712969,0.4680820068277868,0.0143382300157099,0.2507667541503906,0.0,0.4680820068277869,0.0137959120329469,0.2813997268676758,0.0,OK,0.4693,0.0002158099999999,1.0446494922041891,0.0871496200561523,0.0,0.0012179931722132,0.4667,0.0002654099999999,4.343109088810161,0.2027463912963867,0.0,0.0013820068277867
bn_n20_w6_spread_bias_low.bif,20,6,spread_bias_low,0.25,0.6,X11,1,1,4,16,0.0880235289253985,0.6133934207537973,0.0172225539572536,0.2887563705444336,0.0,0.6133934207537973,0.0203844690695405,0.2881765365600586,0.0,OK,0.6099999999999999,0.0002138,2.039589164429344,0.1302633285522461,0.0,0.0033934207537974,0.6176,0.00014564,8.699317291099579,0.3849668502807617,0.0,0.0042065792462027
bn_n20_w6_spread_bias_low.bif,20,6,spread_bias_low,0.25,0.7,X11,1,2,3,8,0.3050234850705955,0.7065538804277829,0.0131820440292358,0.2374458312988281,0.0,0.7065538804277828,0.0182218181435018,0.2846565246582031,0.0,OK,0.6983,0.0001816099999999,1.297005540365353,0.1032323837280273,0.0,0.0082538804277828,0.7099,9.589000000000015e-05,5.458990756422281,0.2509031295776367,0.0,0.003346119572217
bn_n20_w6_spread_bias_low.bif,20,6,spread_bias_low,0.25,0.8,X11,1,2,3,8,0.1557592343923534,0.8321905810245502,0.0150423410814255,0.2803535461425781,0.0,0.8321905810245505,0.0213112321216613,0.2911100387573242,0.0,OK,0.8343999999999999,0.00015084,1.9412462398409844,0.1339254379272461,0.0,0.0022094189754496,0.8352999999999999,0.0001576099999999,8.222824383992702,0.3620786666870117,0.0,0.0031094189754496
bn_n20_w6_spread_bias_low.bif,20,6,spread_bias_low,0.25,0.9,X11,1,2,2,4,0.3597935156354633,0.9031949282804396,0.0146987000480294,0.2603912353515625,0.0,0.9031949282804396,0.0191373431589454,0.281682014465332,0.0,OK,0.9044,4.284000000000007e-05,1.144138104049489,0.0897588729858398,0.0,0.0012050717195606,0.9111,8.629000000000016e-05,4.838801816198975,0.2200651168823242,0.0,0.0079050717195605
bn_n20_w6_spread_bias_low.bif,20,6,spread_bias_low,0.25,1.0,X11,1,2,3,8,0.4010752578696022,0.9609078081717866,0.0164309958927333,0.2778205871582031,0.0,0.9609078081717866,0.0125548329669982,0.2848587036132812,0.0,OK,0.9641,3.309000000000006e-05,1.5284103436395526,0.1061010360717773,0.0,0.0031921918282133,0.958,5.080000000000008e-05,6.47217018888332,0.2790708541870117,0.0,0.0029078081717865
bn_n20_w6_spread_bias_low.bif,20,6,spread_bias_low,0.5,0.4,X11,1,2,8,256,0.1262976540247692,0.3658574316833765,0.0172422358300536,0.2644948959350586,0.0,0.3658574316833766,0.0340649979189038,0.2802505493164062,0.0,OK,0.3654,0.00023624,1.428548631980084,0.1053609848022461,0.0,0.0004574316833765,0.3606,0.00014884,6.005548058077693,0.2684583663940429,0.0,0.0052574316833765
bn_n20_w6_spread_bias_low.bif,20,6,spread_bias_low,0.5,0.5,X11,1,2,8,256,0.0173101038971992,0.4824533178678464,0.0157741210423409,0.2474632263183593,0.0,0.4824533178874314,0.0410713939927518,0.2678537368774414,0.0,OK,0.497,0.0002022,1.2212025876855477,0.1032018661499023,0.0,0.0145466821321535,0.4826999999999999,0.0001734099999999,5.212090902868658,0.2358808517456054,0.0,0.0002466821321534
bn_n20_w6_spread_bias_low.bif,20,6,spread_bias_low,0.5,0.6,X11,1,1,9,512,0.0476110125907507,0.6157679057881028,0.015815912047401,0.2439537048339843,0.0,0.615767906220273,0.055057827848941,0.2596111297607422,0.0,OK,0.6150999999999999,0.00018129,1.407748804963194,0.1107931137084961,0.0,0.0006679057881029,0.6323,0.00015161,5.920359239866957,0.2598524093627929,0.0,0.0165320942118971
bn_n20_w6_spread_bias_low.bif,20,6,spread_bias_low,0.5,0.7,X11,1,2,8,256,0.2094372505017891,0.6912497354079891,0.0153653619345277,0.2851676940917969,0.0,0.6912497354616802,0.0403157300315797,0.293121337890625,0.0,OK,0.6927,0.0002104099999999,1.389063327945769,0.1066045761108398,0.0,0.0014502645920109,0.6915,0.0001672499999999,5.885789830726571,0.2506666183471679,0.0,0.0002502645920109
bn_n20_w6_spread_bias_low.bif,20,6,spread_bias_low,0.5,0.8,X11,1,1,9,512,0.2449771805439078,0.776718886859208,0.0150977589655667,0.2456579208374023,0.0,0.7767188868592078,0.0553897521458566,0.2631769180297851,0.0,OK,0.7768,0.00016316,1.3301555149257185,0.0959920883178711,0.0,8.111314079206622e-05,0.7791,9.189000000000017e-05,5.616068617487326,0.2656202316284179,0.0,0.002381113140792
bn_n20_w6_spread_bias_low.bif,20,6,spread_bias_low,0.5,0.9,X11,1,1,9,512,0.292265454807678,0.866710566828149,0.0170632961671799,0.2655830383300781,0.0,0.866710566828149,0.0531362891197204,0.2657356262207031,0.0,OK,0.8642,8.056000000000014e-05,1.4768698179163038,0.1122884750366211,0.0,0.0025105668281489,0.8649000000000001,5.9890000000000106e-05,6.252868051989935,0.2871656417846679,0.0,0.0018105668281488
bn_n20_w6_spread_bias_low.bif,20,6,spread_bias_low,0.5,1.0,X11,1,2,8,256,0.2109166856121046,0.9777892791642212,0.0121136931702494,0.1863937377929687,0.0,0.9777892791642212,0.0160704948939383,0.2717876434326172,0.0,OK,0.9786,3.944000000000007e-05,1.5106853782199323,0.1043615341186523,0.0,0.0008107208357787,0.9777,1.2610000000000022e-05,6.421107793808915,0.2893095016479492,0.0,8.927916422130089e-05
bn_n20_w6_uncertain_moderate.bif,20,6,uncertain_moderate,0.25,0.4,X0,1,1,4,16,0.1246696730036506,0.3571591303918021,0.0167519771493971,0.3154668807983398,0.0,0.3571591303918021,0.0149345640093088,0.3160896301269531,0.0,OK,0.3550999999999999,0.0001572899999999,2.13615727329161,0.1412801742553711,0.0,0.0020591303918021,0.3533,0.0002722099999999,9.124693738808856,0.4324522018432617,0.0,0.003859130391802
bn_n20_w6_uncertain_moderate.bif,20,6,uncertain_moderate,0.25,0.5,X0,1,1,4,16,0.0206066608298988,0.5159854290501236,0.0162118030712008,0.3236227035522461,0.0,0.5159854290501236,0.0219110129401087,0.3237752914428711,0.0,OK,0.5166000000000002,0.00011804,2.467189925722778,0.1574316024780273,0.0,0.0006145709498766,0.5075000000000001,0.00014505,10.508987416978924,0.4857435226440429,0.0,0.0084854290501235
bn_n20_w6_uncertain_moderate.bif,20,6,uncertain_moderate,0.25,0.6,X0,1,3,2,4,0.0984413733713204,0.6130897397359247,0.0150718709919601,0.2535591125488281,0.0,0.6130897397359245,0.0212585530243814,0.2879352569580078,0.0,OK,0.6123,0.00014141,1.0833683846052735,0.0890645980834961,0.0,0.0007897397359247,0.6113000000000001,0.00026981,4.632653283677064,0.2163419723510742,0.0,0.0017897397359246
bn_n20_w6_uncertain_moderate.bif,20,6,uncertain_moderate,0.25,0.7,X0,1,1,4,16,0.0728824932892636,0.6796563709011948,0.0188213500659912,0.3200445175170898,0.0,0.6796563709011947,0.0218792050145566,0.3206672668457031,0.0,OK,0.6883,0.0003666099999999,1.8520321373594928,0.1240758895874023,0.0,0.0086436290988052,0.6749,0.0002300899999999,7.879962619510479,0.3584470748901367,0.0,0.0047563709011947
bn_n20_w6_uncertain_moderate.bif,20,6,uncertain_moderate,0.25,0.8,X0,1,1,4,16,0.1487927229646333,0.8221316729722603,0.0181918980088084,0.3159704208374023,0.0,0.8221316729722605,0.021339510101825,0.3161230087280273,0.0,OK,0.8143999999999998,0.0001548399999999,2.2430277310777456,0.1459569931030273,0.0,0.0077316729722605,0.8216000000000001,0.0002270399999999,9.592840464645995,0.4363355636596679,0.0,0.0005316729722601
bn_n20_w6_uncertain_moderate.bif,20,6,uncertain_moderate,0.25,0.9,X0,1,1,4,16,0.1249516263410662,0.8792369336067618,0.0186294219456613,0.3167486190795898,0.0,0.8792369336067619,0.0211135980207473,0.3173713684082031,0.0,OK,0.8799999999999999,7.820000000000014e-05,1.8047309138113632,0.1129140853881836,0.0,0.000763066393238,0.8845000000000001,9.165000000000015e-05,7.633957063476555,0.3488340377807617,0.0,0.0052630663932382
bn_n20_w6_uncertain_moderate.bif,20,6,uncertain_moderate,0.25,1.0,X0,1,1,4,16,0.1199236314944247,0.9812880390923832,0.018583214841783,0.3197546005249023,0.0,0.9812880390923828,0.0218530630227178,0.3199071884155273,0.0,OK,0.9824,9.840000000000018e-06,2.2050592116545884,0.137643814086914,0.0,0.0011119609076166,0.9807,8.610000000000014e-06,9.427230231277644,0.4303617477416992,0.0,0.0005880390923832
bn_n20_w6_uncertain_moderate.bif,20,6,uncertain_moderate,0.5,0.4,X0,1,1,9,512,0.0807591197914958,0.4277218497007248,0.0168279439676553,0.2675437927246094,0.0,0.4277218497007248,0.0632018889300525,0.2782936096191406,0.0,OK,0.4269999999999999,0.0001678,1.6860641669947654,0.1183919906616211,0.0,0.0007218497007249,0.4325,0.00018365,7.194006438972428,0.3287305831909179,0.0,0.0047781502992751
bn_n20_w6_uncertain_moderate.bif,20,6,uncertain_moderate,0.5,0.5,X0,1,1,9,512,0.0722290359260412,0.5267764076388775,0.0183517020195722,0.2753133773803711,0.0,0.5267764076388775,0.041175551014021,0.2917146682739258,0.0,OK,0.5187999999999999,0.00012196,1.5391458976780996,0.1154317855834961,0.0,0.0079764076388775,0.5280000000000001,0.0001694,6.497170445276424,0.2956037521362304,0.0,0.0012235923611226
bn_n20_w6_uncertain_moderate.bif,20,6,uncertain_moderate,0.5,0.6,X0,1,1,9,512,0.1645295073183152,0.6283957845997038,0.0162637680768966,0.2341346740722656,0.0,0.6283957845997038,0.0524890769738704,0.2779731750488281,0.0,OK,0.6295,0.00016845,1.6008191040717066,0.1164770126342773,0.0,0.0011042154002961,0.6268000000000001,0.00015116,6.79948905671481,0.3154096603393554,0.0,0.0015957845997036
bn_n20_w6_uncertain_moderate.bif,20,6,uncertain_moderate,0.5,0.7,X0,1,1,9,512,0.0237563996714154,0.746175032229274,0.0199541479814797,0.3233222961425781,0.0,0.7461750322292738,0.0655530118383467,0.3234748840332031,0.0,OK,0.7432000000000001,2.6560000000000044e-05,2.123753929999657,0.1487646102905273,0.0,0.0029750322292738,0.7573000000000001,0.00015001,9.049400751013309,0.3885746002197265,0.0,0.0111249677707261
bn_n20_w6_uncertain_moderate.bif,20,6,uncertain_moderate,0.5,0.8,X0,1,1,9,512,0.0834988327761221,0.7852621858726886,0.0205482409801334,0.3236608505249023,0.0,0.7852621858726886,0.0509352390654385,0.3242835998535156,0.0,OK,0.7888,0.00012356,1.960464747762308,0.1336736679077148,0.0,0.0035378141273113,0.7816,7.284000000000012e-05,8.346258524712175,0.3795423507690429,0.0,0.0036621858726886
bn_n20_w6_uncertain_moderate.bif,20,6,uncertain_moderate,0.5,0.9,X0,1,1,9,512,0.0670592789450628,0.8563680709697873,0.0163617487996816,0.2632436752319336,0.0,0.8563680709697874,0.066828778013587,0.2719497680664062,0.0,OK,0.8595,0.00017185,1.3650205901358277,0.1094961166381836,0.0,0.0031319290302127,0.8568999999999999,0.00019529,5.7910880978917705,0.2587537765502929,0.0,0.0005319290302125
bn_n20_w6_uncertain_moderate.bif,20,6,uncertain_moderate,0.5,1.0,X0,1,1,9,512,0.1234963313795779,1.0,0.0190628150012344,0.3156242370605469,0.0,1.0,0.0201069100294262,0.3157768249511719,0.0,OK,1.0,0.0,1.9712931534275413,0.1248693466186523,0.0,0.0,1.0,0.0,8.358291039778852,0.3900556564331054,0.0,0.0
bn_n20_w6_uncertain_strong.bif,20,6,uncertain_strong,0.25,0.4,X12,1,1,4,16,0.0237363935979268,0.4068623837282972,0.0178724210709333,0.2939367294311523,0.0,0.4068623837282974,0.0211519319564104,0.2934989929199219,0.0,OK,0.4043,0.0001664099999999,2.403420024970546,0.1541128158569336,0.0,0.0025623837282972,0.4018,0.0002015599999999,10.175942501821556,0.4620695114135742,0.0,0.0050623837282971
bn_n20_w6_uncertain_strong.bif,20,6,uncertain_strong,0.25,0.5,X12,1,1,4,16,0.013515300324658,0.4934273931917179,0.0190599660854786,0.3265981674194336,0.0,0.4934273931917179,0.0223526931367814,0.3272209167480469,0.0,OK,0.4935,0.00015785,2.9340399489738047,0.1785802841186523,0.0,7.26068082821385e-05,0.491,0.0003032,12.449677338614128,0.5280790328979492,0.0,0.0024273931917179
bn_n20_w6_uncertain_strong.bif,20,6,uncertain_strong,0.25,0.6,X12,1,2,3,8,0.0064332075280362,0.6239035746921203,0.0166401709429919,0.2858161926269531,0.0,0.6239035746921202,0.0212634801864624,0.2947511672973633,0.0,OK,0.627,0.0001262,1.3126406479859725,0.1050634384155273,0.0,0.0030964253078796,0.625,0.0002786,5.580972921662033,0.2543516159057617,0.0,0.0010964253078796
bn_n20_w6_uncertain_strong.bif,20,6,uncertain_strong,0.25,0.7,X12,1,1,4,16,0.0234121816600567,0.7320848997140278,0.01874979888089,0.3179922103881836,0.0,0.7320848997140277,0.0220954841934144,0.3181447982788086,0.0,OK,0.735,9.040000000000016e-05,2.162822591001168,0.1426229476928711,0.0,0.0029151002859721,0.729,9.92000000000002e-05,9.1428064214997,0.4041242599487304,0.0,0.0030848997140278
bn_n20_w6_uncertain_strong.bif,20,6,uncertain_strong,0.25,0.8,X12,1,2,3,8,0.081405721737251,0.8354392649490248,0.0178441358730196,0.2952880859375,0.0,0.8354392649490249,0.0177249719854444,0.3319787979125976,0.0,OK,0.8297000000000001,0.00011341,1.801393016683869,0.12628173828125,0.0,0.0057392649490246,0.8320000000000001,0.0001162,7.51711964327842,0.3342018127441406,0.0,0.0034392649490246
bn_n20_w6_uncertain_strong.bif,20,6,uncertain_strong,0.25,0.9,X12,1,2,3,8,0.0415884742106793,0.9456452413654748,0.0181782359723001,0.2950592041015625,0.0,0.9456452413654748,0.0216385419480502,0.3028411865234375,0.0,OK,0.9411,4.388999999999956e-05,2.24177492831368,0.1514129638671875,0.0,0.0045452413654748,0.942,4.159999999999965e-05,9.463577612373047,0.4134244918823242,0.0,0.0036452413654748
bn_n20_w6_uncertain_strong.bif,20,6,uncertain_strong,0.25,1.0,X12,1,2,3,8,0.1052284558734747,1.0,0.0147507649380713,0.2410507202148437,0.0,1.0,0.0182294389232993,0.241673469543457,0.0,OK,1.0,0.0,1.5387291429098695,0.1127166748046875,0.0,0.0,1.0,0.0,6.358598648593761,0.2511329650878906,0.0,0.0
bn_n20_w6_uncertain_strong.bif,20,6,uncertain_strong,0.5,0.4,X12,1,1,9,512,0.0103929668345742,0.4425555648528334,0.0190791671629995,0.3051271438598633,0.0,0.4425555648528334,0.059061347041279,0.3052797317504883,0.0,OK,0.4436999999999999,0.00018261,1.9831914961803705,0.1225814819335937,0.0,0.0011444351471665,0.4450999999999999,4.8490000000000086e-05,8.332510266220197,0.3627738952636719,0.0,0.0025444351471665
bn_n20_w6_uncertain_strong.bif,20,6,uncertain_strong,0.5,0.5,X12,1,1,9,512,0.0184213112445732,0.4947217469096239,0.0189025979489088,0.330357551574707,0.0,0.4947217469096239,0.0559425698593258,0.3300399780273437,0.0,OK,0.4946999999999999,0.00018061,1.8325973794562744,0.1250991821289062,0.0,2.1746909623976407e-05,0.4968,0.00022416,7.719323370186612,0.3625221252441406,0.0,0.0020782530903761
bn_n20_w6_uncertain_strong.bif,20,6,uncertain_strong,0.5,0.6,X12,1,1,9,512,0.0292646084374372,0.6256531952359348,0.0160924801602959,0.2402963638305664,0.0,0.6256531952359348,0.0571099249646067,0.2721548080444336,0.0,OK,0.6205,0.00020525,1.4970403271727264,0.1094284057617187,0.0,0.0051531952359347,0.6266,0.00020884,6.252318433322944,0.2968082427978515,0.0,0.0009468047640652
bn_n20_w6_uncertain_strong.bif,20,6,uncertain_strong,0.5,0.7,X12,1,3,7,128,0.0412474402288979,0.7258614881320977,0.0142111959867179,0.2530174255371094,0.0,0.7258614881320976,0.0289183759596198,0.2981252670288086,0.0,OK,0.7277,8.101000000000015e-05,1.5086676584323868,0.10150146484375,0.0,0.0018385118679022,0.7251,0.00024849,6.255889856559224,0.2803916931152344,0.0,0.0007614881320977
bn_n20_w6_uncertain_strong.bif,20,6,uncertain_strong,0.5,0.8,X12,1,1,9,512,0.0589209534497525,0.7531584999039871,0.0191276050172746,0.3067522048950195,0.0,0.7531584999039871,0.06189761380665,0.3064804077148437,0.0,OK,0.7565999999999999,3.6440000000000064e-05,1.886563031491824,0.12884521484375,0.0,0.0034415000960128,0.7539,0.00022329,7.910298064211384,0.3391227722167969,0.0,0.0007415000960129
bn_n20_w6_uncertain_strong.bif,20,6,uncertain_strong,0.5,0.9,X12,1,1,9,512,0.0601415415465832,0.8597531893235751,0.0191606369335204,0.2838411331176758,0.0,0.8597531893235751,0.051722798962146,0.2838716506958008,0.0,OK,0.8593999999999999,6.244000000000011e-05,1.6131662977160883,0.11273193359375,0.0,0.0003531893235751,0.8641,0.00012189,6.793598484108225,0.2998466491699219,0.0,0.0043468106764248
bn_n20_w6_uncertain_strong.bif,20,6,uncertain_strong,0.5,1.0,X12,1,2,6,64,0.0125221135138118,1.0,0.0160516479518264,0.249760627746582,0.0,1.0,0.0118184380698949,0.2773256301879883,0.0,OK,1.0,0.0,1.38711813907139,0.1041412353515625,0.0,0.0,1.0,0.0,5.778287315205671,0.2536277770996094,0.0,0.0
bn_n20_w6_uniform.bif,20,6,uniform,0.25,0.4,X4,1,2,3,8,0.091126859744036,0.3858144259652889,0.0160938180051744,0.2667236328125,0.0,0.3858144259652888,0.0115573890507221,0.3148164749145508,0.0,OK,0.3943,0.0003430099999999,1.4941580708604305,0.1093292236328125,0.0,0.008485574034711,0.3793,0.00020501,6.248111908999272,0.2812156677246094,0.0,0.0065144259652888
bn_n20_w6_uniform.bif,20,6,uniform,0.25,0.5,X4,1,2,2,4,0.0230186260342897,0.4686641540597395,0.0164356681052595,0.2825851440429687,0.0,0.4686641540597396,0.0211430999916046,0.2861537933349609,0.0,OK,0.4709,0.0002010899999999,1.4683754072291777,0.1094970703125,0.0,0.0022358459402604,0.4715,0.0002038499999999,5.990033906861209,0.2628440856933594,0.0,0.0028358459402604
bn_n20_w6_uniform.bif,20,6,uniform,0.25,0.6,X4,1,4,1,2,0.0449018060465721,0.6349374301597567,0.0087546969298273,0.2541351318359375,0.0,0.6349374301597566,0.0233887899667024,0.2848577499389648,0.0,OK,0.6389,0.00017449,1.2206451924983412,0.091827392578125,0.0,0.0039625698402433,0.6302000000000001,0.00038736,5.040747935138643,0.2292518615722656,0.0,0.0047374301597565
bn_n20_w6_uniform.bif,20,6,uniform,0.25,0.7,X4,1,2,3,8,0.1065132760036929,0.6721304066535138,0.0180253770668059,0.2924575805664062,0.0,0.6721304066535134,0.0222547149751335,0.291656494140625,0.0,OK,0.669,9.840000000000018e-05,2.356354869413189,0.1492919921875,0.0,0.0031304066535137,0.6771,4.928999999999985e-05,9.83739969143644,0.4311637878417969,0.0,0.0049695933464862
bn_n20_w6_uniform.bif,20,6,uniform,0.25,0.8,X4,1,2,3,8,0.0390553542909426,0.8071762759753585,0.0172685359138995,0.2899169921875,0.0,0.8071762759753579,0.0223614310380071,0.3244333267211914,0.0,OK,0.8130000000000001,0.0001689999999999,1.4349799433955923,0.1042327880859375,0.0,0.0058237240246415,0.8035,0.0001396499999999,6.02620546228718,0.2764701843261719,0.0,0.0036762759753584
bn_n20_w6_uniform.bif,20,6,uniform,0.25,0.9,X4,1,1,4,16,0.4056748753412271,0.9425177590670492,0.0177629159297794,0.3140182495117187,0.0,0.9425177590670488,0.0220921209547668,0.3138809204101562,0.0,OK,0.943,3.539999999999969e-05,2.363469088380225,0.14959716796875,0.0,0.0004822409329507,0.9423,5.480999999999947e-05,9.934429148491471,0.4438133239746094,0.0,0.0002177590670491
bn_n20_w6_uniform.bif,20,6,uniform,0.25,1.0,X4,1,2,3,8,0.4257802633246523,0.9980986525139272,0.0156617038883268,0.2683382034301758,0.0,0.9980986525139268,0.0215933870058506,0.2873163223266601,0.0,OK,0.9984,1.640000000000003e-06,1.3103661695960909,0.0974807739257812,0.0,0.0003013474860726,0.9976,8.400000000000015e-07,5.504192926967517,0.2353172302246093,0.0,0.0004986525139272
bn_n20_w6_uniform.bif,20,6,uniform,0.5,0.4,X4,1,1,9,512,0.0628090492688704,0.4069016510656627,0.0177885219454765,0.279210090637207,0.0,0.4069016510656626,0.0495286302175372,0.2789382934570312,0.0,OK,0.4086,0.0001366399999999,1.5091142502613366,0.1133041381835937,0.0,0.0016983489343372,0.4117999999999999,0.0002801599999999,6.3803961233468725,0.2923164367675781,0.0,0.0048983489343372
bn_n20_w6_uniform.bif,20,6,uniform,0.5,0.5,X4,1,2,8,256,0.0986353708016006,0.4602905490361798,0.0163676429074257,0.2598695755004883,0.0,0.4602905490361799,0.0433587250299751,0.3178024291992187,0.0,OK,0.4676,0.0003834399999999,1.6002053211443126,0.1059494018554687,0.0,0.0073094509638202,0.4583,0.0003364099999999,6.815642074751668,0.3038291931152344,0.0,0.0019905490361797
bn_n20_w6_uniform.bif,20,6,uniform,0.5,0.6,X4,1,1,9,512,0.0706982043523988,0.6052108643281634,0.0160851839464157,0.2919206619262695,0.0,0.6052108643281634,0.062170818913728,0.2916030883789062,0.0,OK,0.603,7.160000000000013e-05,1.945287832734175,0.1255569458007812,0.0,0.0022108643281634,0.6039,0.00029549,8.24737613410689,0.3719978332519531,0.0,0.0013108643281634
bn_n20_w6_uniform.bif,20,6,uniform,0.5,0.7,X4,1,2,8,256,0.152817331024606,0.7428768611573279,0.0182376271113753,0.2898025512695312,0.0,0.7428768611573279,0.0303867121692746,0.289306640625,0.0,OK,0.7405,0.00010525,1.7110788341844454,0.1248016357421875,0.0,0.0023768611573278,0.7453999999999998,0.00024364,7.253026015986689,0.3281898498535156,0.0,0.0025231388426719
bn_n20_w6_uniform.bif,20,6,uniform,0.5,0.8,X4,1,1,9,512,0.0030566071482341,0.829719767532341,0.0173492389731109,0.282017707824707,0.0,0.829719767532341,0.0625283429399132,0.2881135940551758,0.0,OK,0.8268000000000001,0.0001443599999999,1.6918157054344192,0.124237060546875,0.0,0.0029197675323409,0.8301000000000001,0.0001550899999999,7.150620996113867,0.3418922424316406,0.0,0.000380232467659
bn_n20_w6_uniform.bif,20,6,uniform,0.5,0.9,X4,1,1,9,512,0.262275200027778,0.9457716835583336,0.0173711900133639,0.2782869338989258,0.0,0.9457716835583336,0.0607534209266305,0.2784395217895508,0.0,OK,0.9486,6.063999999999968e-05,1.648851195233874,0.1111907958984375,0.0,0.0028283164416662,0.9465,4.704999999999987e-05,6.825969665497541,0.3131904602050781,0.0,0.0007283164416663
bn_n20_w6_uniform.bif,20,6,uniform,0.5,1.0,X4,1,1,9,512,0.4390229997619986,0.9912054543083152,0.0174454271327704,0.2783174514770508,0.0,0.9912054543083152,0.0536148981191217,0.2779998779296875,0.0,OK,0.9919,1.129000000000002e-05,1.5075573903974149,0.1083908081054687,0.0,0.0006945456916847,0.9915,4.250000000000007e-06,6.349122966313734,0.2856483459472656,0.0,0.0002945456916847
bn_n50_w2_concentrated_bias_high.bif,50,2,concentrated_bias_high,0.25,0.4,X1,1,10,2,4,0.0881213484414072,0.43419433300967,0.0262268621008843,0.436345100402832,0.0,0.4341943330096699,0.0628561479970812,1.2053117752075195,0.0,OK,0.4285,0.00026925,1.0803245339542626,0.1074638366699218,0.0,0.0056943330096699,0.4267999999999999,0.00035836,4.379752318817191,0.2260818481445312,0.0,0.00739433300967
bn_n50_w2_concentrated_bias_high.bif,50,2,concentrated_bias_high,0.25,0.5,X1,1,7,4,16,0.0774732919446909,0.5122786507885438,0.0255012039560824,0.4361848831176758,0.0,0.5122786507885442,0.0344204090069979,0.9915361404418944,0.0,OK,0.5136999999999999,0.00017781,1.0635696187848225,0.1089210510253906,0.0,0.001421349211456,0.514,0.0001382,4.315142162027769,0.2239456176757812,0.0,0.0017213492114561
bn_n50_w2_concentrated_bias_high.bif,50,2,concentrated_bias_high,0.25,0.6,X1,1,9,2,4,0.1623118215404786,0.5692584286876758,0.0167571969795972,0.4347076416015625,0.0,0.5692584286876756,0.0588936209678649,1.1746978759765625,0.0,OK,0.5687,0.0002028099999999,0.980088050221093,0.0992012023925781,0.0,0.0005584286876758,0.5647,0.0002238099999999,3.978704059496522,0.2074432373046875,0.0,0.0045584286876758
bn_n50_w2_concentrated_bias_high.bif,50,2,concentrated_bias_high,0.25,0.7,X1,1,7,4,16,0.1936834356538271,0.6705085986567436,0.0258060719352215,0.4336137771606445,0.0,0.6705085986567436,0.0532225260976702,0.998676300048828,0.0,OK,0.663,0.0002082,1.1041823396226391,0.1087684631347656,0.0,0.0075085986567435,0.674,0.0003929999999999,4.584752663946711,0.2293319702148437,0.0,0.0034914013432564
bn_n50_w2_concentrated_bias_high.bif,50,2,concentrated_bias_high,0.25,0.8,X1,1,9,3,8,0.3088831755016868,0.7597003920029718,0.0254418130498379,0.4240922927856445,0.0,0.759700392002972,0.0397705410141497,1.1416234970092771,0.0,OK,0.7611,0.00023429,0.9865780961466952,0.1052360534667968,0.0,0.0013996079970282,0.7555000000000001,0.00016385,4.02303107609041,0.2057266235351562,0.0,0.0042003920029717
bn_n50_w2_concentrated_bias_high.bif,50,2,concentrated_bias_high,0.25,0.9,X1,1,5,4,16,0.3856183059504383,0.8649791058911753,0.0263572048861533,0.4369888305664062,0.0,0.8649791058911754,0.0564321458805352,0.8419532775878906,0.0,OK,0.8631,7.829000000000015e-05,1.0364395892014726,0.1073875427246093,0.0,0.0018791058911753,0.8592000000000001,6.876000000000012e-05,4.191498400573619,0.2221755981445312,0.0,0.0057791058911752
bn_n50_w2_concentrated_bias_high.bif,50,2,concentrated_bias_high,0.25,1.0,X1,1,6,4,16,0.4851771636467202,1.0,0.0248225999530404,0.413543701171875,0.0,1.0,0.0465945149771869,0.8888311386108398,0.0,OK,1.0,0.0,1.121960003604181,0.1096534729003906,0.0,1.1102230246251563e-16,1.0,0.0,4.52465031791944,0.2373580932617187,0.0,1.1102230246251563e-16
bn_n50_w2_concentrated_bias_high.bif,50,2,concentrated_bias_high,0.5,0.4,X1,1,11,14,16384,0.0276367894881772,0.3585525527791507,0.0240316179115325,2.4732589721679688,0.0,0.3585525527791507,0.0625857468694448,1.0391883850097656,0.0,OK,0.3512,7.055999999999981e-05,0.9480185158317908,0.1041603088378906,0.0,0.0073525527791507,0.3635,0.00011305,3.86242190389894,0.2036590576171875,0.0,0.0049474472208492
bn_n50_w2_concentrated_bias_high.bif,50,2,concentrated_bias_high,0.5,0.5,X1,1,9,8,256,0.1408710562409791,0.5405102136107489,0.0239905312191694,0.3302459716796875,0.0,0.5405102136107491,0.0588915611151605,0.8588628768920898,0.0,OK,0.5517000000000001,0.0002168099999999,1.0185828826157377,0.1102409362792968,0.0,0.0111897863892511,0.5394,0.0002626399999999,4.156807896750979,0.2232284545898437,0.0,0.0011102136107489
bn_n50_w2_concentrated_bias_high.bif,50,2,concentrated_bias_high,0.5,0.6,X1,1,9,12,4096,0.1724244250151818,0.590449170366869,0.0247405860573053,0.795806884765625,0.0,0.5904491703668688,0.0604223918635398,0.8466863632202148,0.0,OK,0.5885,0.0002298499999999,1.0348321821074933,0.1075706481933593,0.0,0.0019491703668689,0.5978,0.00057296,4.163570580212399,0.2168045043945312,0.0,0.007350829633131
bn_n50_w2_concentrated_bias_high.bif,50,2,concentrated_bias_high,0.5,0.7,X1,1,11,6,64,0.269535596911881,0.7170235670425615,0.0243408870883286,0.3578338623046875,0.0,0.7170235670425616,0.0784212099388241,0.9822883605957032,0.0,OK,0.7172999999999999,0.00016161,0.999991213856265,0.1058464050292968,0.0,0.0002764329574383,0.7133999999999999,0.00015704,4.010408052173443,0.2098007202148437,0.0,0.0036235670425616
bn_n50_w2_concentrated_bias_high.bif,50,2,concentrated_bias_high,0.5,0.8,X1,1,12,9,512,0.3040314594540757,0.7755862616229354,0.0227174188476055,0.351719856262207,0.0,0.7755862616229358,0.0579732218757271,1.0114946365356443,0.0,OK,0.7695000000000001,6.005000000000011e-05,0.9866414146032184,0.1057395935058593,0.0,0.0060862616229353,0.7805,0.00010845,3.857400632603094,0.2041702270507812,0.0,0.0049137383770645
bn_n50_w2_concentrated_bias_high.bif,50,2,concentrated_bias_high,0.5,0.9,X1,1,5,15,32768,0.3601816302607259,0.9071596917008972,0.0264825788326561,4.72491455078125,0.0,0.9071596917008972,0.0430277159903198,0.6275730133056641,0.0,OK,0.9046,7.864000000000014e-05,1.0852710394188765,0.1095695495605468,0.0,0.0025596917008972,0.9053,7.721000000000014e-05,4.2681891155662015,0.2333755493164062,0.0,0.0018596917008973
bn_n50_w2_concentrated_bias_high.bif,50,2,concentrated_bias_high,0.5,1.0,X1,1,8,10,1024,0.4692853684099601,0.994751709524003,0.0258796568959951,0.4089126586914062,0.0,0.9947517095266224,0.5950623380485922,0.7734689712524414,0.0,OK,0.9954,2.840000000000005e-06,1.0527049837866798,0.1110420227050781,0.0,0.000648290475997,0.9946,5.240000000000009e-06,4.206572599033825,0.2162322998046875,0.0,0.0001517095240031
bn_n50_w2_concentrated_bias_low.bif,50,2,concentrated_bias_low,0.25,0.4,X11,1,9,2,4,0.0364678774595376,0.4192979577061554,0.0234451091382652,0.3975601196289062,0.0,0.4192979577061555,0.0581363239325583,1.1657438278198242,0.0,OK,0.4246,0.00022284,0.8957192315021529,0.0997734069824218,0.0,0.0053020422938446,0.4155,0.0002536499999999,3.639822185249068,0.1889266967773437,0.0,0.0037979577061553
bn_n50_w2_concentrated_bias_low.bif,50,2,concentrated_bias_low,0.25,0.5,X11,1,8,3,8,0.0364678774595376,0.5041307480409238,0.0244076098315417,0.4115066528320312,0.0,0.5041307480409241,0.0546345231123268,1.0187692642211914,0.0,OK,0.501,0.0002438,1.0322006976231932,0.1079826354980468,0.0,0.0031307480409238,0.5079,0.00022649,4.287245262903161,0.2230987548828125,0.0,0.0037692519590761
bn_n50_w2_concentrated_bias_low.bif,50,2,concentrated_bias_low,0.25,0.7,X11,1,8,4,16,0.0425409971363306,0.7178383150936598,0.0274043139070272,0.4692764282226562,0.0,0.7178383150936594,0.0612793010659515,1.086531639099121,0.0,OK,0.7116,0.00017564,1.0214028681162746,0.1044883728027343,0.0,0.0062383150936597,0.7176999999999999,0.00019381,4.214795368700289,0.2124710083007812,0.0,0.0001383150936599
bn_n50_w2_concentrated_bias_low.bif,50,2,concentrated_bias_low,0.25,0.8,X11,1,6,4,16,0.0884827048868197,0.8064228101238526,0.0248960079625248,0.4038314819335937,0.0,0.8064228101238525,0.0479357540607452,0.7221469879150391,0.0,OK,0.8045000000000002,0.0001238499999999,1.1057811538688838,0.1087226867675781,0.0,0.0019228101238524,0.8049,0.0001508899999999,4.605886094481685,0.2369003295898437,0.0,0.0015228101238526
bn_n50_w2_concentrated_bias_low.bif,50,2,concentrated_bias_low,0.25,0.9,X11,1,7,4,16,0.1894810527069385,0.9457767281551231,0.0137831519823521,0.4002456665039062,0.0,0.945776728155124,0.0502217190805822,0.9459867477416992,0.0,OK,0.944,6.0599999999999616e-05,1.0066451913211494,0.1029014587402343,0.0,0.0017767281551233,0.9431,2.1289999999999723e-05,4.192743984702974,0.2167510986328125,0.0,0.0026767281551233
bn_n50_w2_concentrated_bias_low.bif,50,2,concentrated_bias_low,0.25,1.0,X11,1,9,3,8,0.1099654120841088,0.9793241688886456,0.0255700480192899,0.422821044921875,0.0,0.9793241688886456,0.0579928499646484,1.145040512084961,0.0,OK,0.979,2.800000000000005e-05,0.9556876327143982,0.1036796569824218,0.0,0.0003241688886457,0.979,2.300000000000004e-05,3.954878754890524,0.2106246948242187,0.0,0.0003241688886457
bn_n50_w2_concentrated_bias_low.bif,50,2,concentrated_bias_low,0.5,0.4,X11,1,9,6,64,0.0364678774595376,0.4192979577061554,0.0211585001088678,0.2945404052734375,0.0,0.4192979577061553,0.0527160968631506,0.8187494277954102,0.0,OK,0.4239,0.00012949,1.0242543162079527,0.1112785339355468,0.0,0.0046020422938445,0.4167999999999999,0.0002377599999999,4.144500118703581,0.2163314819335937,0.0,0.0024979577061554
bn_n50_w2_concentrated_bias_low.bif,50,2,concentrated_bias_low,0.5,0.5,X11,1,6,8,256,0.0425261799550819,0.4688938729172017,0.0201184649486094,0.2966156005859375,0.0,0.4688938729172019,0.0618323099333792,0.6282339096069336,0.0,OK,0.4686,0.0002676399999999,1.0371081765042618,0.1076622009277343,0.0,0.0002938729172016,0.4768,0.0001707599999999,4.235997945000418,0.21923828125,0.0,0.0079061270827983
bn_n50_w2_concentrated_bias_low.bif,50,2,concentrated_bias_low,0.5,0.7,X11,1,12,5,32,0.0274496445624745,0.7183617985889503,0.0176350881811231,0.3028459548950195,0.0,0.7183617985889503,0.0495620418805629,0.9960145950317384,0.0,OK,0.7192,0.00014416,0.9285149393137544,0.1061668395996093,0.0,0.0008382014110496,0.7116,8.404000000000015e-05,3.772606061003171,0.2063140869140625,0.0,0.0067617985889503
bn_n50_w2_concentrated_bias_low.bif,50,2,concentrated_bias_low,0.5,0.8,X11,1,10,13,8192,0.0349933891802137,0.8080539012617425,0.0228906620759516,1.3553085327148438,0.0,0.808053901261742,0.0596283709164708,0.8938322067260742,0.0,OK,0.8112999999999999,0.0001268099999999,0.9799143835669384,0.1083717346191406,0.0,0.0032460987382574,0.8107,7.240999999999932e-05,4.075730108260177,0.2163009643554687,0.0,0.0026460987382574
bn_n50_w2_concentrated_bias_low.bif,50,2,concentrated_bias_low,0.5,0.9,X11,1,7,9,512,0.1134666316373509,0.936492347879922,0.0232466219458729,0.3179702758789062,0.0,0.936492347879922,0.0503767679911106,0.7013177871704102,0.0,OK,0.9393999999999998,4.963999999999941e-05,1.0772299737436697,0.1089515686035156,0.0,0.0029076521200777,0.9349,5.828999999999947e-05,4.374808264803141,0.2337265014648437,0.0,0.001592347879922
bn_n50_w2_concentrated_bias_low.bif,50,2,concentrated_bias_low,0.5,1.0,X11,1,13,4,16,0.0364678774595376,0.9537498721250044,0.0216518230736255,0.3069686889648437,0.0,0.9537498721250044,0.0672696679830551,1.039576530456543,0.0,OK,0.9519,7.429000000000014e-05,0.9733763211872428,0.1068077087402343,0.0,0.0018498721250044,0.9545,6.185000000000011e-05,3.9363231777446335,0.2078170776367187,0.0,0.0007501278749957
bn_n50_w2_rigid_extreme.bif,50,2,rigid_extreme,0.25,0.4,X41,1,8,3,8,0.0401482543666477,0.4433238673303841,0.0248282961547374,0.4062042236328125,0.0,0.4433238673303841,0.0556460979860276,1.0784597396850586,0.0,OK,0.4408,9.176000000000017e-05,1.0066562812076882,0.1032676696777343,0.0,0.002523867330384,0.4512,0.00019456,4.061078649479896,0.213836669921875,0.0,0.0078761326696159
bn_n50_w2_rigid_extreme.bif,50,2,rigid_extreme,0.25,0.6,X41,1,10,2,4,0.0940235001549918,0.5907118505961138,0.026190168922767,0.4345598220825195,0.0,0.5907118505961135,0.0648217641282826,1.2536249160766602,0.0,OK,0.5832999999999999,0.00017061,0.9836930921766908,0.1017341613769531,0.0,0.0074118505961138,0.5858000000000001,0.0001509599999999,4.024327235203236,0.2085113525390625,0.0,0.0049118505961136
bn_n50_w2_rigid_extreme.bif,50,2,rigid_extreme,0.25,0.7,X41,1,7,6,64,0.2393446883756106,0.7363846285455745,0.0248764210846275,0.43255615234375,0.0,0.7363846285690154,0.0646927170455455,1.0064105987548828,0.0,OK,0.6740999999999999,0.03626629,1.0107461421983317,0.1011466979980468,0.0,0.0622846285455745,0.7243,0.00125461,4.172966005420312,0.2136764526367187,0.0,0.0120846285455744
bn_n50_w2_rigid_extreme.bif,50,2,rigid_extreme,0.25,0.8,X41,1,8,3,8,0.3180806056806531,0.8129395439634209,0.0152298850007355,0.4182052612304687,0.0,0.8129395439634209,0.0551721369847655,1.1339845657348633,0.0,OK,0.8097,7.980999999999935e-05,0.8717005007201806,0.0984916687011718,0.0,0.0032395439634209,0.8092,0.0001191599999999,3.6052937031257897,0.1873779296875,0.0,0.0037395439634209
bn_n50_w2_rigid_extreme.bif,50,2,rigid_extreme,0.25,0.9,X41,1,8,4,16,0.1234440679615567,0.870533693697927,0.0263973341789096,0.4663515090942383,0.0,0.8705336936979275,0.0606350898742675,1.1272087097167969,0.0,OK,0.8663000000000001,5.901000000000011e-05,0.9269080704310908,0.1007347106933593,0.0,0.0042336936979269,0.8684999999999998,7.005000000000012e-05,3.80964835640043,0.2052154541015625,0.0,0.0020336936979271
bn_n50_w2_rigid_extreme.bif,50,2,rigid_extreme,0.25,1.0,X41,1,9,2,4,0.4673884855965701,0.9991974876515416,0.0250142111908644,0.4105148315429687,0.0,0.999197487651542,0.0585910589434206,1.1937408447265625,0.0,OK,0.9988,1.160000000000002e-06,0.9089014350902288,0.0996513366699218,0.0,0.0003974876515417,0.9992,5.600000000000011e-07,3.785352096147835,0.2023544311523437,0.0,2.5123484581612843e-06
bn_n50_w2_rigid_extreme.bif,50,2,rigid_extreme,0.5,0.4,X41,1,8,7,128,0.0069112118178622,0.3711985109946401,0.0201041370164603,0.3136825561523437,0.0,0.3711985109946401,0.0316195508930832,0.8420171737670898,0.0,OK,0.3705,0.00020145,0.970075567252934,0.1060066223144531,0.0,0.00069851099464,0.3809,0.00030069,3.975994963594713,0.2388725280761718,0.0,0.0097014890053599
bn_n50_w2_rigid_extreme.bif,50,2,rigid_extreme,0.5,0.5,X41,1,7,11,2048,0.0238708966326454,0.5382007071537911,0.0250920010730624,0.5070571899414062,0.0,0.5382007083264221,1.0681897229515016,0.7942276000976562,0.0,OK,0.5498999999999999,0.0021754899999999,0.9396435074973852,0.1067848205566406,0.0,0.0116992928462088,0.5201,0.00050729,3.862601898889989,0.2023239135742187,0.0,0.018100707153791
bn_n50_w2_rigid_extreme.bif,50,2,rigid_extreme,0.5,0.6,X41,1,9,8,256,0.0306750942564362,0.6327092046492557,0.0247200150042772,0.3676071166992187,0.0,0.6327092047772577,0.4041453460231423,0.8684625625610352,0.0,OK,0.6353000000000001,0.00018401,0.9607102174311876,0.1089286804199218,0.0,0.0025907953507443,0.6336,0.00018144,3.92042965888977,0.2120437622070312,0.0,0.0008907953507443
bn_n50_w2_rigid_extreme.bif,50,2,rigid_extreme,0.5,0.7,X41,1,4,10,1024,0.280739865495737,0.7224234042314626,0.0247215509880334,0.3826446533203125,0.0,0.7224234044008861,0.0694418579805642,0.6123771667480469,0.0,OK,0.6929,0.05252709,1.050437724357471,0.1116218566894531,0.0,0.0295234042314626,0.7305999999999999,0.00909724,4.320719394879416,0.2436103820800781,0.0,0.0081765957685373
bn_n50_w2_rigid_extreme.bif,50,2,rigid_extreme,0.5,0.8,X41,1,5,19,524288,0.2847270061035915,0.7922477563283261,0.1156541451346129,72.23942565917969,115.4375,0.7922477856425494,165.56781348516233,0.658177375793457,0.0,OK,0.7905,0.0001716499999999,1.0237713357899338,0.1097908020019531,0.0,0.0017477563283261,0.7941,0.0002596899999999,4.170056156418286,0.2322883605957031,0.0,0.0018522436716739
bn_n50_w2_rigid_extreme.bif,50,2,rigid_extreme,0.5,0.9,X41,1,8,12,4096,0.3795365847172195,0.8771699157756038,0.0271783359348773,0.79010009765625,0.0,0.8771699199458656,2.839554648846388,0.8201789855957031,0.0,OK,0.8693,0.00116121,1.0107140952255578,0.1060066223144531,0.0,0.0078699157756038,0.8754,8.444000000000016e-05,4.097715335944668,0.21514892578125,0.0,0.0017699157756038
bn_n50_w2_rigid_extreme.bif,50,2,rigid_extreme,0.5,1.0,X41,1,6,7,128,0.4999911594859609,0.9999925393621362,0.0247571000363677,0.3551759719848633,0.0,0.999992539504661,0.0688704159110784,0.6946449279785156,0.0,OK,0.9992,2.5600000000000043e-06,1.0446084783645346,0.1103630065917968,0.0,0.000792539362136,1.0,0.0,4.337532208976336,0.2213668823242187,0.0,7.460637863831998e-06
bn_n50_w2_rigid_moderate.bif,50,2,rigid_moderate,0.25,0.4,X20,1,8,5,32,0.1052308446342839,0.4453509340787935,0.0260079631116241,0.416290283203125,0.0,0.4453509340787934,0.0563402329571545,0.987156867980957,0.0,OK,0.4469,0.00019969,1.0905212338082493,0.1091423034667968,0.0,0.0015490659212065,0.4359999999999999,0.0003162,4.394555436191149,0.2311553955078125,0.0,0.0093509340787935
bn_n50_w2_rigid_moderate.bif,50,2,rigid_moderate,0.25,0.5,X20,1,7,4,16,0.0319090832579042,0.5416941381768121,0.0261521339416503,0.45458984375,0.0,0.5416941381768122,0.0538557060062885,0.959247589111328,0.0,OK,0.5513,0.0001100099999999,1.022915566386655,0.1042289733886718,0.0,0.0096058618231879,0.5351000000000001,0.00020009,4.2276805999455975,0.2220687866210937,0.0,0.0065941381768119
bn_n50_w2_rigid_moderate.bif,50,2,rigid_moderate,0.25,0.6,X20,1,9,3,8,0.1385129547940684,0.6425157646553895,0.0218852830585092,0.4108505249023437,0.0,0.6425157646553893,0.0614901259541511,1.1132774353027344,0.0,OK,0.6404000000000001,0.00015124,0.9092840460827574,0.1046180725097656,0.0,0.0021157646553894,0.6432000000000001,0.00014796,3.7523551182821393,0.195220947265625,0.0,0.0006842353446105
bn_n50_w2_rigid_moderate.bif,50,2,rigid_moderate,0.25,0.7,X20,1,11,2,4,0.0229185855371626,0.746720863911087,0.0243173658382147,0.4074325561523437,0.0,0.7467208639110873,0.0609253118745982,1.3965120315551758,0.0,OK,0.7466,0.00026744,0.8610483438242227,0.0981101989746093,0.0,0.000120863911087,0.7442,6.996000000000012e-05,3.4584427003283054,0.1785125732421875,0.0,0.002520863911087
bn_n50_w2_rigid_moderate.bif,50,2,rigid_moderate,0.25,0.8,X20,1,8,4,16,0.2886679083895517,0.794243498740941,0.0258777339477092,0.4551544189453125,0.0,0.794243498740941,0.058937800116837,1.0911550521850586,0.0,OK,0.787,0.0005096,0.9043366501340644,0.0989875793457031,0.0,0.0072434987409409,0.7958,0.0003437599999999,3.748873720387928,0.19659423828125,0.0,0.0015565012590589
bn_n50_w2_rigid_moderate.bif,50,2,rigid_moderate,0.25,0.9,X20,1,10,2,4,0.3824099860360251,0.9401625770783636,0.0240133791230618,0.4077606201171875,0.0,0.9401625770783636,0.0607470879331231,1.2855987548828125,0.0,OK,0.9412,5.235999999999976e-05,0.8787110281642526,0.0983085632324218,0.0,0.0010374229216364,0.9395,0.0001010499999999,3.641413856460713,0.1876602172851562,0.0,0.0006625770783635
bn_n50_w2_rigid_moderate.bif,50,2,rigid_moderate,0.25,1.0,X20,1,6,6,64,0.4655284094230001,0.98670581753368,0.025576019892469,0.429509162902832,0.0,0.9867058175336794,0.0504847010597586,0.8367090225219727,0.0,OK,0.9868,6.960000000000012e-06,1.1419274280779064,0.1090812683105468,0.0,9.418246631986982e-05,0.9871,9.890000000000015e-06,4.69418526662048,0.2344970703125,0.0,0.0003941824663197
bn_n50_w2_rigid_moderate.bif,50,2,rigid_moderate,0.5,0.5,X20,1,11,5,32,0.0264233453012084,0.5292579918571825,0.0229292230214923,0.320892333984375,0.0,0.5292579918571821,0.13998070708476,0.942875862121582,0.0,OK,0.5160000000000001,0.0006192,0.9550747687229888,0.1071968078613281,0.0,0.0132579918571823,0.5281,0.00049749,3.886845257575624,0.2051162719726562,0.0,0.0011579918571824
bn_n50_w2_rigid_moderate.bif,50,2,rigid_moderate,0.5,0.6,X20,1,5,20,1048576,0.0861822497370867,0.5523290877888686,0.1922345871571451,144.2297134399414,327.0,0.5523300024591499,157.75821341085248,0.6603145599365234,0.0,OK,0.5539,0.0002164899999999,1.0402040423825385,0.1097526550292968,0.0,0.0015709122111313,0.5477000000000001,0.0002896099999999,4.24653538428247,0.2485466003417968,0.0,0.0046290877888685
bn_n50_w2_rigid_moderate.bif,50,2,rigid_moderate,0.5,0.7,X20,1,12,6,64,0.2165768635249695,0.7225383273653697,0.0229267911054193,0.3514938354492187,0.0,0.7225383273653697,0.081158268963918,0.974595069885254,0.0,OK,0.7263999999999999,0.00032804,0.9781054215040058,0.1075859069824218,0.0,0.0038616726346302,0.7238000000000001,0.00024456,3.9616647340822966,0.20611572265625,0.0,0.0012616726346303
bn_n50_w2_rigid_moderate.bif,50,2,rigid_moderate,0.5,0.8,X20,1,12,6,64,0.250134200901648,0.7513861488512001,0.0211064780596643,0.2917938232421875,0.0,0.7513861488512001,0.0662711781915277,0.9514369964599608,0.0,OK,0.7365,0.00096405,1.016491099097766,0.1099052429199218,0.0,0.0148861488512,0.7586000000000002,0.00040324,4.042096146428958,0.2177505493164062,0.0,0.0072138511488
bn_n50_w2_rigid_moderate.bif,50,2,rigid_moderate,0.5,0.9,X20,1,13,4,16,0.3547035002082325,0.8651465337207149,0.021095025120303,0.3051576614379883,0.0,0.8651465337207148,0.0707244221121072,1.2044429779052734,0.0,OK,0.8696999999999999,0.00015981,0.9383390369592236,0.1091575622558593,0.0,0.0045534662792849,0.8657,0.00010141,3.843102321075276,0.2084503173828125,0.0,0.000553466279285
bn_n50_w2_rigid_moderate.bif,50,2,rigid_moderate,0.5,1.0,X20,1,11,6,64,0.4898287923324622,0.9936187039335714,0.0182889220304787,0.3082170486450195,0.0,0.9936187039335714,0.1099355060141533,0.9069480895996094,0.0,OK,0.9928,3.360000000000006e-06,1.0265541073167697,0.1085166931152343,0.0,0.0008187039335713,0.9936,7.240000000000014e-06,4.161399609898217,0.2124557495117187,0.0,1.870393357139566e-05
bn_n50_w2_spread_bias_high.bif,50,2,spread_bias_high,0.25,0.4,X2,1,10,2,4,0.0568362317721825,0.4467714728491723,0.026298884069547,0.4557266235351562,0.0,0.4467714728491724,0.0668563270010054,1.277338981628418,0.0,OK,0.4444,0.0001582399999999,0.9240470171906054,0.1012535095214843,0.0,0.0023714728491722,0.4473,0.00021401,3.810334497620352,0.2030868530273437,0.0,0.0005285271508276
bn_n50_w2_spread_bias_high.bif,50,2,spread_bias_high,0.25,0.5,X2,1,10,2,4,0.2288495396229138,0.506121761997498,0.0245503240730613,0.40557861328125,0.0,0.5061217619974979,0.0577945169061422,1.2004594802856443,0.0,OK,0.5016,0.00025364,0.952311210660264,0.1000709533691406,0.0,0.0045217619974979,0.5176000000000001,0.00027244,3.8853681322652847,0.1978302001953125,0.0,0.011478238002502
bn_n50_w2_spread_bias_high.bif,50,2,spread_bias_high,0.25,0.6,X2,1,7,4,16,0.0562302141967235,0.6070157340641107,0.0255486918613314,0.4544830322265625,0.0,0.6070157340641109,0.05473352689296,0.958643913269043,0.0,OK,0.6082,0.00018536,0.9268352884799242,0.0969047546386718,0.0,0.0011842659358892,0.614,0.0001996,3.7473699763882906,0.1988906860351562,0.0,0.0069842659358893
bn_n50_w2_spread_bias_high.bif,50,2,spread_bias_high,0.25,0.7,X2,1,7,3,8,0.0812552272884281,0.7233330430580094,0.0242674548644572,0.4339828491210937,0.0,0.7233330430580096,0.0543112689629197,0.9647703170776368,0.0,OK,0.7241,0.00025029,1.0138039756100623,0.1039161682128906,0.0,0.0007669569419905,0.7242999999999999,6.101000000000011e-05,4.142844243394211,0.2152633666992187,0.0,0.0009669569419905
bn_n50_w2_spread_bias_high.bif,50,2,spread_bias_high,0.25,0.8,X2,1,10,2,4,0.2631854351768833,0.8478480145162215,0.0147117860615253,0.4177322387695312,0.0,0.8478480145162217,0.0578148250933736,1.2569866180419922,0.0,OK,0.8398,0.00020756,0.9048660066211596,0.0981712341308593,0.0,0.0080480145162215,0.8493999999999999,7.604000000000013e-05,3.673279599705711,0.194366455078125,0.0,0.0015519854837784
bn_n50_w2_spread_bias_high.bif,50,2,spread_bias_high,0.25,0.9,X2,1,8,3,8,0.4317993399632902,0.9461961513316952,0.0252374070696532,0.4625167846679687,0.0,0.9461961513316955,0.05639040004462,1.0330772399902344,0.0,OK,0.9445,6.54499999999997e-05,0.9911470270715654,0.1076622009277343,0.0,0.0016961513316952,0.9485,2.0650000000000034e-05,4.087913561193273,0.2078399658203125,0.0,0.0023038486683046
bn_n50_w2_spread_bias_high.bif,50,2,spread_bias_high,0.25,1.0,X2,1,7,4,16,0.4963597109597788,1.0,0.0252803799230605,0.41827392578125,0.0,1.0,0.0505088579375296,0.8675985336303711,0.0,OK,1.0,0.0,1.1046568494755775,0.1094322204589843,0.0,0.0,1.0,0.0,4.491336554381997,0.2275009155273437,0.0,0.0
bn_n50_w2_spread_bias_high.bif,50,2,spread_bias_high,0.5,0.4,X2,1,10,10,1024,0.0710891690735651,0.4261294331179594,0.0252551019657403,0.37176513671875,0.0,0.4261294331179596,0.0721239810809493,0.873356819152832,0.0,OK,0.4311,5.22900000000001e-05,1.005004000919871,0.1099433898925781,0.0,0.0049705668820405,0.4276000000000001,0.00053444,4.088514882209711,0.2202377319335937,0.0,0.0014705668820406
bn_n50_w2_spread_bias_high.bif,50,2,spread_bias_high,0.5,0.5,X2,1,11,8,256,0.1457936684834835,0.515834268153941,0.0225153809878975,0.3188018798828125,0.0,0.5158342681539411,0.0564325121231377,0.9217653274536132,0.0,OK,0.5191000000000001,0.00035889,0.9346181759843604,0.1076622009277343,0.0,0.0032657318460591,0.5111,0.00015669,3.760549589712173,0.2051620483398437,0.0,0.0047342681539409
bn_n50_w2_spread_bias_high.bif,50,2,spread_bias_high,0.5,0.6,X2,1,9,13,8192,0.0089396153140288,0.5504726191903043,0.0199863421730697,1.3528213500976562,0.0,0.5504726236312758,1.2134068740997463,0.8098554611206055,0.0,OK,0.5540999999999999,0.0003908899999999,0.9490900427801534,0.1068916320800781,0.0,0.0036273808096956,0.5493,7.621000000000014e-05,3.877433370589279,0.2065048217773437,0.0,0.0011726191903043
bn_n50_w2_spread_bias_high.bif,50,2,spread_bias_high,0.5,0.7,X2,1,9,12,4096,0.133707946132525,0.6651065666196103,0.0199896050617098,0.7843093872070312,0.0,0.6651065674529352,0.8158801230601966,0.7867441177368164,0.0,OK,0.6617,8.301000000000014e-05,1.0010290686041117,0.1106758117675781,0.0,0.0034065666196103,0.6640000000000001,0.0001984,4.062343246559612,0.22052001953125,0.0,0.0011065666196101
bn_n50_w2_spread_bias_high.bif,50,2,spread_bias_high,0.5,0.8,X2,1,13,6,64,0.0821418207266574,0.8324943095364038,0.0147650020662695,0.3608551025390625,0.0,0.8324943095687266,0.1643068818375468,0.9690446853637696,0.0,OK,0.8333,0.0002024099999999,0.9369679107097908,0.1059761047363281,0.0,0.0008056904635962,0.8333999999999999,0.00010864,3.8310781185748057,0.21099853515625,0.0,0.0009056904635961
bn_n50_w2_spread_bias_high.bif,50,2,spread_bias_high,0.5,0.9,X2,1,9,10,1024,0.2988162641390487,0.894671070180706,0.0232659820467233,0.3581619262695312,0.0,0.8946710701808336,0.0845250010024756,0.8603858947753906,0.0,OK,0.8984,5.62400000000001e-05,0.9983499282738194,0.1115989685058593,0.0,0.0037289298192939,0.8999,5.78900000000001e-05,4.009854888101108,0.2140121459960937,0.0,0.005228929819294
bn_n50_w2_spread_bias_high.bif,50,2,spread_bias_high,0.5,1.0,X2,1,11,7,128,0.4797182505415653,0.9980856458424494,0.0237281359732151,0.3472976684570312,0.0,0.9980856458424492,0.1232270328328013,0.9360933303833008,0.0,OK,0.9973,3.010000000000005e-06,0.9477214764105156,0.1042518615722656,0.0,0.0007856458424495,0.9985,1.2500000000000022e-06,3.8229191232007,0.2196998596191406,0.0,0.0004143541575505
bn_n50_w2_spread_bias_low.bif,50,2,spread_bias_low,0.25,0.4,X28,1,7,5,32,0.0427242754841082,0.3965537141531389,0.0252032941207289,0.4129791259765625,0.0,0.396553714153139,0.05297223594971,0.9742040634155272,0.0,OK,0.4016,9.783999999999986e-05,1.0891269341576844,0.1075019836425781,0.0,0.005046285846861,0.395,0.0002161999999999,4.448739878856577,0.2300872802734375,0.0,0.0015537141531389
bn_n50_w2_spread_bias_low.bif,50,2,spread_bias_low,0.25,0.5,X28,1,10,3,8,0.0484167891254874,0.5255379600493132,0.0261439308524131,0.4470367431640625,0.0,0.525537960049313,0.0630206710193306,1.2210330963134766,0.0,OK,0.5244000000000001,0.00021304,1.0129886217648163,0.1042213439941406,0.0,0.0011379600493131,0.5245000000000001,0.00021125,4.162261736160144,0.2178421020507812,0.0,0.0010379600493131
bn_n50_w2_spread_bias_low.bif,50,2,spread_bias_low,0.25,0.6,X28,1,9,3,8,0.271352539705659,0.5855447381680102,0.0255975860636681,0.42596435546875,0.0,0.5855447381680102,0.0579190200660377,1.1651811599731443,0.0,OK,0.5860999999999998,0.00012649,1.0221230158116668,0.1056632995605468,0.0,0.0005552618319896,0.5853999999999999,0.0001876399999999,4.167350876913406,0.2498130798339843,0.0,0.0001447381680103
bn_n50_w2_spread_bias_low.bif,50,2,spread_bias_low,0.25,0.7,X28,1,6,5,32,0.1384489308930494,0.6751067019994046,0.0279106949456036,0.4844436645507812,0.0,0.6751067019994044,0.0581725791562348,0.8798627853393555,0.0,OK,0.6768,0.0001735599999999,1.0610038995044306,0.1058311462402343,0.0,0.0016932980005953,0.6777000000000001,0.0001266099999999,4.293655276484787,0.2200241088867187,0.0,0.0025932980005954
bn_n50_w2_spread_bias_low.bif,50,2,spread_bias_low,0.25,0.8,X28,1,7,3,8,0.0969185687940268,0.7868229261798928,0.0278494178783148,0.4803390502929687,0.0,0.7868229261798931,0.0364662318024784,0.953134536743164,0.0,OK,0.7886,0.0001990399999999,1.0666316049173474,0.1082954406738281,0.0,0.0017770738201071,0.7938,0.00017216,4.362463475111872,0.2232208251953125,0.0,0.0069770738201071
bn_n50_w2_spread_bias_low.bif,50,2,spread_bias_low,0.25,0.9,X28,1,9,4,16,0.1220645398840264,0.9323638429809378,0.0252741088625043,0.4190826416015625,0.0,0.932363842980938,0.0590845211409032,1.2395830154418943,0.0,OK,0.9343,1.5009999999999772e-05,0.9579542095772922,0.1002006530761718,0.0,0.0019361570190622,0.936,6.939999999999933e-05,3.9066217143088577,0.2027664184570312,0.0,0.0036361570190621
bn_n50_w2_spread_bias_low.bif,50,2,spread_bias_low,0.25,1.0,X28,1,7,3,8,0.4962189447014486,1.0,0.0247032151091843,0.4047927856445312,0.0,1.0,0.0514381078537553,0.8797636032104492,0.0,OK,1.0,0.0,1.030674094078131,0.1043891906738281,0.0,0.0,1.0,0.0,4.251779450476169,0.2143783569335937,0.0,0.0
bn_n50_w2_spread_bias_low.bif,50,2,spread_bias_low,0.5,0.4,X28,1,8,10,1024,0.005350367841742,0.3738001846422162,0.0271175380330532,0.4132232666015625,0.0,0.3738001852657256,0.5475984320510179,0.8365163803100586,0.0,OK,0.3743999999999999,9.084000000000015e-05,1.0106392377521842,0.1076164245605468,0.0,0.0005998153577836,0.3761,0.00012409,4.095415854896419,0.2178955078125,0.0,0.0022998153577837
bn_n50_w2_spread_bias_low.bif,50,2,spread_bias_low,0.5,0.5,X28,1,10,6,64,0.0514823969537706,0.4617104136474709,0.024223294109106,0.3734893798828125,0.0,0.4617104136474709,0.0708242759574204,0.8399820327758789,0.0,OK,0.4598,0.0001765599999999,1.00169370083604,0.1061515808105468,0.0,0.0019104136474709,0.4585,0.0002484499999999,4.03030673309695,0.217132568359375,0.0,0.0032104136474709
bn_n50_w2_spread_bias_low.bif,50,2,spread_bias_low,0.5,0.6,X28,1,8,10,1024,0.0808050382002159,0.5557366840851874,0.0238341870717704,0.3626022338867187,0.0,0.5557366840851875,0.0565494350157678,0.7576284408569336,0.0,OK,0.557,0.0015649999999999,1.0575487023685128,0.1137657165527343,0.0,0.0012633159148126,0.564,0.0004039999999999,4.303608523053117,0.2245407104492187,0.0,0.0082633159148125
bn_n50_w2_spread_bias_low.bif,50,2,spread_bias_low,0.5,0.7,X28,1,8,9,512,0.1938698306439832,0.6655145720887111,0.023775084875524,0.3611831665039062,0.0,0.6655145720887108,0.0587549330666661,0.7858705520629883,0.0,OK,0.6586000000000001,0.00026844,1.0860219453461468,0.1093254089355468,0.0,0.006914572088711,0.6632,0.00012716,4.371241363696754,0.2406959533691406,0.0,0.0023145720887111
bn_n50_w2_spread_bias_low.bif,50,2,spread_bias_low,0.5,0.8,X28,1,8,13,8192,0.2683553242880191,0.8006020462819552,0.0527548978570848,1.3606109619140625,0.0,0.8006020600678395,7.255814600037411,0.8329534530639648,0.0,OK,0.7962,0.0002503599999999,1.0293936108006163,0.1068382263183593,0.0,0.0044020462819551,0.8069000000000001,0.0001508899999999,4.21857685400173,0.2393913269042968,0.0,0.0062979537180448
bn_n50_w2_spread_bias_low.bif,50,2,spread_bias_low,0.5,0.9,X28,1,6,13,8192,0.0590662751650743,0.8698965757017696,0.0220050269272178,1.3846559524536133,0.0,0.8698965757017698,0.0456903879530727,0.7629814147949219,0.0,OK,0.8743000000000001,8.361000000000014e-05,0.9622790343128144,0.1035881042480468,0.0,0.0044034242982304,0.8693000000000002,0.00019841,3.932111562299542,0.2236976623535156,0.0,0.0005965757017694
bn_n50_w2_spread_bias_low.bif,50,2,spread_bias_low,0.5,1.0,X28,1,10,9,512,0.4685056489199346,0.9968441515767462,0.0225333331618458,0.3301315307617187,0.0,0.9968441515767464,0.0524449890945106,0.9603776931762696,0.0,OK,0.9976,4.400000000000009e-07,0.9466587583068758,0.1065635681152343,0.0,0.0007558484232538,0.9965,1.4500000000000026e-06,3.892689717491157,0.2021255493164062,0.0,0.0003441515767462
bn_n50_w2_uncertain_moderate.bif,50,2,uncertain_moderate,0.25,0.5,X13,1,5,5,32,0.0172787200497678,0.5259019824824888,0.0243214031215757,0.4270858764648437,0.0,0.5259019824824885,0.0492899529635906,0.8414926528930664,0.0,OK,0.5161,0.00023489,1.0491397209232671,0.1053047180175781,0.0,0.0098019824824887,0.5258999999999999,0.00017689,4.299886506493204,0.2205047607421875,0.0,1.9824824888381443e-06
bn_n50_w2_uncertain_moderate.bif,50,2,uncertain_moderate,0.25,0.6,X13,1,8,3,8,0.0225645702273468,0.637317962503558,0.0247452929615974,0.4164962768554687,0.0,0.6373179625035581,0.0528869910631328,0.9987306594848632,0.0,OK,0.6391,0.00012849,1.0627713769441471,0.1087379455566406,0.0,0.001782037496442,0.6326,0.00016144,4.35740589548368,0.220123291015625,0.0,0.0047179625035579
bn_n50_w2_uncertain_moderate.bif,50,2,uncertain_moderate,0.25,0.7,X13,1,6,4,16,0.0557135421891807,0.6973870758940149,0.0233068750239908,0.4208831787109375,0.0,0.6973870758940149,0.047247425885871,0.8707208633422852,0.0,OK,0.7022999999999999,0.0002036099999999,0.9908616688102484,0.1057395935058593,0.0,0.0049129241059849,0.7026,0.0001888399999999,4.070426152902655,0.2047119140625,0.0,0.005212924105985
bn_n50_w2_uncertain_moderate.bif,50,2,uncertain_moderate,0.25,0.8,X13,1,8,2,4,0.0845315140947735,0.813537813231088,0.0224076258018612,0.3816070556640625,0.0,0.813537813231088,0.0436883429065346,0.9736204147338868,0.0,OK,0.8116000000000001,9.183999999999932e-05,0.8715961582493037,0.0979652404785156,0.0,0.0019378132310878,0.8141999999999999,9.395999999999924e-05,3.469740951037965,0.1846771240234375,0.0,0.0006621867689119
bn_n50_w2_uncertain_moderate.bif,50,2,uncertain_moderate,0.25,0.9,X13,1,11,2,4,0.2137558681511325,0.8760203109012408,0.0229530490469187,0.3993072509765625,0.0,0.8760203109012411,0.0607281900011003,1.335190773010254,0.0,OK,0.8799999999999999,7.760000000000012e-05,0.8267607864923775,0.0998420715332031,0.0,0.0039796890987591,0.8756999999999999,6.861000000000012e-05,3.33099556164816,0.18060302734375,0.0,0.0003203109012408
bn_n50_w2_uncertain_moderate.bif,50,2,uncertain_moderate,0.25,1.0,X13,1,8,3,8,0.0600834524120832,1.0,0.0237994322087615,0.4014434814453125,0.0,1.0,0.0524863230530172,0.9129419326782228,0.0,OK,1.0,0.0,0.9852796730818228,0.1054496765136718,0.0,0.0,1.0,0.0,4.063707719137892,0.215484619140625,0.0,0.0
bn_n50_w2_uncertain_moderate.bif,50,2,uncertain_moderate,0.5,0.5,X13,1,8,10,1024,0.0068021195245923,0.5456005412126139,0.0240152881015092,0.352935791015625,0.0,0.5456005412126133,0.3251412971876561,0.8035173416137695,0.0,OK,0.5486000000000001,0.0002914399999999,0.9947440695017576,0.1090126037597656,0.0,0.0029994587873861,0.5377000000000001,0.00012101,4.012227041600272,0.207550048828125,0.0,0.0079005412126138
bn_n50_w2_uncertain_moderate.bif,50,2,uncertain_moderate,0.5,0.6,X13,1,10,6,64,0.0008322520972859,0.6350141884373594,0.0189699530601501,0.3137712478637695,0.0,0.6350141884373592,0.0487877181731164,0.8989400863647461,0.0,OK,0.6361,0.00019409,0.9350059871561824,0.1049079895019531,0.0,0.0010858115626406,0.6335000000000001,0.00032285,3.762197973858565,0.2023239135742187,0.0,0.0015141884373592
bn_n50_w2_uncertain_moderate.bif,50,2,uncertain_moderate,0.5,0.7,X13,1,6,12,4096,0.0259487609370131,0.7264434519289862,0.0233929459936916,0.7723464965820312,0.0,0.7264434519289862,0.0501040280796587,0.6546335220336914,0.0,OK,0.7334000000000002,0.00014004,1.08468126389198,0.1113014221191406,0.0,0.0069565480710139,0.7156,9.124000000000016e-05,4.371751490142197,0.2419471740722656,0.0,0.0108434519289861
bn_n50_w2_uncertain_moderate.bif,50,2,uncertain_moderate,0.5,0.8,X13,1,14,9,512,0.1573038634388049,0.8414381516394278,0.0200876989401876,0.3030319213867187,0.0,0.8414381516394276,0.0608120351098477,1.167886734008789,0.0,OK,0.8426,2.0440000000000035e-05,0.8973887857282534,0.0997352600097656,0.0,0.0011618483605722,0.8411,0.00016589,3.580522060976364,0.186676025390625,0.0,0.0003381516394278
bn_n50_w2_uncertain_moderate.bif,50,2,uncertain_moderate,0.5,0.9,X13,1,14,3,8,0.229833066199301,0.8985540234245472,0.0216168509796261,0.3149337768554687,0.0,0.8985540234245474,0.0671718548983335,1.014606475830078,0.0,OK,0.9053,8.801000000000017e-05,0.956007073703222,0.1053199768066406,0.0,0.0067459765754527,0.9008,7.356000000000013e-05,3.8387201041216032,0.20648193359375,0.0,0.0022459765754527
bn_n50_w2_uncertain_moderate.bif,50,2,uncertain_moderate,0.5,1.0,X13,1,7,9,512,0.0996098696715857,1.0,0.0222545589786022,0.3505935668945312,0.0,1.0,0.0480118559207767,0.6993627548217773,0.0,OK,1.0,0.0,1.0956970438361169,0.1165428161621093,0.0,0.0,1.0,0.0,4.456872061523609,0.2553977966308594,0.0,0.0
bn_n50_w2_uncertain_strong.bif,50,2,uncertain_strong,0.25,0.4,X2,1,11,2,4,0.0488215491046842,0.4227921642211886,0.0231192361097782,0.4308624267578125,0.0,0.4227921642211887,0.0631397620309144,1.3149948120117188,0.0,OK,0.4226,0.00033384,0.9145224066684022,0.0987815856933593,0.0,0.0001921642211886,0.4205,0.00027425,3.6692640205146745,0.1973876953125,0.0,0.0022921642211886
bn_n50_w2_uncertain_strong.bif,50,2,uncertain_strong,0.25,0.5,X2,1,6,4,16,0.0402495593689302,0.5187361927303994,0.0239962961059063,0.45452880859375,0.0,0.5187361927303994,0.0653230531606823,0.9033193588256836,0.0,OK,0.5161,0.00025709,1.0012615401064977,0.1040687561035156,0.0,0.0026361927303993,0.5184,0.00017284,4.006251497776248,0.217315673828125,0.0,0.0003361927303994
bn_n50_w2_uncertain_strong.bif,50,2,uncertain_strong,0.25,0.6,X2,1,7,4,16,0.0332667853402128,0.6362648217449585,0.0239341540727764,0.4231338500976562,0.0,0.6362648217449587,0.0465960279107093,0.971806526184082,0.0,OK,0.6340999999999999,0.00051949,1.0113263288047163,0.1079597473144531,0.0,0.0021648217449585,0.6416999999999999,0.00018741,4.062065396783874,0.207855224609375,0.0,0.0054351782550414
bn_n50_w2_uncertain_strong.bif,50,2,uncertain_strong,0.25,0.7,X2,1,10,2,4,0.095807883909012,0.6927874902731364,0.023351517971605,0.4099273681640625,0.0,0.6927874902731365,0.0560426451265811,1.2057819366455078,0.0,OK,0.6955,0.0001036499999999,0.8517552278703079,0.0969123840332031,0.0,0.0027125097268636,0.688,0.0001379999999999,3.470712971687317,0.188385009765625,0.0,0.0047874902731364
bn_n50_w2_uncertain_strong.bif,50,2,uncertain_strong,0.25,0.8,X2,1,9,3,8,0.1271259103074202,0.831476487396726,0.0252939530182629,0.44366455078125,0.0,0.8314764873967259,0.056839867029339,1.1072406768798828,0.0,OK,0.8292000000000002,0.00010196,1.0640135377878324,0.1088218688964843,0.0,0.0022764873967258,0.8289,0.0001340899999999,4.2928441124036905,0.2235565185546875,0.0,0.002576487396726
bn_n50_w2_uncertain_strong.bif,50,2,uncertain_strong,0.25,0.9,X2,1,9,2,4,0.0397198096965183,0.8947941020525139,0.0229782180394977,0.4055938720703125,0.0,0.8947941020525139,0.053340968908742,1.194960594177246,0.0,OK,0.9012,7.796000000000014e-05,0.8508999520679936,0.0948600769042968,0.0,0.0064058979474861,0.8949,7.229000000000012e-05,3.303354770573788,0.1736602783203125,0.0,0.0001058979474861
bn_n50_w2_uncertain_strong.bif,50,2,uncertain_strong,0.25,1.0,X2,1,3,6,64,0.3576634675008325,1.0,0.0232123860623687,0.3964996337890625,0.0,1.0,0.0199266020208597,0.5184831619262695,0.0,OK,1.0,0.0,1.0199761149007829,0.1032295227050781,0.0,0.0,1.0,0.0,4.123928686860017,0.2103729248046875,0.0,0.0
bn_n50_w2_uncertain_strong.bif,50,2,uncertain_strong,0.5,0.4,X2,1,13,4,16,0.0453729795198992,0.4491666911637127,0.0218331010546535,0.3333358764648437,0.0,0.4491666911637128,0.0449335218872875,1.0558834075927734,0.0,OK,0.4574,0.0001898399999999,0.9472924572881312,0.1053276062011718,0.0,0.0082333088362872,0.4622,0.0002627599999999,3.762729403190314,0.2017364501953125,0.0,0.0130333088362872
bn_n50_w2_uncertain_strong.bif,50,2,uncertain_strong,0.5,0.5,X2,1,12,6,64,0.008230277271702,0.5301996000483584,0.0194408551324158,0.318669319152832,0.0,0.5301996000483584,0.0353941419161856,1.1393423080444336,0.0,OK,0.5268,0.00024876,0.861999019398354,0.1001396179199218,0.0,0.0033996000483583,0.5241,0.00010729,3.44186539396178,0.186981201171875,0.0,0.0060996000483584
bn_n50_w2_uncertain_strong.bif,50,2,uncertain_strong,0.5,0.6,X2,1,10,9,512,0.0650047678707965,0.6373125216160576,0.0294240911025553,0.3980560302734375,0.0,0.637312521616057,0.8201179821044207,0.8364238739013672,0.0,OK,0.6468,0.00014916,0.991376318433322,0.1077232360839843,0.0,0.0094874783839424,0.6392,0.00020156,3.980901820329018,0.216064453125,0.0,0.0018874783839424
bn_n50_w2_uncertain_strong.bif,50,2,uncertain_strong,0.5,0.7,X2,1,8,6,64,0.0814044498251427,0.686627921170827,0.0237786720972508,0.3593978881835937,0.0,0.6866279211708269,0.0650511558633297,0.7897672653198242,0.0,OK,0.6873,0.0002158099999999,1.0139445054810494,0.1076850891113281,0.0,0.0006720788291729,0.6889999999999998,7.67999999999994e-05,4.094717870349996,0.218658447265625,0.0,0.0023720788291727
bn_n50_w2_uncertain_strong.bif,50,2,uncertain_strong,0.5,0.8,X2,1,9,7,128,0.093659540878481,0.8120991692520388,0.0235073508229106,0.3655624389648437,0.0,0.8120991692520387,0.0562589550390839,0.8391599655151367,0.0,OK,0.8169000000000001,5.728999999999949e-05,0.9729330756003036,0.1090049743652343,0.0,0.0048008307479612,0.8128,0.0001151599999999,3.896201634639874,0.207763671875,0.0,0.0007008307479611
bn_n50_w2_uncertain_strong.bif,50,2,uncertain_strong,0.5,0.9,X2,1,5,9,512,0.1702229701870256,0.9309583964978784,0.0232624581549316,0.367645263671875,0.0,0.930958396497878,0.1434453451074659,0.6239147186279297,0.0,OK,0.9338,3.015999999999948e-05,1.0391480083577336,0.1076698303222656,0.0,0.0028416035021217,0.9299,7.048999999999959e-05,4.184819116047583,0.2504081726074219,0.0,0.0010583964978784
bn_n50_w2_uncertain_strong.bif,50,2,uncertain_strong,0.5,1.0,X2,1,11,9,512,0.2305171082757162,1.0,0.0217932891100645,0.3123779296875,0.0,1.0,0.0580561349634081,0.979938507080078,0.0,OK,1.0,0.0,0.9583183825947345,0.1040916442871093,0.0,0.0,1.0,0.0,3.831270253797993,0.2219200134277343,0.0,0.0
bn_n50_w2_uniform.bif,50,2,uniform,0.25,0.4,X3,1,8,4,16,0.0311698964052992,0.3598142242615502,0.022406647214666,0.4091796875,0.0,0.3598142242615502,0.0529813850298523,1.0522098541259766,0.0,OK,0.3523999999999999,0.0001494399999999,0.9288427265826612,0.1017799377441406,0.0,0.0074142242615502,0.3534,0.0001490399999999,3.8159323362866417,0.2037353515625,0.0,0.0064142242615501
bn_n50_w2_uniform.bif,50,2,uniform,0.25,0.5,X3,1,7,4,16,0.0650162883610141,0.4884662319792958,0.0232903051655739,0.4233016967773437,0.0,0.488466231979296,0.0511963369790464,0.9581165313720704,0.0,OK,0.4974,0.00016364,0.9780461125774308,0.1023445129394531,0.0,0.0089337680207041,0.4894,0.00034884,4.019536098185927,0.2067108154296875,0.0,0.0009337680207041
bn_n50_w2_uniform.bif,50,2,uniform,0.25,0.6,X3,1,10,3,8,0.0386066313811677,0.5526705661924651,0.0230583129450678,0.39447021484375,0.0,0.5526705661924652,0.0510425181128084,1.2801828384399414,0.0,OK,0.5490999999999999,0.0003764899999999,0.8031515012960881,0.0951728820800781,0.0,0.0035705661924652,0.5489999999999999,0.0004659999999999,3.242086185188964,0.172210693359375,0.0,0.0036705661924651
bn_n50_w2_uniform.bif,50,2,uniform,0.25,0.7,X3,1,9,2,4,0.0328599056704574,0.7336186220994998,0.023805390112102,0.3959197998046875,0.0,0.7336186220994996,0.051237418083474,1.0838041305541992,0.0,OK,0.7359,0.00021329,0.9713372725993394,0.1050529479980468,0.0,0.0022813779005002,0.7388999999999999,0.00016749,3.9792315014172335,0.2017669677734375,0.0,0.0052813779005
bn_n50_w2_uniform.bif,50,2,uniform,0.25,0.8,X3,1,10,3,8,0.120274168949692,0.8083642040690782,0.023452762980014,0.4071502685546875,0.0,0.8083642040690782,0.0571471860166639,1.264693260192871,0.0,OK,0.8106,9.143999999999927e-05,0.8674334916751831,0.0952491760253906,0.0,0.0022357959309218,0.8051999999999999,0.0002539599999999,3.505423210700974,0.188385009765625,0.0,0.0031642040690782
bn_n50_w2_uniform.bif,50,2,uniform,0.25,0.9,X3,1,9,4,16,0.2495523816078673,0.8754633788567204,0.0222418550401926,0.4031906127929687,0.0,0.8754633788567204,0.0345866468269377,1.191939353942871,0.0,OK,0.8775000000000001,7.025000000000012e-05,0.9001464480999857,0.0980339050292968,0.0,0.0020366211432796,0.8778,8.756000000000016e-05,3.689034147025086,0.186676025390625,0.0,0.0023366211432795
bn_n50_w2_uniform.bif,50,2,uniform,0.25,1.0,X3,1,8,3,8,0.4010792231566519,0.967923874909607,0.024298425996676,0.4170074462890625,0.0,0.9679238749096076,0.0540940198116004,1.0055875778198242,0.0,OK,0.9678,2.076000000000004e-05,1.0179364337120205,0.1025505065917968,0.0,0.0001238749096068,0.9703,3.561000000000006e-05,4.192170620406978,0.2175521850585937,0.0,0.0023761250903929
bn_n50_w2_uniform.bif,50,2,uniform,0.5,0.4,X3,1,10,7,128,0.0930776085562697,0.3976098383917661,0.0193412071093916,0.3351106643676758,0.0,0.3976098383917661,0.0686302289832383,0.918264389038086,0.0,OK,0.3887,0.00046001,0.9796705343062058,0.1032066345214843,0.0,0.0089098383917661,0.3947999999999999,0.0001127599999999,3.955462966696359,0.2108917236328125,0.0,0.0028098383917662
bn_n50_w2_uniform.bif,50,2,uniform,0.5,0.5,X3,1,9,8,256,0.0060592753227209,0.4958826444238114,0.0217713410966098,0.3265304565429687,0.0,0.4958826444238119,0.0534534719772636,0.7951440811157227,0.0,OK,0.5004000000000001,0.00021944,0.992776602250524,0.1049842834472656,0.0,0.0045173555761885,0.4942,0.00016576,4.01467504655011,0.2364845275878906,0.0,0.0016826444238114
bn_n50_w2_uniform.bif,50,2,uniform,0.5,0.6,X3,1,8,11,2048,0.093943509392827,0.5908322547985495,0.0244313208386302,0.5079498291015625,0.0,0.5908322549341325,0.4152632120531052,0.864044189453125,0.0,OK,0.5899,0.0002780899999999,0.9820006568916142,0.1063423156738281,0.0,0.0009322547985495,0.5902999999999999,0.0003040099999999,3.894465233688243,0.208770751953125,0.0,0.0005322547985495
bn_n50_w2_uniform.bif,50,2,uniform,0.5,0.7,X3,1,11,9,512,0.2281744462526549,0.6875531862579835,0.0202042229939252,0.3128738403320312,0.0,0.6875531862579837,0.0613738310057669,0.9655485153198242,0.0,OK,0.6897,0.0001200099999999,0.9603036063956096,0.1079597473144531,0.0,0.0021468137420165,0.6779,0.0003012899999999,3.881608634628356,0.2097930908203125,0.0,0.0096531862579835
bn_n50_w2_uniform.bif,50,2,uniform,0.5,0.8,X3,1,12,5,32,0.2463406365075759,0.7978029948890145,0.0229833030607551,0.33935546875,0.0,0.7978029948890146,0.0732033760286867,0.9817743301391602,0.0,OK,0.7947,0.00012021,1.0019318725913764,0.1065635681152343,0.0,0.0031029948890145,0.7967,0.0002948099999999,4.062734340433963,0.2126617431640625,0.0,0.0011029948890145
bn_n50_w2_uniform.bif,50,2,uniform,0.5,0.9,X3,1,8,10,1024,0.2372309606008991,0.8600486557368888,0.0174021071288734,0.3514175415039062,0.0,0.8600486557368892,0.0286150011233985,0.8419094085693359,0.0,OK,0.8577999999999999,0.00010256,0.9606714356923476,0.1081657409667968,0.0,0.0022486557368889,0.8541000000000001,0.00011569,3.894066479895264,0.2064208984375,0.0,0.0059486557368887
bn_n50_w2_uniform.bif,50,2,uniform,0.5,1.0,X3,1,13,5,32,0.4238515176904701,1.0,0.0216744521167129,0.3156814575195312,0.0,1.0,0.068503342103213,1.2102746963500977,0.0,OK,1.0,0.0,0.93226693442557,0.1063117980957031,0.0,0.0,1.0,0.0,3.7361737804021686,0.2006378173828125,0.0,0.0
bn_n50_w6_concentrated_bias_high.bif,50,6,concentrated_bias_high,0.25,0.4,X11,1,3,10,1024,0.1219398520608927,0.430797771245306,0.040697589982301,0.725433349609375,0.0,0.4307977713805516,0.5303456890396774,0.8029575347900391,0.0,OK,0.4351,0.00016169,1.613511286629364,0.1431846618652343,0.0,0.0043022287546939,0.4222,0.0001511599999999,6.779992710077204,0.3382339477539062,0.0,0.008597771245306
bn_n50_w6_concentrated_bias_high.bif,50,6,concentrated_bias_high,0.25,0.5,X11,1,4,8,256,0.1661742382167135,0.5071101814998507,0.0379385601263493,0.6797409057617188,0.0,0.5071101814998509,0.1203347709961235,0.8673782348632812,0.0,OK,0.513,0.0001686,1.3993122616549951,0.1325340270996093,0.0,0.0058898185001493,0.5123,0.00011961,5.888954210234806,0.2996978759765625,0.0,0.0051898185001493
bn_n50_w6_concentrated_bias_high.bif,50,6,concentrated_bias_high,0.25,0.6,X11,1,4,8,256,0.1775294666775428,0.6164357957753092,0.022048105020076,0.6073532104492188,0.0,0.6164357957753092,0.1024436191655695,0.7826108932495117,0.0,OK,0.6167,0.00017181,1.5401022150414063,0.1417808532714843,0.0,0.0002642042246908,0.6207,0.00021201,6.4145615684334185,0.3221998214721679,0.0,0.0042642042246908
bn_n50_w6_concentrated_bias_high.bif,50,6,concentrated_bias_high,0.25,0.7,X11,1,6,4,16,0.1169532569597868,0.7253727685087803,0.0337204788811504,0.6244049072265625,0.0,0.7253727685087805,0.0973286619409918,0.8818550109863281,0.0,OK,0.7185,0.0002376499999999,1.3740988578181714,0.1333961486816406,0.0,0.0068727685087802,0.7256,0.00010704,5.788383023324423,0.3052978515625,0.0,0.0002272314912197
bn_n50_w6_concentrated_bias_high.bif,50,6,concentrated_bias_high,0.25,0.8,X11,1,5,4,16,0.299232700061356,0.8176481656082958,0.0346445699688047,0.609710693359375,0.0,0.8176481656082956,0.0556867220439016,0.8773965835571289,0.0,OK,0.8205,0.0001110499999999,1.4026440142653882,0.1353950500488281,0.0,0.0028518343917042,0.8124,0.0001052399999999,5.907320634298958,0.3140830993652344,0.0,0.0052481656082957
bn_n50_w6_concentrated_bias_high.bif,50,6,concentrated_bias_high,0.25,0.9,X11,1,4,8,256,0.4387124220702798,0.9427730980717024,0.0342495751101523,0.598785400390625,0.0,0.942773098071702,0.1432596081867814,0.7834815979003906,0.0,OK,0.941,3.079999999999957e-05,1.292918453318998,0.1295814514160156,0.0,0.0017730980717024,0.9396,1.883999999999972e-05,5.3974566423334185,0.2747039794921875,0.0,0.0031730980717024
bn_n50_w6_concentrated_bias_high.bif,50,6,concentrated_bias_high,0.25,1.0,X11,1,3,7,128,0.401296169404416,1.0,0.0337287608999758,0.66162109375,0.0,1.0,0.0484615759924054,0.820704460144043,0.0,OK,1.0,0.0,1.560375601402484,0.1420478820800781,0.0,0.0,1.0,0.0,6.564034899906256,0.3298721313476562,0.0,0.0
bn_n50_w6_concentrated_bias_high.bif,50,6,concentrated_bias_high,0.5,0.4,X11,1,3,22,4194304,0.0554644760819525,0.4246885077405339,0.8242917980533093,576.2841682434082,1579.75,0.4246976633763888,641.3045115000568,0.7115879058837891,0.0,OK,0.4215,0.0001526499999999,1.6478886621538549,0.1566963195800781,0.0,0.0031885077405339,0.4242,0.00016956,6.869693824322894,0.3415756225585937,0.0,0.0004885077405339
bn_n50_w6_concentrated_bias_high.bif,50,6,concentrated_bias_high,0.5,0.5,X11,1,2,23,8388608,0.1247731216452138,0.5488549875701165,1.604140466079116,1152.2844200134275,3227.25,0.5488709379099546,1246.2359747660812,0.7083654403686523,0.0,OK,0.5599000000000001,0.0002054899999999,1.6842851243680343,0.1406440734863281,0.0,0.0110450124298835,0.5384,0.00036924,6.9958008693763984,0.3635749816894531,0.0,0.0104549875701165
bn_n50_w6_concentrated_bias_high.bif,50,6,concentrated_bias_high,0.5,0.6,X11,1,3,21,2097152,0.0955458275688053,0.6144183235331656,0.4739562899339944,288.2639389038086,749.875,0.6144237630906361,298.93381074792705,0.6182155609130859,0.0,OK,0.614,0.0001252,1.581653251615353,0.1397056579589843,0.0,0.0004183235331656,0.6156,9.424000000000018e-05,6.574317872594111,0.3302640914916992,0.0,0.0011816764668344
bn_n50_w6_concentrated_bias_high.bif,50,6,concentrated_bias_high,0.5,0.7,X11,1,1,24,16777216,0.2099118320260055,0.6720310752735229,2.9907721888739616,2304.2964515686035,6582.4375,,1800.0,,,TIMEOUT,0.6772,8.415999999999955e-05,1.5854944840073586,0.1333122253417968,0.0,0.0051689247264771,0.6766,8.643999999999948e-05,6.621550912503153,0.365793228149414,0.0,0.004568924726477
bn_n50_w6_concentrated_bias_high.bif,50,6,concentrated_bias_high,0.5,0.8,X11,1,2,23,8388608,0.1788662707407874,0.8105173443303674,1.9076319991145283,1152.2850379943848,3241.625,0.8105322923545596,1357.436248187907,0.7059726715087891,2.125,OK,0.8064,0.0001560399999999,1.714549304521643,0.1504659652709961,0.0,0.0041173443303673,0.8129,5.248999999999942e-05,7.160587120149285,0.3205490112304687,0.0,0.0023826556696325
bn_n50_w6_concentrated_bias_high.bif,50,6,concentrated_bias_high,0.5,0.9,X11,1,2,23,8388608,0.2879850303249667,0.8883307019435039,1.882081427145749,1152.2710990905762,3302.0,0.8883643816768182,1287.8053562699351,0.8355417251586914,0.0,OK,0.8885,3.785000000000007e-05,1.8203183637466285,0.1518440246582031,0.0,0.000169298056496,0.8882999999999999,4.001000000000007e-05,7.511686292360537,0.3658170700073242,0.0,3.0701943504074514e-05
bn_n50_w6_concentrated_bias_high.bif,50,6,concentrated_bias_high,0.5,1.0,X11,1,5,14,16384,0.4930232162099021,0.999976189581846,0.0453670679125934,2.5165328979492188,0.0,0.999976207964646,2.369858131976798,0.7034931182861328,0.0,OK,1.0,0.0,1.4355325129348784,0.1371040344238281,0.0,2.3810418154135427e-05,1.0,0.0,5.932670790259726,0.3304862976074219,0.0,2.3810418154135427e-05
bn_n200_w2_concentrated_bias_high.bif,200,2,concentrated_bias_high,0.25,0.4,X105,1,33,3,8,0.0536886054291452,0.4177078811784482,0.082134508062154,1.4460268020629885,0.0,0.4177078811784482,0.6760694510303438,12.546427726745604,12.0625,OK,0.4185,0.0002762499999999,0.9935574400937184,0.2984819412231445,0.0,0.0007921188215517,0.4096999999999999,0.0001626099999999,3.9546070254174994,0.4051971435546875,0.0,0.0080078811784483
bn_n200_w2_concentrated_bias_high.bif,200,2,concentrated_bias_high,0.25,0.5,X105,1,34,4,16,0.00181778941439,0.5435518003285971,0.092866769991815,1.4721498489379885,0.0,0.5435518003285971,0.6853431852068752,12.791092872619627,0.0,OK,0.5522,0.0002301599999999,0.9984240908175708,0.2981119155883789,0.0,0.0086481996714029,0.5443,0.00014101,3.977468714443967,0.4014739990234375,0.0,0.0007481996714029
bn_n200_w2_concentrated_bias_high.bif,200,2,concentrated_bias_high,0.25,0.6,X105,1,31,4,16,0.0338864194596083,0.5773454481835697,0.0930667950306087,1.4829378128051758,0.0,0.5773454481835699,0.5667050417978317,11.88830280303955,0.0,OK,0.5811999999999999,0.0003133599999999,1.009996833349578,0.2973651885986328,0.0,0.0038545518164302,0.5673,0.0001442099999999,3.9815628382144497,0.4094982147216797,0.0,0.0100454481835696
bn_n200_w2_concentrated_bias_high.bif,200,2,concentrated_bias_high,0.25,0.7,X105,1,34,4,16,0.0456662450228547,0.6536090078240059,0.0896166390739381,1.4476909637451172,0.0,0.653609007824006,0.6429884990211576,12.925419807434082,0.0,OK,0.6564,0.00020084,0.9752310527954252,0.2969226837158203,0.0,0.0027909921759941,0.6477999999999999,0.00015236,3.938864137395285,0.3964319229125976,0.0,0.0058090078240059
bn_n200_w2_concentrated_bias_high.bif,200,2,concentrated_bias_high,0.25,0.8,X105,1,42,3,8,0.160984743101656,0.7572150824060524,0.0947413630783557,1.452108383178711,0.0,0.7572150824060515,0.7818394561763853,16.061198234558105,0.25,OK,0.7548,0.00028676,0.9963088310323656,0.2964420318603515,0.0,0.0024150824060523,0.7567999999999999,0.00026316,3.911727966344915,0.3976373672485351,0.0,0.0004150824060524
bn_n200_w2_concentrated_bias_high.bif,200,2,concentrated_bias_high,0.25,0.9,X105,1,34,6,64,0.182963134144325,0.9007447763661264,0.0958165198098868,1.5031614303588867,0.0,0.900744776366126,0.6930115199647844,12.618937492370604,0.0,OK,0.9046,6.144000000000009e-05,1.036781573202461,0.2969532012939453,0.0,0.0038552236338736,0.8953000000000001,9.321000000000016e-05,4.06429104800336,0.4045114517211914,0.0,0.0054447763661262
bn_n200_w2_concentrated_bias_high.bif,200,2,concentrated_bias_high,0.25,1.0,X105,1,36,3,8,0.1717799019224453,0.9999999999999998,0.0946320837829262,1.4347515106201172,0.0,0.9999999999999998,0.6994308920111507,13.6318359375,0.0,OK,1.0,0.0,0.961597258108668,0.2986698150634765,0.0,2.220446049250313e-16,1.0,0.0,3.918411580193788,0.4043054580688476,0.0,2.220446049250313e-16
bn_n200_w2_concentrated_bias_high.bif,200,2,concentrated_bias_high,0.5,0.4,X105,1,35,17,131072,0.0132688955506058,0.3515951899042044,0.0910669930744916,18.76201438903809,0.0,0.3515951899042045,0.6589925321750343,8.184115409851074,0.0,OK,0.3424999999999999,0.0005124499999999,1.0220977670047433,0.318490982055664,0.0,0.0090951899042044,0.3641,0.00032549,4.027416057232768,0.4315729141235351,0.0,0.0125048100957955
bn_n200_w2_concentrated_bias_high.bif,200,2,concentrated_bias_high,0.5,0.5,X105,1,45,8,256,0.0428488621084356,0.4647763175903726,0.0863018380478024,1.1101970672607422,0.0,0.4647763175903724,0.7799345750827342,11.325486183166504,0.0,OK,0.4635999999999999,0.0002660399999999,0.9981493683764712,0.316568374633789,0.0,0.0011763175903727,0.4657,0.0004016099999999,3.879110677703284,0.4270410537719726,0.0,0.0009236824096273
bn_n200_w2_concentrated_bias_high.bif,200,2,concentrated_bias_high,0.5,0.6,X105,1,41,15,32768,0.0901237898732307,0.6449244869336943,0.0872013301122933,5.461858749389648,0.0,0.644924486933694,0.7310076509602368,10.016678810119627,0.0,OK,0.6434,0.00018104,0.9944813252426684,0.3164844512939453,0.0,0.0015244869336943,0.6466000000000001,0.00040304,3.941988411359489,0.4268503189086914,0.0,0.0016755130663057
bn_n200_w2_concentrated_bias_high.bif,200,2,concentrated_bias_high,0.5,0.7,X105,1,32,14,16384,0.1053476386679777,0.7284666861713407,0.0876839431002736,3.055440902709961,0.0,0.7284666861713407,1.0736857408192009,7.722690582275391,0.0,OK,0.7297,0.00054941,1.017640315927565,0.3185749053955078,0.0,0.0012333138286593,0.7243,0.0007956099999999,4.065311946324073,0.4307107925415039,0.0,0.0041666861713406
bn_n200_w2_concentrated_bias_high.bif,200,2,concentrated_bias_high,0.5,0.8,X105,1,41,13,8192,0.0314782711698236,0.8257405189264385,0.1060035289265215,1.9037837982177728,0.0,0.8257405306368055,35.53360140998848,10.319442749023438,0.0,OK,0.8178000000000001,0.0003919599999999,0.9911625683307648,0.317178726196289,0.0,0.0079405189264384,0.8238,0.0005277599999999,3.9192839127965273,0.4316720962524414,0.0,0.0019405189264385
bn_n200_w2_concentrated_bias_high.bif,200,2,concentrated_bias_high,0.5,0.9,X105,1,39,12,4096,0.1441584329364631,0.8872659755083621,0.0870786169543862,1.388410568237305,0.0,0.8872659755083626,0.6986612940672785,8.983827590942383,0.0,OK,0.8876,0.00020004,1.0157161738025025,0.3174991607666015,0.0,0.0003340244916378,0.8871,0.00012409,4.051609407854267,0.4230127334594726,0.0,0.000165975508362
bn_n200_w2_concentrated_bias_high.bif,200,2,concentrated_bias_high,0.5,1.0,X105,1,46,9,512,0.410848504976654,0.9989181733990236,0.0844262531027197,1.1373424530029297,0.0,0.9989181733990228,0.8582171821035445,11.224730491638184,0.0,OK,0.999,6.000000000000012e-07,1.002331767929718,0.3168888092041015,0.0,8.182660097644234e-05,0.9985,1.2500000000000022e-06,4.002960074250586,0.4334955215454101,0.0,0.0004181733990236
bn_n200_w2_concentrated_bias_low.bif,200,2,concentrated_bias_low,0.25,1.0,X14,1,33,5,32,0.0014348712461894,1.0,0.068781424080953,1.462087631225586,0.0,1.0,0.540760014904663,12.24789333343506,0.0,OK,1.0,0.0,1.0604051957372576,0.2983722686767578,0.0,0.0,1.0,0.0,4.090829102415592,0.4055643081665039,0.0,0.0
bn_n200_w2_rigid_extreme.bif,200,2,rigid_extreme,0.25,0.5,X113,1,33,6,64,0.2270959995928818,0.5063541948340833,0.0935044838115572,1.469778060913086,0.0,0.5063541948340833,0.6641176629345864,12.663243293762209,0.0,OK,0.5086999999999999,0.00022201,0.9811853416264056,0.2969913482666015,0.0,0.0023458051659166,0.5093,9.701000000000016e-05,3.967663739924319,0.4045267105102539,0.0,0.0029458051659166
bn_n200_w2_rigid_extreme.bif,200,2,rigid_extreme,0.25,0.6,X113,1,36,5,32,0.0442210409841795,0.5878577592202542,0.0937792640179395,1.4932308197021484,0.0,0.5878577592202545,0.6974268180783838,13.808281898498535,0.0,OK,0.6002000000000001,0.0879859599999999,0.9835396404610948,0.2965641021728515,0.0,0.0123422407797458,0.5604,0.0172664399999999,3.966425933991559,0.4056177139282226,0.0,0.0274577592202541
bn_n200_w2_rigid_extreme.bif,200,2,rigid_extreme,0.25,0.7,X113,1,28,5,32,0.0940010393555912,0.6572122664645677,0.0959995759185403,1.541529655456543,0.0,0.6572122665343517,0.5358141921460629,11.562803268432615,0.0,OK,0.6232999999999999,0.05558441,0.9999732942087576,0.2977771759033203,0.0,0.0339122664645678,0.6485,0.0511006499999999,4.010093113780021,0.4165124893188476,0.0,0.0087122664645676
bn_n200_w2_rigid_extreme.bif,200,2,rigid_extreme,0.25,0.8,X113,1,33,5,32,0.3177777465822088,0.8174550232813208,0.0954486499540507,1.4956417083740234,0.0,0.8174550232813206,0.6843809939455241,12.934393882751465,0.0,OK,0.8037999999999998,0.01717516,1.0251056720968337,0.2987308502197265,0.0,0.0136550232813209,0.8271,0.01311749,3.944568943884224,0.4105234146118164,0.0,0.0096449767186791
bn_n200_w2_rigid_extreme.bif,200,2,rigid_extreme,0.25,0.9,X113,1,37,3,8,0.4385129857916792,0.9453217402984764,0.0936483838595449,1.5377225875854492,0.0,0.9453217402984772,0.7424366329796612,14.107880592346191,0.0,OK,0.937,0.0013721999999999,0.9899684764910488,0.2966251373291015,0.0,0.0083217402984764,0.9612,0.0003103599999999,3.919685651548207,0.4050884246826172,0.0,0.0158782597015236
bn_n200_w2_rigid_extreme.bif,200,2,rigid_extreme,0.25,1.0,X113,1,33,5,32,0.486269714061958,1.0,0.0952239159960299,1.471357345581055,0.0,1.0,0.6160915938671678,12.405861854553224,0.0,OK,1.0,0.0,0.988846809696406,0.2980289459228515,0.0,0.0,1.0,0.0,3.993049865867943,0.4072351455688476,0.0,0.0
bn_n200_w2_rigid_extreme.bif,200,2,rigid_extreme,0.5,0.5,X113,1,35,23,8388608,0.0250590216759832,0.523537916823646,0.5079192509874701,1152.789514541626,3295.125,0.5235379168236458,0.729078623931855,8.034309387207031,0.0,OK,0.4929,0.03905209,1.0410733095137403,0.3208637237548828,0.0,0.030637916823646,0.4813,0.04238461,4.207152912789025,0.4361429214477539,0.0,0.0422379168236459
bn_n200_w2_rigid_extreme.bif,200,2,rigid_extreme,0.5,0.6,X113,1,42,13,8192,0.0442210409841795,0.5878577592202542,0.0863624420017004,1.8996562957763672,0.0,0.5878577592202544,0.7855033080559224,9.78932762145996,0.0,OK,0.4170999999999999,0.1440468899999999,1.0218075641896576,0.3198261260986328,0.0,0.1707577592202542,0.5755,0.09124965,4.0658728731097655,0.4305353164672851,0.0,0.0123577592202541
bn_n200_w2_rigid_extreme.bif,200,2,rigid_extreme,0.5,0.7,X113,1,46,14,16384,0.0889537743321861,0.6547159682023682,0.0897087741177529,3.04536247253418,0.0,0.6547159683843092,1.0171675810124725,11.47365379333496,0.0,OK,0.6224999999999999,0.1369748499999999,0.995148843037896,0.317117691040039,0.0,0.0322159682023682,0.5817,0.1251406099999999,3.923423948232085,0.4266214370727539,0.0,0.0730159682023682
bn_n200_w2_rigid_extreme.bif,200,2,rigid_extreme,0.5,0.8,X113,1,37,14,16384,0.3104881209742068,0.8163846936763253,0.0881617900449782,3.0633602142333984,0.0,0.8163846936763256,0.6469594740774482,8.503792762756348,0.0,OK,0.8036,0.02918744,1.017356998892501,0.3193988800048828,0.0,0.0127846936763252,0.8208,0.02991816,4.1056045539211485,0.4373645782470703,0.0,0.0044153063236747
bn_n200_w2_rigid_extreme.bif,200,2,rigid_extreme,0.5,0.9,X113,1,44,5,32,0.4482075870656979,0.947621724021306,0.0869123158045113,1.1426992416381836,0.0,0.9476217240652468,0.7798370670061558,11.017693519592283,0.0,OK,0.9492999999999998,0.00417741,1.0053181771421804,0.3159284591674804,0.0,0.0016782759786938,0.953,0.0031593999999999,3.967976019904017,0.4332218170166015,0.0,0.005378275978694
bn_n200_w2_rigid_extreme.bif,200,2,rigid_extreme,0.5,1.0,X113,1,46,12,4096,0.4301711328547247,0.9993463665421904,0.0874352070968598,1.2979497909545898,0.0,0.9993463665421454,0.8458939320407808,11.057034492492676,0.0,OK,0.9993,1.6100000000000028e-06,1.0239656037883833,0.3166456222534179,0.0,4.636654219025704e-05,0.9989,3.090000000000005e-06,4.013509855605662,0.429422378540039,0.0,0.0004463665421902
bn_n200_w2_rigid_moderate.bif,200,2,rigid_moderate,0.25,0.4,X113,1,30,8,256,0.1815018489092267,0.4231537222872454,0.0966176579240709,1.4912405014038086,0.0,0.4231537222872453,0.5103006709832698,12.011467933654783,0.0,OK,0.4246999999999999,0.00028241,1.0044494680128992,0.3238058090209961,0.0,0.0015462777127545,0.4278,0.0005927599999999,4.090577245806344,0.4173221588134765,0.0,0.0046462777127546
bn_n200_w2_rigid_moderate.bif,200,2,rigid_moderate,0.25,0.5,X113,1,34,5,32,0.1449513578120542,0.5472911371102331,0.0967004687990993,1.5341758728027344,0.0,0.5472911371102334,0.7022602090146393,12.933362007141112,0.0,OK,0.5427000000000001,0.0007466099999999,0.9931960940826684,0.2978391647338867,0.0,0.004591137110233,0.5464,0.0009416399999999,3.960206517158076,0.4066152572631836,0.0,0.0008911371102331
bn_n200_w2_rigid_moderate.bif,200,2,rigid_moderate,0.25,0.6,X113,1,26,6,64,0.0653096195772844,0.5838503367194628,0.0915365430992096,1.4915838241577148,0.0,0.5838503367194621,0.4533952069468796,10.21658706665039,0.0,OK,0.5891,0.00023269,1.057293948717415,0.3009138107299804,0.0,0.0052496632805371,0.5862,0.00015696,4.319015089794993,0.4252262115478515,0.0,0.0023496632805372
bn_n200_w2_rigid_moderate.bif,200,2,rigid_moderate,0.25,0.7,X113,1,35,4,16,0.2452834956059443,0.7166954172713726,0.093176427995786,1.5125799179077148,0.0,0.716695417271372,0.710419838083908,13.287832260131836,0.0,OK,0.7064,0.0013616399999999,0.9812934496207164,0.2977018356323242,0.0,0.0102954172713726,0.7310000000000001,0.001131,3.98529585483484,0.4115314483642578,0.0,0.0143045827286274
bn_n200_w2_rigid_moderate.bif,200,2,rigid_moderate,0.25,0.8,X113,1,32,5,32,0.2308347974497628,0.7925717572362012,0.0957832541316747,1.533916473388672,0.0,0.7925717572362007,0.5710298880003393,12.715897560119627,0.0,OK,0.7944000000000001,0.0001810399999999,1.0297572050709278,0.2978086471557617,0.0,0.0018282427637988,0.7978000000000001,0.0003113599999999,4.06137613451574,0.4038867950439453,0.0,0.0052282427637988
bn_n200_w2_rigid_moderate.bif,200,2,rigid_moderate,0.25,0.9,X113,1,35,4,16,0.2660806649046003,0.8688410483778088,0.092857974814251,1.4886159896850586,0.0,0.8688410483778088,0.7072613190393895,13.380204200744627,0.0,OK,0.8666,6.264000000000012e-05,0.987528236815706,0.2977933883666992,0.0,0.0022410483778088,0.8752000000000001,4.656000000000008e-05,3.962897945870645,0.4076910018920898,0.0,0.0063589516221912
bn_n200_w2_rigid_moderate.bif,200,2,rigid_moderate,0.25,1.0,X113,1,36,4,16,0.4199177703988946,1.0,0.0943717169575393,1.4955434799194336,0.0,1.0,0.7152557759545743,13.900752067565918,0.0,OK,1.0,0.0,0.973787766462192,0.2991819381713867,0.0,0.0,1.0,0.0,3.911923114326784,0.4115514755249023,0.0,0.0
bn_n200_w2_rigid_moderate.bif,200,2,rigid_moderate,0.5,0.4,X113,1,39,10,1024,0.0446990117228656,0.4214326745896115,0.127930206945166,1.2548513412475586,0.0,0.4214326746465774,33.8663337060716,9.367840766906738,0.0,OK,0.5317000000000001,0.01145761,1.0149392398539931,0.3194227218627929,0.0,0.1102673254103885,0.5294000000000001,0.0455042399999999,4.094676765450276,0.4347476959228515,0.0,0.1079673254103886
bn_n200_w2_rigid_moderate.bif,200,2,rigid_moderate,0.5,0.5,X113,1,39,9,512,0.0701529813239975,0.5027947129047452,0.0777125840540975,1.184767723083496,0.0,0.5027947129160645,1.0339062188286334,9.910196304321287,0.0,OK,0.4948,0.00113336,0.9869400106137618,0.3180189132690429,0.0,0.0079947129047451,0.5307,0.0007876099999999,3.9988074479158966,0.4546499252319336,0.0,0.0279052870952547
bn_n200_w2_rigid_moderate.bif,200,2,rigid_moderate,0.5,0.6,X113,1,32,17,131072,0.177986831107523,0.5905641791320512,0.0989763350225985,18.79967403411865,20.5625,0.5905641797174078,1.009031387977302,7.914959907531738,0.0,OK,0.5364,0.0280040399999999,1.0192294146865606,0.3189725875854492,0.0,0.0541641791320511,0.681,0.0205877999999999,4.030822460609488,0.4317035675048828,0.0,0.0904358208679488
bn_n200_w2_rigid_moderate.bif,200,2,rigid_moderate,0.5,0.7,X113,1,34,19,524288,0.2730554363437072,0.7280009618956845,0.1145717611070722,72.79788112640381,173.1875,0.728000961895684,0.6280255641322583,7.855379104614258,0.0,OK,0.7308999999999999,0.00053009,1.0186379159567878,0.3205060958862304,0.0,0.0028990381043153,0.7326,0.00030824,4.120918024121783,0.437631607055664,0.0,0.0045990381043155
bn_n200_w2_rigid_moderate.bif,200,2,rigid_moderate,0.5,0.8,X113,1,36,10,1024,0.3576202833009205,0.8395801843169554,0.0876750741153955,1.2000112533569336,0.0,0.8395801843765862,0.8905990580096841,8.732588768005371,0.0,OK,0.8332999999999998,0.0002836099999999,1.0167511811247096,0.3173933029174804,0.0,0.0062801843169555,0.8369,0.00014929,4.023777381563559,0.4317493438720703,0.0,0.0026801843169553
bn_n200_w2_rigid_moderate.bif,200,2,rigid_moderate,0.5,0.9,X113,1,40,12,4096,0.4184481852100848,0.9236284572454004,0.0877844800706952,1.3665380477905271,0.0,0.9236284572454008,0.7182311860378832,9.84140396118164,0.0,OK,0.9266,0.0002414399999999,0.9977820974774658,0.3185148239135742,4.0625,0.0029715427545994,0.9216,0.0001146399999999,3.953611899376847,0.429758071899414,0.0,0.0020284572454005
bn_n200_w2_rigid_moderate.bif,200,2,rigid_moderate,0.5,1.0,X113,1,39,19,524288,0.3974015697012842,1.0,0.1030626990832388,72.78856563568115,173.1875,1.0,0.6590450329240412,9.290985107421877,0.0,OK,1.0,0.0,1.008919882355258,0.3189802169799804,0.0,1.1102230246251563e-16,1.0,0.0,4.13102239780128,0.4406757354736328,0.0,1.1102230246251563e-16
bn_n200_w2_spread_bias_high.bif,200,2,spread_bias_high,0.25,0.5,X17,1,33,4,16,0.1642020068118626,0.4962061327726832,0.0954390149563551,1.451155662536621,0.0,0.4962061327726834,0.6540605681948364,12.391626358032228,0.0,OK,0.5076,0.00015864,1.0292974333046003,0.2978544235229492,0.0,0.0113938672273168,0.492,0.0001896,4.01654612775892,0.4057531356811523,0.0,0.0042061327726832
bn_n200_w2_spread_bias_high.bif,200,2,spread_bias_high,0.25,0.6,X17,1,31,4,16,0.1682383298806363,0.5658582891468386,0.094071441097185,1.4456396102905271,0.0,0.5658582891468394,0.5225066309794784,11.962006568908691,0.0,OK,0.5603,0.0002922099999999,1.0046937897102908,0.2961912155151367,0.0,0.0055582891468385,0.5686000000000002,0.0002750399999999,4.005145933339373,0.4265089035034179,0.0,0.0027417108531616
bn_n200_w2_spread_bias_high.bif,200,2,spread_bias_high,0.25,0.7,X17,1,37,3,8,0.2968403905367084,0.7382608387292852,0.0925375749357044,1.4601812362670898,0.0,0.7382608387292852,0.7501162670087069,14.424208641052246,0.0,OK,0.7441,0.00031809,0.962993857031688,0.2965040206909179,0.0,0.0058391612707148,0.7393000000000001,0.00012101,3.8384650599211456,0.4056539535522461,0.0,0.0010391612707149
bn_n200_w2_spread_bias_high.bif,200,2,spread_bias_high,0.25,0.8,X17,1,40,3,8,0.1022258696824318,0.7955421939752282,0.0977010198403149,1.4691534042358398,0.0,0.7955421939752276,0.7974679940380156,15.339034080505373,0.0,OK,0.7993000000000001,0.0003098099999999,0.973559881420806,0.2964429855346679,0.0,0.0037578060247719,0.7983,0.0001730099999999,3.860886531509459,0.4062671661376953,0.0,0.0027578060247718
bn_n200_w2_spread_bias_high.bif,200,2,spread_bias_high,0.25,0.9,X17,1,32,5,32,0.0967719814263033,0.8681823255240877,0.0965858940035104,1.4469366073608398,0.0,0.8681823255240879,0.5300583599600941,12.319701194763184,0.0,OK,0.865,0.000107,1.009231401863508,0.2985868453979492,0.0,0.0031823255240877,0.8693,9.801000000000018e-05,4.023431156529114,0.4046545028686523,0.0,0.0011176744759122
bn_n200_w2_spread_bias_high.bif,200,2,spread_bias_high,0.25,1.0,X17,1,36,3,8,0.4995525898925987,1.0,0.0917013180442154,1.4231557846069336,0.0,1.0,0.7130050770938396,13.971298217773438,0.0,OK,1.0,0.0,0.9676958784926682,0.2959852218627929,0.0,0.0,1.0,0.0,3.875786498608068,0.4014225006103515,0.0,0.0
bn_n200_w2_spread_bias_high.bif,200,2,spread_bias_high,0.5,0.5,X17,1,43,7,128,0.1642020068118626,0.4962061327726832,0.0846861170139163,1.0605535507202148,0.0,0.4962061327726836,0.745304896030575,10.587320327758787,0.0,OK,0.4898,0.00027856,1.0175153358839453,0.3194532394409179,0.0,0.0064061327726831,0.4856,0.00020424,3.9951300264569,0.4261112213134765,0.0,0.0106061327726832
bn_n200_w2_spread_bias_high.bif,200,2,spread_bias_high,0.5,0.6,X17,1,43,11,2048,0.2637750440522927,0.6233869653335553,0.082434096140787,1.073012351989746,0.0,0.623386965333555,0.7390439170412719,10.646524429321287,0.0,OK,0.6113999999999999,0.00034684,1.0012740860693157,0.3166151046752929,0.0,0.0119869653335553,0.6261,0.00038969,3.971254984755069,0.4269962310791015,0.0,0.0027130346664446
bn_n200_w2_spread_bias_high.bif,200,2,spread_bias_high,0.5,0.7,X17,1,38,11,2048,0.3236578684241623,0.7255126458497503,0.0832589650526642,1.266010284423828,0.0,0.7255126458497501,0.6721493110526353,9.469670295715332,0.0,OK,0.7228999999999999,0.00051149,1.0130714369937777,0.3176984786987304,0.0,0.0026126458497504,0.7212,0.00021996,3.994472159538418,0.4313602447509765,0.0,0.0043126458497503
bn_n200_w2_spread_bias_high.bif,200,2,spread_bias_high,0.5,0.8,X17,1,40,9,512,0.3644902451842764,0.7933332618691122,0.0859584917780011,1.0950689315795898,0.0,0.7933332618691128,0.676300599006936,9.79536247253418,0.0,OK,0.7912,0.00037476,1.021944797108881,0.3163633346557617,0.0,0.0021332618691122,0.778,0.0002496,4.063238073186949,0.4274005889892578,0.0,0.0153332618691122
bn_n200_w2_spread_bias_high.bif,200,2,spread_bias_high,0.5,0.9,X17,1,35,13,8192,0.1067690989026127,0.8975648497826697,0.0850340111646801,1.8781423568725584,0.0,0.8975648497826699,0.6546515820082277,8.813834190368652,0.0,OK,0.8987000000000002,3.841000000000006e-05,1.0031951079145074,0.3171415328979492,0.0,0.0011351502173304,0.9025,0.00011265,3.939597239717841,0.4472646713256836,0.0,0.0049351502173303
bn_n200_w2_spread_bias_high.bif,200,2,spread_bias_high,0.5,1.0,X17,1,48,13,8192,0.4992059238732091,1.0,0.0854772599413991,1.8136053085327148,0.0,1.0,0.7995020931120962,11.985383987426758,0.0,OK,1.0,0.0,0.9954740047222004,0.3147687911987304,0.0,0.0,1.0,0.0,3.879540923330933,0.4219532012939453,0.0,0.0
bn_n200_w2_spread_bias_low.bif,200,2,spread_bias_low,0.25,0.6,X71,1,32,4,16,0.1640923039264625,0.6375913319518214,0.0926284440793097,1.5083580017089844,0.0,0.6375913319518222,0.532237489009276,12.469256401062012,0.0,OK,0.6501,0.0013452899999999,1.0073030127212406,0.2959241867065429,0.0,0.0125086680481786,0.6392999999999999,0.0017270099999999,3.8444880192168056,0.4090719223022461,0.0,0.0017086680481784
bn_n200_w2_spread_bias_low.bif,200,2,spread_bias_low,0.25,0.7,X71,1,35,3,8,0.1991061521297342,0.7437272082375714,0.0912897060625255,1.5102653503417969,0.0,0.7437272082375713,0.7014316420536488,13.207382202148438,0.0,OK,0.7361000000000001,0.00056269,1.0368963162880391,0.2979078292846679,0.0,0.0076272082375713,0.7461,0.00030429,4.054659464838915,0.4300413131713867,0.0,0.0023727917624285
bn_n200_w2_spread_bias_low.bif,200,2,spread_bias_low,0.25,0.8,X71,1,34,4,16,0.3571675677219976,0.8409820346944568,0.092787706060335,1.466567039489746,0.0,0.8409820346944569,0.5686963088810444,12.406336784362791,0.0,OK,0.8417999999999999,0.0003517599999999,1.055164291895926,0.2979383468627929,0.0,0.0008179653055431,0.8341999999999998,0.0001881599999999,4.126569923595525,0.409250259399414,0.0,0.0067820346944569
bn_n200_w2_spread_bias_low.bif,200,2,spread_bias_low,0.25,0.9,X71,1,32,10,1024,0.0580796195674521,0.8710195456681953,0.0950056500732898,1.5145378112792969,0.0,0.8710195456681962,0.5306356381624937,12.25130844116211,0.0,OK,0.8705,0.00017385,1.011370334285311,0.3198919296264648,0.0,0.0005195456681952,0.8664,9.484000000000016e-05,3.940422165254131,0.4005298614501953,0.0,0.0046195456681953
bn_n200_w2_spread_bias_low.bif,200,2,spread_bias_low,0.25,1.0,X71,1,36,3,8,0.4500945769637596,0.9755020064533524,0.089748254045844,1.461043357849121,0.0,0.9755020064533526,0.7286910878028721,13.89360523223877,0.0,OK,0.9735,2.5650000000000044e-05,1.0198325653094795,0.2974653244018554,0.0,0.0020020064533525,0.9751,2.9290000000000057e-05,3.952129323175177,0.4119892120361328,0.0,0.0004020064533524
bn_n200_w2_spread_bias_low.bif,200,2,spread_bias_low,0.5,0.5,X71,1,42,7,128,0.0224737269665744,0.5218539002846835,0.0864857311826199,1.1877660751342771,0.0,0.5218539002846834,0.7755047469399869,10.670602798461914,0.0,OK,0.5412000000000001,0.0032755599999999,1.029904074384831,0.3174161911010742,0.0,0.0193460997153166,0.5349999999999999,0.0021507999999999,3.957287028222345,0.4291706085205078,0.0,0.0131460997153164
bn_n200_w2_spread_bias_low.bif,200,2,spread_bias_low,0.5,0.6,X71,1,42,8,256,0.0947180354120177,0.5907755859049745,0.0830385140143334,1.1012029647827148,0.0,0.5907755859049749,0.7260336398612708,9.846202850341797,0.0,OK,0.5868,0.0007183599999999,1.0691556460922584,0.3184080123901367,0.0,0.0039755859049744,0.5992,0.00066996,4.097212435840629,0.4318256378173828,0.0,0.0084244140950254
bn_n200_w2_spread_bias_low.bif,200,2,spread_bias_low,0.5,0.7,X71,1,33,14,16384,0.0980880671385387,0.7126159720664298,0.0876471081282943,4.549155235290527,0.0,0.7126159720664297,0.6047204709611833,8.305307388305664,0.0,OK,0.6928000000000001,0.0002917599999999,1.0361209880560636,0.3337240219116211,0.0,0.0198159720664297,0.7128000000000001,0.0005843599999999,4.0489672990748655,0.4342823028564453,0.0,0.0001840279335703
bn_n200_w2_spread_bias_low.bif,200,2,spread_bias_low,0.5,0.8,X71,1,38,12,4096,0.1393432048918454,0.8126264984967735,0.0855976061429828,1.431255340576172,0.0,0.812626498496774,0.6880195250269026,9.763916015625,0.0,OK,0.8143999999999998,0.0008636399999999,1.0325057710986585,0.3180265426635742,0.0,0.0017735015032263,0.8211,0.0002042899999999,4.015544238686561,0.4301319122314453,0.0,0.0084735015032265
bn_n200_w2_spread_bias_low.bif,200,2,spread_bias_low,0.5,0.9,X71,1,34,10,1024,0.2154075855180893,0.9122915985767448,0.084473866969347,1.1465444564819336,0.0,0.912291598576746,0.6358545499388129,8.052877426147461,0.0,OK,0.9153,0.0001352099999999,1.0560618397546933,0.3193082809448242,0.0,0.003008401423255,0.9161,8.309000000000014e-05,4.107895523519256,0.4381017684936523,0.0,0.003808401423255
bn_n200_w2_spread_bias_low.bif,200,2,spread_bias_low,0.5,1.0,X71,1,43,14,16384,0.4540395915112913,0.9773334899390582,0.0851460369303822,3.025404930114746,0.0,0.9773334899390576,0.76822674786672,10.26644515991211,0.0,OK,0.9787,3.241000000000006e-05,1.047863349923864,0.3175153732299804,0.0,0.0013665100609419,0.9754,3.1040000000000055e-05,4.039417144516483,0.4590673446655273,0.0,0.0019334899390582
bn_n200_w2_uncertain_moderate.bif,200,2,uncertain_moderate,0.25,0.4,X147,1,38,3,8,0.0195373572872492,0.3575834838747574,0.0910934899002313,1.471388816833496,0.0,0.3575834838747573,0.7434965840075165,14.42895793914795,0.0,OK,0.3558,0.0002143599999999,0.9583478313637898,0.2969465255737304,0.0,0.0017834838747573,0.3560999999999999,0.00032409,3.85746189802885,0.3972463607788086,0.0,0.0014834838747574
bn_n200_w2_uncertain_moderate.bif,200,2,uncertain_moderate,0.25,0.5,X147,1,30,5,32,0.0203029305625056,0.5240893379499311,0.0930593069642782,1.5031013488769531,0.0,0.524089337949931,0.5062180019449443,11.906060218811035,0.0,OK,0.5201,0.00012429,0.9442063458962366,0.2953443527221679,0.0,0.003989337949931,0.5329,0.0002216899999999,3.837675828603096,0.3963794708251953,0.0,0.0088106620500689
bn_n200_w2_uncertain_moderate.bif,200,2,uncertain_moderate,0.25,0.6,X147,1,36,5,32,0.0118991785391157,0.6473482597565514,0.0899412969592958,1.4744558334350586,0.0,0.6473482597565514,0.7409363931510597,13.577105522155762,0.0,OK,0.6489,0.00032269,0.9857568768085913,0.2978010177612304,0.0,0.0015517402434486,0.6496999999999999,0.00012421,3.987888285284862,0.4240484237670898,0.0,0.0023517402434485
bn_n200_w2_uncertain_moderate.bif,200,2,uncertain_moderate,0.25,0.7,X147,1,32,5,32,0.0472614637777552,0.6504206016782332,0.0899094890337437,1.453413963317871,0.0,0.6504206016782335,0.5305109638720751,12.276896476745604,0.0,OK,0.6505,0.00013925,0.9750837336992844,0.2985715866088867,0.0,7.939832176673267e-05,0.643,8.940000000000015e-05,3.957777080521919,0.4031209945678711,0.0,0.0074206016782332
bn_n200_w2_uncertain_moderate.bif,200,2,uncertain_moderate,0.25,0.8,X147,1,38,5,32,0.2648760086343629,0.761120068853156,0.0952727070543915,1.4664068222045898,0.0,0.7611200688531556,0.7556019921321422,14.437430381774902,0.0,OK,0.7632,0.00011416,0.9738983678864316,0.2968778610229492,0.0,0.002079931146844,0.7575000000000001,0.00022185,3.8936517339898273,0.3960742950439453,0.0,0.0036200688531559
bn_n200_w2_uncertain_moderate.bif,200,2,uncertain_moderate,0.25,0.9,X147,1,34,7,128,0.317205428350393,0.8935632162856377,0.0944378268904984,1.505634307861328,0.0,0.8935632162856376,0.673114919802174,13.00026035308838,0.0,OK,0.8936999999999999,0.00013801,0.9781282705254852,0.2956418991088867,0.0,0.0001367837143622,0.8937999999999999,8.556000000000015e-05,3.9248738510068506,0.3983478546142578,0.0,0.0002367837143621
bn_n200_w2_uncertain_moderate.bif,200,2,uncertain_moderate,0.25,1.0,X147,1,34,5,32,0.4602854236415669,1.0,0.0912456749938428,1.458418846130371,0.0,1.0,0.6942758809309453,13.016667366027832,0.0,OK,1.0,0.0,0.9716175455600023,0.2975568771362304,0.0,0.0,1.0,0.0,3.9086593916174026,0.3950519561767578,0.0,0.0
bn_n200_w2_uncertain_moderate.bif,200,2,uncertain_moderate,0.5,0.4,X147,1,40,10,1024,0.1386351287384639,0.3879287841095996,0.0844761368352919,1.0973730087280271,0.0,0.3879287841095997,0.6886089639738202,10.191436767578123,0.0,OK,0.3853999999999999,0.0002122399999999,0.9719481388339772,0.3151273727416992,0.0,0.0025287841095996,0.3957,0.00031401,3.902872039051727,0.4149112701416015,0.0,0.0077712158904004
bn_n200_w2_uncertain_moderate.bif,200,2,uncertain_moderate,0.5,0.5,X147,1,42,13,8192,0.0097596722236489,0.5245556584168597,0.0886992940213531,2.009868621826172,0.0,0.52455565841686,0.8123025959357619,9.768609046936035,0.0,OK,0.5172999999999999,0.0003562099999999,1.02766354738269,0.3178510665893554,0.0,0.0072556584168598,0.5243,0.00033661,4.051547961356119,0.4234943389892578,0.0,0.0002556584168597
bn_n200_w2_uncertain_moderate.bif,200,2,uncertain_moderate,0.5,0.6,X147,1,40,15,32768,0.2046267664003845,0.6137705871289737,0.0867730861064046,5.319731712341309,0.0,0.6137705871289735,0.7008375858422369,10.205867767333984,0.0,OK,0.6123000000000001,0.00024061,0.990609887824394,0.3167676925659179,0.0,0.0014705871289736,0.6184999999999999,0.00055085,3.905129923066125,0.416482925415039,0.0,0.0047294128710262
bn_n200_w2_uncertain_moderate.bif,200,2,uncertain_moderate,0.5,0.7,X147,1,38,15,32768,0.2355015915810353,0.6721070301018208,0.0880793749820441,5.328230857849121,0.0,0.6721070301018209,1.2957814219407735,9.225326538085938,0.0,OK,0.6713000000000001,0.0004838099999999,0.992074062419124,0.3171415328979492,0.0,0.0008070301018207,0.6685000000000001,0.0003096499999999,3.9753087771357967,0.4216251373291015,0.0,0.0036070301018207
bn_n200_w2_uncertain_moderate.bif,200,2,uncertain_moderate,0.5,0.8,X147,1,41,11,2048,0.2383564980506918,0.8489485466706409,0.0877659458201378,1.1464147567749023,0.0,0.8489485466706412,0.7411745069548488,10.347609519958496,0.0,OK,0.8501,0.00015749,0.9812279036734252,0.3165159225463867,0.0,0.001151453329359,0.849,0.000126,3.921950909355656,0.417886734008789,0.0,5.145332935907465e-05
bn_n200_w2_uncertain_moderate.bif,200,2,uncertain_moderate,0.5,0.9,X147,1,37,8,256,0.3640346377368241,0.890269175386291,0.0858082831837236,1.1344976425170898,0.0,0.8902691753862906,0.8045754299964756,9.02069091796875,0.0,OK,0.8923,0.00017641,1.002555337129161,0.3177595138549804,0.0,0.0020308246137089,0.892,8.540000000000015e-05,3.9960995114641262,0.4262409210205078,0.0,0.0017308246137089
bn_n200_w2_uncertain_moderate.bif,200,2,uncertain_moderate,0.5,1.0,X147,1,41,10,1024,0.134196356537578,1.0,0.0845819860696792,1.1196889877319336,0.0,1.0,0.7432242638897151,9.47759246826172,0.0,OK,1.0,0.0,1.005658655706793,0.3179807662963867,0.0,0.0,1.0,0.0,4.00163524618838,0.4182300567626953,0.0,0.0
bn_n200_w2_uncertain_strong.bif,200,2,uncertain_strong,0.25,0.4,X172,1,35,3,8,0.0169037285449871,0.3781264232816216,0.0946192569099366,1.5462532043457031,0.0,0.3781264232816216,0.708288901951164,13.211207389831545,0.0,OK,0.379,5.520000000000011e-05,1.019949224195443,0.2996320724487304,0.0,0.0008735767183783,0.3790999999999999,0.00029529,4.02401583630126,0.4240255355834961,0.0,0.0009735767183783
bn_n200_w2_uncertain_strong.bif,200,2,uncertain_strong,0.25,0.5,X172,1,36,4,16,0.0082147871560066,0.5111231824446492,0.0946438959799707,1.5120277404785156,0.0,0.5111231824446494,0.7131476879585534,13.723313331604004,0.0,OK,0.5027000000000001,0.00018121,1.0015497932909057,0.2979383468627929,0.0,0.008423182444649,0.5009,0.00013569,3.936683613015339,0.4126911163330078,0.0,0.0102231824446491
bn_n200_w2_uncertain_strong.bif,200,2,uncertain_strong,0.25,0.6,X172,1,34,5,32,0.0062398155166106,0.609106296199017,0.0985457841306924,1.5244255065917969,0.0,0.6091062961990171,0.7040729140862823,13.008393287658691,0.0,OK,0.6144,0.00026304,1.0044936615973712,0.3295660018920898,0.0,0.0052937038009829,0.6056,0.00026044,3.9564545629313215,0.4204549789428711,0.0,0.0035062961990169
bn_n200_w2_uncertain_strong.bif,200,2,uncertain_strong,0.25,0.7,X172,1,34,7,128,0.0680598605933394,0.7346942514136993,0.0959702839609235,1.5323143005371094,0.0,0.734694251413699,0.5852332711219788,12.478923797607422,0.0,OK,0.7341,0.00019249,1.059505404625088,0.3011808395385742,0.0,0.0005942514136992,0.7318,0.00016436,4.159971762937493,0.4222278594970703,0.0,0.0028942514136992
bn_n200_w2_uncertain_strong.bif,200,2,uncertain_strong,0.25,0.8,X172,1,31,4,16,0.113154769391346,0.8494887452127619,0.0903984678443521,1.5071477890014648,0.0,0.8494887452127615,0.4762255901005119,11.611923217773438,0.0,OK,0.8450000000000001,0.0001484,1.057122133113444,0.3008069992065429,0.0,0.0044887452127617,0.8513,0.00010001,4.207900530775078,0.4200153350830078,0.0,0.001811254787238
bn_n200_w2_uncertain_strong.bif,200,2,uncertain_strong,0.25,0.9,X172,1,36,3,8,0.127500221949921,0.9025702885335658,0.0938253928907215,1.4993858337402344,0.0,0.9025702885335664,0.7203771299682558,13.888246536254885,0.0,OK,0.8999,7.689000000000013e-05,1.0113874051487073,0.2975263595581054,0.0,0.0026702885335657,0.9002000000000001,2.096000000000004e-05,3.918824138352648,0.4117298126220703,0.0,0.0023702885335656
bn_n200_w2_uncertain_strong.bif,200,2,uncertain_strong,0.25,1.0,X172,1,31,6,64,0.0277849138426087,1.0,0.0966226127929985,1.4554128646850586,0.0,1.0,0.531886019045487,11.84853458404541,0.0,OK,1.0,0.0,1.027186181442812,0.2993116378784179,0.0,0.0,1.0,0.0,4.038559830933809,0.4206714630126953,0.0,0.0
bn_n200_w2_uncertain_strong.bif,200,2,uncertain_strong,0.5,0.4,X172,1,40,14,16384,0.0090182178636105,0.3520142424063073,0.0971795539371669,3.021986961364746,0.0,0.3520142424063073,1.7122625110205263,9.088156700134276,0.0,OK,0.3545,0.0002582499999999,1.042675681062974,0.3188734054565429,0.0,0.0024857575936926,0.3535,0.00027045,4.079069337015971,0.4403553009033203,0.0,0.0014857575936926
bn_n200_w2_uncertain_strong.bif,200,2,uncertain_strong,0.5,0.5,X172,1,37,15,32768,0.0163804600157947,0.5126226854068838,0.0794665371067822,5.627745628356934,0.0,0.5126226854068838,0.6493396270088851,9.156002044677734,0.0,OK,0.4994,0.00024824,1.033042878261767,0.3189725875854492,0.0,0.0132226854068837,0.5164000000000001,0.00023744,4.031476938095875,0.4631795883178711,0.0,0.0037773145931162
bn_n200_w2_uncertain_strong.bif,200,2,uncertain_strong,0.5,0.6,X172,1,38,14,16384,0.0247261466135914,0.5904503948444187,0.0672403860371559,3.0144948959350586,0.0,0.5904503948444183,0.805946130072698,8.411971092224121,0.0,OK,0.5941,0.0003836899999999,1.059114994853735,0.3200025558471679,0.0,0.0036496051555812,0.5894999999999999,0.00011665,4.191352067491971,0.450723648071289,0.0,0.0009503948444188
bn_n200_w2_uncertain_strong.bif,200,2,uncertain_strong,0.5,0.7,X172,1,38,21,2097152,0.0589787624759116,0.6903704871589892,0.2310916488058865,288.7673330307007,809.3125,0.690370487158989,1.652886948082596,8.931897163391113,0.0,OK,0.6900000000000001,0.0002603999999999,1.0385596819687637,0.3184766769409179,0.0,0.0003704871589891,0.6902999999999999,0.0001224099999999,4.045007759029977,0.444162368774414,0.0,7.048715898927416e-05
bn_n200_w2_uncertain_strong.bif,200,2,uncertain_strong,0.5,0.8,X172,1,44,13,8192,0.066453460713615,0.7584811219608031,0.0844238540157675,1.894125938415528,0.0,0.7584811219608033,0.7407227349467576,10.378979682922363,0.0,OK,0.7531000000000001,0.00046069,1.0274533776100725,0.3176374435424804,0.0,0.0053811219608029,0.7553,0.00015321,4.004379942803643,0.4420948028564453,0.0,0.0031811219608031
bn_n200_w2_uncertain_strong.bif,200,2,uncertain_strong,0.5,0.9,X172,1,43,13,8192,0.1508385669482509,0.9142968712572676,0.087218859931454,1.8828039169311523,0.0,0.9142968712572676,0.7623085309751332,9.83281135559082,0.0,OK,0.9144,0.00017184,1.034316977718845,0.3212995529174804,0.0,0.0001031287427324,0.9142,7.276000000000014e-05,4.093976221000776,0.4425830841064453,0.0,9.687125726742796e-05
bn_n200_w2_uncertain_strong.bif,200,2,uncertain_strong,0.5,1.0,X172,1,39,18,262144,0.1552068053837,1.0,0.1078636851161718,36.82791042327881,57.6875,1.0,0.7165152858942747,8.78451156616211,0.0,OK,1.0,0.0,1.064618547540158,0.3195295333862304,0.0,0.0,1.0,0.0,4.162845551921055,0.4450855255126953,0.0,0.0
bn_n200_w2_uniform.bif,200,2,uniform,0.25,0.4,X196,1,35,3,8,0.0762565080111624,0.4271480796470709,0.0914746238850057,1.474989891052246,0.0,0.427148079647071,0.5804500980302691,13.790264129638672,0.0,OK,0.4277999999999999,0.00022696,1.0036960613913837,0.2961301803588867,0.0,0.0006519203529289,0.4296,0.0003302399999999,3.982721711625345,0.4022541046142578,0.0,0.002451920352929
bn_n200_w2_uniform.bif,200,2,uniform,0.25,0.5,X196,1,36,5,32,0.0448461213086452,0.5132605336899444,0.0949737729970365,1.4924993515014648,0.0,0.513260533689945,0.8001065859571099,13.875450134277344,0.0,OK,0.5103,0.00020541,0.9592563511570916,0.2954511642456054,0.0,0.0029605336899444,0.5189,0.00030509,3.779802211513743,0.4089374542236328,0.0,0.0056394663100556
bn_n200_w2_uniform.bif,200,2,uniform,0.25,0.6,X196,1,35,7,128,0.2100441552843639,0.5842342278261796,0.0907841820735484,1.4812383651733398,0.0,0.5842342278261797,0.7240935659501702,13.609285354614258,0.0,OK,0.5831,0.0001706899999999,0.9749683656264096,0.2968244552612304,0.0,0.0011342278261796,0.5868,0.0004741599999999,3.805773136834614,0.394052505493164,0.0,0.0025657721738203
bn_n200_w2_uniform.bif,200,2,uniform,0.25,0.7,X196,1,37,5,32,0.2778498956512818,0.6698131213831481,0.0921003308612853,1.497722625732422,0.0,0.6698131213831482,0.7362943170592189,14.425408363342283,0.0,OK,0.6684000000000001,0.0001372399999999,0.9434378216974436,0.2943677902221679,0.0,0.0014131213831479,0.675,0.0001803999999999,3.687969547905959,0.3946027755737304,0.0,0.0051868786168519
bn_n200_w2_uniform.bif,200,2,uniform,0.25,0.8,X196,1,37,3,8,0.3297575178700316,0.812465269528665,0.092457409016788,1.4671087265014648,0.0,0.8124652695286646,0.7292180128861219,14.444884300231934,0.0,OK,0.8138,0.0001959599999999,0.9344676211243496,0.2947721481323242,0.0,0.0013347304713349,0.8148,6.995999999999927e-05,3.676909410697408,0.3954153060913086,0.0,0.0023347304713349
bn_n200_w2_uniform.bif,200,2,uniform,0.25,0.9,X196,1,36,3,8,0.4602244594101355,0.9476993476557674,0.0946838310919702,1.534770965576172,0.0,0.9476993476557676,0.7287009418942034,13.804006576538086,0.0,OK,0.9421,5.788999999999964e-05,0.9570586546324192,0.2959623336791992,0.0,0.0055993476557674,0.9522,0.0001141599999999,3.776325611490756,0.3986835479736328,0.0,0.0045006523442326
bn_n200_w2_uniform.bif,200,2,uniform,0.25,1.0,X196,1,33,4,16,0.3914519827677204,1.0,0.0792074440978467,1.4537420272827148,0.0,1.0,0.6587773519568145,12.776480674743652,0.0,OK,1.0,0.0,0.9544853730825708,0.2963209152221679,0.0,0.0,1.0,0.0,3.758359478530474,0.4149503707885742,0.0,0.0
bn_n200_w2_uniform.bif,200,2,uniform,0.5,0.4,X196,1,40,12,4096,0.0156303096562461,0.3777088005894728,0.0932030489202588,1.4253835678100586,0.0,0.3777088005894729,0.7654647899325937,9.55038833618164,0.0,OK,0.3773999999999999,0.00018424,0.9966713556088508,0.3192319869995117,0.0,0.0003088005894728,0.3917,0.00021121,3.867336603347212,0.4221515655517578,0.0,0.0139911994105272
bn_n200_w2_uniform.bif,200,2,uniform,0.5,0.5,X196,1,45,8,256,0.0621813089524384,0.4613198340192366,0.0885304019320756,1.122206687927246,0.0,0.4613198340192367,0.7704177149571478,11.437576293945312,0.0,OK,0.4523,0.0003608099999999,0.9748203001916408,0.3162260055541992,0.0,0.0090198340192366,0.4648,0.0006857599999999,3.774243028089404,0.4446554183959961,0.0,0.0034801659807633
bn_n200_w2_uniform.bif,200,2,uniform,0.5,0.6,X196,1,39,6,64,0.1160421193252805,0.6456935158338097,0.0939672631211578,1.202712059020996,0.0,0.6456935158338096,6.107730115996674,9.800437927246094,0.0,OK,0.6402,0.0005427599999999,1.0168630647007375,0.3165159225463867,0.0,0.0054935158338097,0.6436,0.00039024,3.885989807825536,0.421396255493164,0.0,0.0020935158338097
bn_n200_w2_uniform.bif,200,2,uniform,0.5,0.7,X196,1,35,13,8192,0.2073068242165834,0.6707600199361782,0.0849157171323895,2.100424766540528,0.0,0.6707600199361785,0.7256953320465982,8.974806785583496,0.0,OK,0.6945,0.0007120499999999,0.986965004587546,0.3179197311401367,0.0,0.0237399800638218,0.6828000000000001,0.0006283599999999,3.8277650929987432,0.4260578155517578,0.0,0.0120399800638218
bn_n200_w2_uniform.bif,200,2,uniform,0.5,0.8,X196,1,45,6,64,0.1975094552450961,0.7922756857332991,0.0848393880296498,1.1187810897827148,0.0,0.792275685733299,0.8306735758669674,11.34184741973877,0.0,OK,0.7777000000000001,0.00071761,0.9820905918022618,0.3162641525268554,0.0,0.014575685733299,0.7979999999999998,0.0003417999999999,3.828977961279452,0.4224262237548828,0.0,0.0057243142667007
bn_n200_w2_uniform.bif,200,2,uniform,0.5,0.9,X196,1,37,8,256,0.4499035862542225,0.94742175741779,0.0800206779967993,1.0936574935913086,0.0,0.9474217574177902,1.6838110981043428,9.4136962890625,0.0,OK,0.9505,7.364999999999983e-05,0.9810266010230408,0.3177442550659179,0.0,0.0030782425822099,0.9433,8.160999999999944e-05,3.823239418654704,0.4237613677978515,0.0,0.0041217574177899
bn_n200_w2_uniform.bif,200,2,uniform,0.5,1.0,X196,1,43,6,64,0.0152179321316481,1.0,0.0827900238800793,1.074141502380371,0.0,1.0,0.755554020171985,10.363633155822754,0.0,OK,1.0,0.0,0.9828884029295296,0.3181486129760742,0.0,0.0,1.0,0.0,3.8735052419127896,0.4248523712158203,0.0,0.0
bn_n200_w6_concentrated_bias_high.bif,200,6,concentrated_bias_high,0.25,0.4,X103,1,22,12,4096,0.0800946939740809,0.4038102917934558,0.0981836661230772,1.6708135604858398,0.0,0.4038102947665925,3.4809474570211023,7.957798004150391,0.0,OK,0.3993999999999999,0.0002180399999999,1.0717136785853654,0.3099241256713867,0.0,0.0044102917934559,0.3998,0.0005663599999999,4.4554353702114895,0.465585708618164,0.0,0.0040102917934558
bn_n200_w6_concentrated_bias_high.bif,200,6,concentrated_bias_high,0.25,0.5,X103,1,24,7,128,0.2255890691930109,0.5319154199653072,0.101033461978659,1.644916534423828,0.0,0.5319154199653077,0.4683016829658299,8.325655937194824,0.0,OK,0.5279999999999999,0.0002656,1.1102544892579318,0.3085889816284179,0.0,0.0039154199653073,0.5307999999999999,0.00026636,4.643948638066649,0.4720172882080078,0.0,0.0011154199653072
bn_n200_w6_concentrated_bias_high.bif,200,6,concentrated_bias_high,0.25,0.6,X103,1,30,4,16,0.2839759332842826,0.6464682082443411,0.1002670708112418,1.6225624084472656,0.0,0.6464682082443415,0.543958785943687,11.044809341430664,0.0,OK,0.6487,0.00029321,1.032819413812831,0.3058347702026367,0.0,0.0022317917556589,0.6527000000000001,0.00025261,4.260967579577118,0.4592609405517578,0.0,0.0062317917556589
bn_n200_w6_concentrated_bias_high.bif,200,6,concentrated_bias_high,0.25,0.7,X103,1,31,6,64,0.2109947195321543,0.7226594746070489,0.1046959180384874,1.6384162902832031,0.0,0.7226594746070485,0.5596473910845816,11.015494346618652,0.0,OK,0.7201000000000001,0.00013109,1.04476219965145,0.3069334030151367,0.0,0.0025594746070488,0.7157,0.00016881,4.332261575851589,0.4553165435791015,0.0,0.0069594746070489
bn_n200_w6_concentrated_bias_high.bif,200,6,concentrated_bias_high,0.25,0.8,X103,1,30,11,2048,0.173412240055908,0.8266777808360477,0.1012278760317713,1.6410789489746094,0.0,0.8266777808360481,0.5571592741180211,10.565777778625488,0.0,OK,0.8256,0.0001342399999999,1.0749004646670073,0.3092298507690429,0.0,0.0010777808360477,0.8246,0.0001304399999999,4.468175425194204,0.4598636627197265,0.0,0.0020777808360477
bn_n200_w6_concentrated_bias_high.bif,200,6,concentrated_bias_high,0.25,0.9,X103,1,28,8,256,0.4044314875283139,0.8966169510464593,0.0996922790072858,1.5880622863769531,0.0,0.8966169510464587,0.5273817589040846,10.045430183410645,0.0,OK,0.9061,6.589000000000012e-05,1.0717885912861675,0.3087568283081054,0.0,0.0094830489535406,0.8957,0.00011041,4.369067411287688,0.4560871124267578,0.0,0.0009169510464592
bn_n200_w6_concentrated_bias_high.bif,200,6,concentrated_bias_high,0.25,1.0,X103,1,26,13,8192,0.4167243619666337,1.0,0.0983652519062161,1.6773366928100586,0.0,1.0,0.4846695670858025,9.166543006896973,0.0,OK,1.0,0.0,1.0770573436981068,0.3108167648315429,0.0,1.1102230246251563e-16,1.0,0.0,4.409081953647546,0.4627399444580078,0.0,1.1102230246251563e-16
bn_n200_w6_concentrated_bias_high.bif,200,6,concentrated_bias_high,0.5,0.4,X103,1,31,18,262144,0.0853831862139066,0.4166749569085787,0.2236385829746723,72.83528804779053,173.1875,0.4166759356456133,119.27318152715452,6.867722511291504,0.0,OK,0.4129,0.0002054899999999,1.0353941851994022,0.3253431320190429,0.0,0.0037749569085787,0.4226,0.00063104,4.233133293990977,0.4810504913330078,0.0,0.0059250430914212
bn_n200_w6_concentrated_bias_high.bif,200,6,concentrated_bias_high,0.5,0.5,X103,1,24,20,1048576,0.1281486843975718,0.531004487771139,0.1589821728412062,150.82964992523193,403.8125,0.5310044877711388,0.4841314652003348,5.14116096496582,0.0,OK,0.5338999999999999,0.0004296899999999,1.0642431769054383,0.3279218673706054,0.0,0.0028955122288609,0.5271000000000001,0.00052749,4.389657606673427,0.4860248565673828,0.0,0.0039044877711388
bn_n200_w6_concentrated_bias_high.bif,200,6,concentrated_bias_high,0.5,0.7,X103,1,25,24,16777216,0.2563447017822133,0.6991209733051452,0.9245612889062612,2304.8412733078003,6624.4375,0.6991209733051448,0.5310505900997669,5.519369125366211,0.0,OK,0.6961,0.0004446899999999,1.0590294338064268,0.3282575607299804,0.0,0.0030209733051451,0.6940999999999999,0.0003092899999999,4.3562151392688975,0.479898452758789,0.0,0.0050209733051452
bn_n200_w6_concentrated_bias_high.bif,200,6,concentrated_bias_high,0.5,0.8,X103,1,25,9,512,0.1642958846139235,0.815946894293523,0.089931117137894,1.252913475036621,0.0,0.8159468942935229,0.6149540811311454,5.6379241943359375,0.0,OK,0.8149999999999998,0.0001295999999999,1.052675389288925,0.3277769088745117,0.0,0.0009468942935231,0.8191,0.0001670899999999,4.3072370302630585,0.4850482940673828,0.0,0.003153105706477
bn_n200_w6_concentrated_bias_high.bif,200,6,concentrated_bias_high,0.5,0.9,X103,1,21,21,2097152,0.3961898557385811,0.9377040441604572,0.2417917009443044,296.3467855453491,831.0625,0.9377042181339548,25.912392062833533,4.586219787597656,0.0,OK,0.9393,7.620999999999934e-05,1.0963900829199702,0.3326673507690429,0.0,0.0015959558395428,0.9357,5.540999999999954e-05,4.475496437447146,0.490030288696289,0.0,0.0020040441604571
bn_n200_w6_concentrated_bias_high.bif,200,6,concentrated_bias_high,0.5,1.0,X103,1,29,16,65536,0.3582505053245386,1.0,0.0972107991110533,10.29099941253662,0.0,1.0,0.5845968169160187,6.45842170715332,0.0,OK,1.0,0.0,1.050930745317601,0.3280973434448242,0.0,1.1102230246251563e-16,1.0,0.0,4.308664794685319,0.4879932403564453,0.0,1.1102230246251563e-16
bn_n200_w6_concentrated_bias_low.bif,200,6,concentrated_bias_low,0.25,0.4,X136,1,32,6,64,0.0350079205300003,0.4426329832630834,0.0955803988035768,1.5709524154663086,0.0,0.4426329832630831,0.526083751115948,11.542817115783691,0.0,OK,0.4405,0.0001738499999999,1.0312655402347446,0.3036985397338867,0.0,0.0021329832630834,0.4354,0.00018564,4.217671315884218,0.4404211044311523,0.0,0.0072329832630834
bn_n200_w6_concentrated_bias_low.bif,200,6,concentrated_bias_low,0.25,0.5,X136,1,33,9,512,0.0458363726571533,0.5479594615301332,0.0789561839774251,1.5981178283691406,0.0,0.5479594615301332,0.5750833980273455,11.348990440368652,0.0,OK,0.5478999999999999,0.0003880899999999,1.0980736057274043,0.3063077926635742,0.0,5.9461530133253504e-05,0.5526000000000001,0.0002572399999999,4.393016256648116,0.452402114868164,0.0,0.0046405384698668
bn_n200_w6_concentrated_bias_low.bif,200,6,concentrated_bias_low,0.25,0.6,X136,1,30,9,512,0.0912856828259668,0.6408534108671562,0.0995504220481962,1.5584096908569336,0.0,0.6408534108671557,0.529581496026367,11.171207427978516,0.0,OK,0.6436,0.00010464,1.0272660721326248,0.3033628463745117,0.0,0.0027465891328437,0.6499,0.00019849,4.172860340261832,0.448953628540039,0.0,0.0090465891328438
bn_n200_w6_concentrated_bias_low.bif,200,6,concentrated_bias_low,0.25,0.7,X136,1,30,7,128,0.074388471410866,0.729871619803515,0.0787876220420003,1.5954198837280271,0.0,0.7298716198035154,0.5944922990165651,10.72682762145996,0.0,OK,0.7179,0.0019424899999999,1.0800660477252677,0.3109540939331054,0.0,0.011971619803515,0.7092,0.0019643599999999,4.419508372363635,0.4555988311767578,0.0,0.0206716198035149
bn_n200_w6_concentrated_bias_low.bif,200,6,concentrated_bias_low,0.25,0.8,X136,1,29,8,256,0.0667543128459077,0.7593016692150579,0.0771585570182651,1.639235496520996,0.0,0.7593016692150574,0.7070448128506541,10.23548412322998,0.0,OK,0.7672999999999999,9.041000000000016e-05,1.0786738123977555,0.3060865402221679,0.0,0.0079983307849419,0.7574000000000001,0.00014004,4.4964714134112,0.4569263458251953,0.0,0.0019016692150578
bn_n200_w6_concentrated_bias_low.bif,200,6,concentrated_bias_low,0.25,0.9,X136,1,31,5,32,0.0036939135729139,0.8894672058492843,0.091031254036352,1.597187042236328,0.0,0.8894672058492845,0.5687047988176346,11.510866165161133,0.0,OK,0.9001000000000001,5.36900000000001e-05,1.0322502760915089,0.3041181564331054,0.0,0.0106327941507158,0.8839,0.00023009,4.2259027942316605,0.4510869979858398,0.0,0.0055672058492842
bn_n200_w6_concentrated_bias_low.bif,200,6,concentrated_bias_low,0.25,1.0,X136,1,34,4,16,0.1468480906149025,1.0,0.0964309489354491,1.543593406677246,0.0,1.0,0.701281996909529,12.76954746246338,0.0,OK,1.0,0.0,1.0221435021143406,0.3047666549682617,0.0,0.0,1.0,0.0,4.162592714815401,0.4513463973999023,0.0,0.0
bn_n200_w6_concentrated_bias_low.bif,200,6,concentrated_bias_low,0.5,1.0,X136,1,27,17,131072,0.0864185427623581,1.0,0.1034132498316466,19.204543113708496,16.4375,1.0,0.5353784149046987,5.768622398376465,0.0,OK,1.0,0.0,1.0567308237077668,0.3251142501831054,0.0,0.0,1.0,0.0,4.369640751392581,0.4752140045166015,0.0,0.0
bn_n200_w6_rigid_extreme.bif,200,6,rigid_extreme,0.25,0.4,X132,1,24,9,512,0.181101418578787,0.4344228678169557,0.0909910951741039,1.679457664489746,0.0,0.4344228680756864,0.5411189820151776,8.938237190246582,0.0,OK,0.29,0.1448886,1.101640779688023,0.3134717941284179,0.0,0.1444228678169557,0.4408999999999999,0.0445612899999999,4.592123294016346,0.4757833480834961,0.0,0.0064771321830442
bn_n200_w6_rigid_extreme.bif,200,6,rigid_extreme,0.25,0.5,X132,1,23,10,1024,0.0110252878700233,0.5113566050312837,0.0929216870572418,1.7246742248535156,0.0,0.5113566071559613,1.0974488849751651,8.846436500549316,0.0,OK,0.5203,0.00022121,1.0675593035761266,0.3097639083862304,0.0,0.0089433949687163,0.5094,0.00010244,4.436817844375037,0.4755496978759765,0.0,0.0019566050312836
bn_n200_w6_rigid_extreme.bif,200,6,rigid_extreme,0.25,0.6,X132,1,27,7,128,0.1308912701910627,0.5879553100999938,0.0858502048067748,1.667952537536621,0.0,0.5879553102249265,0.4755362290889025,10.0247802734375,0.0,OK,0.5835,0.0003604499999999,1.0628512484021484,0.3112363815307617,0.0,0.0044553100999937,0.5854,0.0001770399999999,4.412392057618126,0.4659442901611328,0.0,0.0025553100999937
bn_n200_w6_rigid_extreme.bif,200,6,rigid_extreme,0.25,0.7,X132,1,21,10,1024,0.0924969190490551,0.6738104652607975,0.0888774979393929,1.653182029724121,0.0,0.6738104653260818,0.4291837979108095,8.055584907531738,0.0,OK,0.6512,0.01530816,1.0774467054288834,0.3083524703979492,0.0,0.0226104652607974,0.6982999999999999,0.00589241,4.490022510080598,0.4688749313354492,0.0,0.0244895347392024
bn_n200_w6_rigid_extreme.bif,200,6,rigid_extreme,0.25,0.8,X132,1,26,8,256,0.0895920847139885,0.7554569739076834,0.0894652279093861,1.6278295516967771,0.0,0.7554569739065374,0.3914424581453204,9.602059364318848,0.0,OK,0.746,0.0085017999999999,1.089849063800648,0.3118162155151367,0.0,0.0094569739076834,0.717,0.0058414,4.516239082720131,0.4743289947509765,0.0,0.0384569739076834
bn_n200_w6_rigid_extreme.bif,200,6,rigid_extreme,0.25,0.9,X132,1,33,7,128,0.3988450172610607,0.9416924324544564,0.0906496320385485,1.6253271102905271,0.0,0.941692432454456,0.4740988370031118,12.527074813842772,0.0,OK,0.943,7.159999999999954e-05,1.0325247854460031,0.3062009811401367,0.0,0.0013075675455435,0.9407,4.60099999999995e-05,4.317458607139997,0.458566665649414,0.0,0.0009924324544564
bn_n200_w6_rigid_extreme.bif,200,6,rigid_extreme,0.25,1.0,X132,1,25,6,64,0.4999287413832419,0.9999393949701744,0.0893749811220914,1.630049705505371,0.0,0.999939394970174,0.3794134459458291,9.016073226928713,0.0,OK,0.9994000000000002,1.640000000000003e-06,1.1188964569941162,0.3109693527221679,0.0,0.000539394970174,1.0,0.0,4.591513262805529,0.4906339645385742,0.0,6.060502982574434e-05
bn_n200_w6_rigid_extreme.bif,200,6,rigid_extreme,0.5,0.5,X132,1,25,17,131072,0.0275927625945876,0.4977652123568672,0.1365923909470439,30.828234672546387,32.9375,0.4977652608888612,184.6170524470508,6.208300590515137,0.0,OK,0.4862,0.03131796,1.09512991765514,0.3307676315307617,0.0,0.0115652123568672,0.5236,0.02302624,4.449229412060231,0.489511489868164,0.0,0.0258347876431326
bn_n200_w6_rigid_extreme.bif,200,6,rigid_extreme,0.5,0.6,X132,1,25,21,2097152,0.0105876499457384,0.5531866099835162,0.2127567650750279,289.2746496200561,810.75,0.5531866118346342,1.2601883178576827,5.494927406311035,0.0,OK,0.5492000000000001,0.0015923599999999,1.1036599688464777,0.3289747238159179,0.0,0.003986609983516,0.554,0.0001871999999999,4.499394373362884,0.4970569610595703,0.0,0.0008133900164838
bn_n200_w6_rigid_extreme.bif,200,6,rigid_extreme,0.5,0.7,X132,1,28,12,4096,0.125226758056043,0.6718829367822133,0.1056364099495112,1.6560125350952148,0.0,0.6718829399492346,2.148899069055915,6.252275466918945,0.0,OK,0.6752999999999999,0.0002566099999999,1.05972204124555,0.3302564620971679,0.0,0.0034170632177865,0.6791,0.0005556899999999,4.287709608720616,0.472055435180664,0.0,0.0072170632177867
bn_n200_w6_rigid_extreme.bif,200,6,rigid_extreme,0.5,0.8,X132,1,30,18,262144,0.3543140622117103,0.8078684188680582,0.1416637459769845,36.852248191833496,57.6875,0.8078685092498107,118.07876039785332,7.147834777832031,0.0,OK,0.7028000000000001,0.0023053599999999,1.078356362367049,0.3246564865112304,0.0,0.105068418868058,0.7860999999999999,0.01259369,4.372215108736418,0.4815359115600586,0.0,0.0217684188680582
bn_n200_w6_rigid_extreme.bif,200,6,rigid_extreme,0.5,0.9,X132,1,34,14,16384,0.41261865837672,0.8819864007084246,0.1083771609701216,3.88455867767334,0.0,0.8819864007288232,0.6141329498495907,6.799355506896973,0.0,OK,0.8869,8.729000000000015e-05,1.0640986846759914,0.3291273117065429,0.0,0.0049135992915754,0.8736,0.00018004,4.3287911611609164,0.4824695587158203,0.0,0.0083864007084245
bn_n200_w6_rigid_extreme.bif,200,6,rigid_extreme,0.5,1.0,X132,1,27,25,33554432,0.4999582261712575,0.9999982656868026,2.144040668848902,4609.704577445984,13322.3125,0.9999982656857912,0.472630713135004,5.782976150512695,0.0,OK,1.0,0.0,1.0745161853265015,0.3300580978393554,0.0,1.7343131973879269e-06,1.0,0.0,4.4144906378816815,0.4871158599853515,0.0,1.7343131973879269e-06
bn_n200_w6_rigid_moderate.bif,200,6,rigid_moderate,0.25,0.4,X17,1,26,4,16,0.07271620494825481,0.3683237332094996,0.10624307207763195,1.6212406158447266,0.0,0.36832373320949985,0.5445628720335662,9.156509399414062,0.0,OK,0.3687,0.0006234099999999997,1.1656936519080774,0.30879688262939453,0.0,0.00037626679050040135,0.3741,0.00032649000000000014,4.663870803592727,0.46607208251953125,0.0,0.005776266790500362
bn_n200_w6_rigid_moderate.bif,200,6,rigid_moderate,0.25,0.5,X17,1,24,13,8192,0.029298239795366277,0.5197123287023517,0.10838552704080939,2.1658830642700195,0.0,0.519712328702352,0.5030571098905057,8.399605751037598,0.0,OK,0.5227999999999999,0.00035116000000000064,1.2035102743888273,0.3081064224243164,0.0,0.003087671297648198,0.5208,0.00010716000000000017,4.817371521540918,0.471435546875,0.0,0.0010876712976483072
bn_n200_w6_rigid_moderate.bif,200,6,rigid_moderate,0.25,0.6,X17,1,29,7,128,0.03674768529342465,0.5678423469110485,0.1078344751149416,1.6291627883911133,0.0,0.5678423469110485,0.629519138019532,10.968384742736816,0.0,OK,0.5635,0.0002532499999999991,1.1012489456916228,0.30468177795410156,0.0,0.004342346911048511,0.5665000000000001,0.0003010499999999988,4.324348319834098,0.45021915435791016,0.0,0.0013423469110483977
bn_n200_w6_rigid_moderate.bif,200,6,rigid_moderate,0.25,0.7,X17,1,23,14,16384,0.316427129830786,0.710234565903696,0.10897238412871957,3.308866500854492,0.0,0.7102345659036958,0.48840957414358854,8.012807846069336,0.0,OK,0.7176,0.00024384000000000043,1.2082628522068262,0.3090839385986328,0.0,0.007365434096303969,0.7132999999999999,0.00018001000000000033,4.804334037518129,0.46271610260009766,0.0,0.0030654340963038873
bn_n200_w6_rigid_moderate.bif,200,6,rigid_moderate,0.25,0.8,X17,1,19,18,262144,0.3424753685519718,0.8076513698134298,0.7243427450302988,37.065603256225586,83.1875,0.8076521175662176,1766.1218836789485,7.705715179443359,0.0,OK,0.8070999999999999,0.00015708999999999938,1.1519009007140995,0.3070240020751953,0.0,0.0005513698134298473,0.8010999999999999,0.00012668999999999978,4.568922851793468,0.47226810455322266,0.0,0.006551369813429853
bn_n200_w6_rigid_moderate.bif,200,6,rigid_moderate,0.25,0.9,X17,1,27,8,256,0.44447986562144537,0.9453625510811117,0.08953352109529078,1.5709590911865234,0.0,0.9453625510811113,0.3923068579751998,9.152600288391113,0.0,OK,0.9494999999999999,4.0450000000000075e-05,1.1489629987161607,0.30823707580566406,0.0,0.004137448918888231,0.9480999999999999,4.8289999999999756e-05,4.583899913914502,0.46584415435791016,0.0,0.0027374489188882745
bn_n200_w6_rigid_moderate.bif,200,6,rigid_moderate,0.25,1.0,X17,1,31,6,64,0.4866197956411914,1.0,0.08303679805248976,1.5519161224365234,0.0,1.0,0.4346571029163897,10.797110557556152,0.0,OK,1.0,0.0,1.0955251093488187,0.31130409240722656,0.0,0.0,1.0,0.0,4.446864856430329,0.4631967544555664,0.0,0.0
bn_n200_w6_rigid_moderate.bif,200,6,rigid_moderate,0.5,0.4,X17,1,26,18,262144,0.02518806470543289,0.42156789226518593,63.238354803062975,37.662092208862305,61.5625,,1800.0,,,TIMEOUT,0.3990000000000001,0.0011133999999999996,1.1181733302306385,0.32973670959472656,0.0,0.02256789226518585,0.4197,0.0008752100000000002,4.444217635155655,0.4874582290649414,0.0,0.001867892265185911
bn_n200_w6_rigid_moderate.bif,200,6,rigid_moderate,0.5,0.5,X17,1,32,17,131072,0.11570212937544677,0.5328017824426293,0.6638367811683565,18.81660270690918,24.75,0.5328020100816002,1031.2090869310778,7.0953779220581055,0.0,OK,0.532,0.0001678000000000003,1.1004979723831638,0.32622718811035156,0.0,0.0008017824426292952,0.5325,0.0005628499999999992,4.3316265816800295,0.4842538833618164,0.0,0.0003017824426293503
bn_n200_w6_rigid_moderate.bif,200,6,rigid_moderate,0.5,0.6,X17,1,24,22,4194304,0.09071384528874915,0.5895509790513391,0.3109047200996429,578.3269290924072,1649.625,0.5895509790513387,0.42299811402335763,5.180301666259766,0.0,OK,0.5874,0.0012822399999999996,1.1092667435063048,0.32605934143066406,0.0,0.002150979051339097,0.5906,0.0012234400000000003,4.463143754960038,0.5023784637451172,0.0,0.0010490209486608837
bn_n200_w6_rigid_moderate.bif,200,6,rigid_moderate,0.5,0.7,X17,1,23,22,4194304,0.24229113921449374,0.7400894039079573,0.295631161890924,588.9321002960205,1687.75,0.7400894039079576,0.4102992909029126,5.0291900634765625,0.0,OK,0.7369,0.0002690900000000005,1.1198286298196762,0.3292102813720703,0.0,0.0031894039079573,0.7432000000000001,0.0002693600000000005,4.440846960549242,0.4853219985961914,0.0,0.0031105960920427833
bn_n200_w6_rigid_moderate.bif,200,6,rigid_moderate,0.5,0.8,X17,1,22,19,524288,0.3102496180210862,0.7763106537786936,14.03817953192629,72.81303215026855,189.6875,,1800.0,,,TIMEOUT,0.7824000000000001,0.0006512399999999997,1.1178956056479366,0.32581520080566406,0.0,0.006089346221306524,0.7734000000000001,0.00146204,4.457615586277098,0.5122966766357422,0.0,0.002910653778693484
bn_n200_w6_rigid_moderate.bif,200,6,rigid_moderate,0.5,0.9,X17,1,27,18,262144,0.2740315116791734,0.8501897466292898,0.29718759609386325,48.823835372924805,123.6875,0.8501899544188656,478.62236667005345,6.0686750411987305,0.0,OK,0.8468,0.00039315999999999977,1.0978074664482846,0.32679176330566406,0.0,0.0033897466292898137,0.8543,0.0009452100000000007,4.406150442361832,0.48737430572509766,0.0,0.004110253370710137
bn_n200_w6_rigid_moderate.bif,200,6,rigid_moderate,0.5,1.0,X17,1,34,11,2048,0.4997724746390161,0.9999999999999999,0.08286916092038155,1.155660629272461,0.0,0.9999999999999999,0.5318738971836865,7.070878982543945,0.0,OK,1.0,0.0,1.1070621344493703,0.32782936096191406,0.0,1.1102230246251565e-16,1.0,0.0,4.356160855595954,0.48206424713134766,0.0,1.1102230246251565e-16
bn_n200_w6_spread_bias_high.bif,200,6,spread_bias_high,0.25,0.4,X152,1,25,5,32,0.12364449072264183,0.4143598436572842,0.09385872492566705,1.6845808029174805,0.0,0.4143598436572842,0.40311042591929436,9.816606521606445,0.0,OK,0.4215,0.00022304999999999995,1.105220485292375,0.3071155548095703,0.0,0.007140156342715809,0.4218,0.0001159600000000002,4.439783602277748,0.4576730728149414,0.0,0.007440156342715831
bn_n200_w6_spread_bias_high.bif,200,6,spread_bias_high,0.25,0.5,X152,1,30,7,128,0.18436374659290122,0.4570983905564337,0.09113034908659756,1.588796615600586,0.0,0.45709839055643325,0.44331443798728287,10.985300064086914,0.0,OK,0.45409999999999995,0.00014749000000000007,1.0978854411048815,0.30835914611816406,0.0,0.00299839055643375,0.45359999999999995,0.00031183999999999997,4.455401870352216,0.46001529693603516,0.0,0.0034983905564337503
bn_n200_w6_spread_bias_high.bif,200,6,spread_bias_high,0.25,0.6,X152,1,24,9,512,0.1274695867728296,0.6357512377275611,0.09763971390202641,1.722681999206543,0.0,0.635751238203425,0.7566971930209547,8.82128620147705,0.0,OK,0.6366,0.00020524000000000033,1.2428090459667147,0.31133460998535156,0.0,0.0008487622724389077,0.6339,0.0003544900000000006,4.955119720706716,0.4862375259399414,0.0,0.001851237727561128
bn_n200_w6_spread_bias_high.bif,200,6,spread_bias_high,0.25,0.7,X152,1,26,8,256,0.17407837950353522,0.7310660444353123,0.095212047919631,1.659475326538086,0.0,0.7310660444353126,0.4213826861232519,9.861939430236816,0.0,OK,0.735,0.00010220000000000018,1.1581265072105453,0.33087730407714844,0.0,0.0039339555646876745,0.7312,0.0005363600000000009,4.597741054347717,0.46903324127197266,0.0,0.0001339555646876489
bn_n200_w6_spread_bias_high.bif,200,6,spread_bias_high,0.25,0.8,X152,1,35,4,16,0.1419459726477731,0.7633535012356261,0.09329313808120787,1.6197338104248047,0.0,0.7633535012356262,0.5891782690305263,13.081043243408203,0.0,OK,0.7639,0.00027529000000000046,1.0667268283199518,0.3065204620361328,0.0,0.0005464987643739594,0.769,0.0002632000000000005,4.232779228570871,0.4515848159790039,0.0,0.005646498764373953
bn_n200_w6_spread_bias_high.bif,200,6,spread_bias_high,0.25,0.9,X152,1,25,9,512,0.22371441213711185,0.8731218568923483,0.09590533701702952,1.6972455978393555,0.0,0.8731218568923486,0.5929027730599046,9.60250186920166,0.0,OK,0.874,8.840000000000017e-05,1.1741115611279382,0.31232643127441406,0.0,0.0008781431076516633,0.8774000000000001,0.00017444000000000032,4.69791314851027,0.47593021392822266,0.0,0.004278143107651733
bn_n200_w6_spread_bias_high.bif,200,6,spread_bias_high,0.25,1.0,X152,1,22,9,512,0.49268890748967276,1.0,0.0930070981848985,1.5853023529052734,0.0,1.0,0.36323321191594005,7.982283592224121,0.0,OK,1.0,0.0,1.1749725100351498,0.3069171905517578,0.0,0.0,1.0,0.0,4.637546573486179,0.4646005630493164,0.0,0.0
bn_n200_w6_spread_bias_high.bif,200,6,spread_bias_high,0.5,0.5,X152,1,30,18,262144,0.0709106324380373,0.453081336585341,0.16059367801062763,36.88544273376465,4.0625,0.4530816944124392,120.55179141601548,6.584943771362305,0.0,OK,0.46040000000000003,0.00120864,1.1301425806246699,0.33063697814941406,0.0,0.007318663414659032,0.45709999999999995,0.0023558900000000007,4.472334178094752,0.4881296157836914,0.0,0.004018663414658952
bn_n200_w6_spread_bias_high.bif,200,6,spread_bias_high,0.5,0.6,X152,1,30,20,1048576,0.1955107130855792,0.6395416413782135,0.2702789311297238,147.89233207702637,293.5,0.6395422528653122,799.9768882358912,6.581794738769531,0.0,OK,0.6472,0.0008261600000000005,1.1550193283474073,0.32894325256347656,0.0,0.007658358621786543,0.6296999999999999,0.0003438100000000006,4.477546471753158,0.5122127532958984,0.0,0.009841641378213528
bn_n200_w6_spread_bias_high.bif,200,6,spread_bias_high,0.5,0.7,X152,1,17,18,262144,0.029625393781221643,0.6503994239130099,0.158887644065544,46.66879844665527,49.4375,0.6504001122134085,110.31939324713312,4.041626930236816,0.0,OK,0.6347,0.0012080100000000007,1.1445264778565616,0.33201026916503906,0.0,0.015699423913009825,0.6476999999999999,0.0009338100000000017,4.615129765914753,0.4968271255493164,0.0,0.002699423913009924
bn_n200_w6_spread_bias_high.bif,200,6,spread_bias_high,0.5,0.8,X152,1,30,23,8388608,0.20716444185943472,0.7525706312199076,1.1246259729377925,1152.8623676300049,3200.75,,1800.0,,,TIMEOUT,0.7423,0.0004924100000000009,1.1084030553000048,0.33059120178222656,0.0,0.010270631219907678,0.7584,0.0003050400000000005,4.433242724882438,0.4945535659790039,0.0,0.0058293687800923255
bn_n200_w6_spread_bias_high.bif,200,6,spread_bias_high,0.5,0.9,X152,1,29,12,4096,0.18385698623819735,0.900753943774128,0.08385437191464007,1.6092329025268555,0.0,0.9007539437762904,0.9264686740934849,6.404414176940918,0.0,OK,0.8985999999999998,0.00022164000000000038,1.1154242978896947,0.32970714569091797,0.0,0.002153943774128142,0.9056000000000001,7.944000000000015e-05,4.441584713407792,0.4873828887939453,0.0,0.004846056225872086
bn_n200_w6_spread_bias_high.bif,200,6,spread_bias_high,0.5,1.0,X152,1,30,13,8192,0.408668825572146,0.964205065406704,0.526388136902824,2.1849279403686523,0.0,0.964205069866277,458.08760346495546,6.783639907836914,0.0,OK,0.9655000000000001,6.545000000000011e-05,1.0833421273855492,0.3278379440307617,0.0,0.0012949345932961043,0.9607999999999999,6.636000000000013e-05,4.382605702895671,0.4839191436767578,0.0,0.0034050654067041553
bn_n200_w6_spread_bias_low.bif,200,6,spread_bias_low,0.25,0.4,X79,1,25,8,256,0.014292003350408256,0.4440873586850086,0.09402143396437168,1.7019233703613281,0.0,0.4440873586850089,0.7752037688624114,9.84254264831543,0.0,OK,0.44489999999999996,0.00030129000000000023,1.1337316003860907,0.3096036911010742,0.0,0.0008126413149913692,0.45220000000000005,0.00029236,4.471817709994502,0.45413875579833984,0.0,0.008112641314991453
bn_n200_w6_spread_bias_low.bif,200,6,spread_bias_low,0.25,0.5,X79,1,33,4,16,0.036244797274470275,0.5176540135080872,0.09320054110139608,1.6288518905639648,0.0,0.5176540135080872,0.5928836900275201,11.869173049926758,0.0,OK,0.5064,0.00025624000000000046,1.1460190472658724,0.3074522018432617,0.0,0.01125401350808719,0.5186,0.0002804400000000005,4.535102703981101,0.47481822967529297,0.0,0.000945986491912798
bn_n200_w6_spread_bias_low.bif,200,6,spread_bias_low,0.25,0.6,X79,1,30,7,128,0.050739075885914975,0.5855704836224274,0.09306154190562665,1.6271047592163086,0.0,0.5855704836224278,0.6516122589819133,11.780009269714355,0.0,OK,0.5904,0.00019544000000000036,1.0921753564151004,0.3056211471557617,0.0,0.0048295163775726735,0.5833999999999999,0.00019724000000000035,4.354557114094495,0.4574880599975586,0.0,0.0021704836224274437
bn_n200_w6_spread_bias_low.bif,200,6,spread_bias_low,0.25,0.7,X79,1,27,8,256,0.08381049430810084,0.7137600984069352,0.09478076198138297,1.6252431869506836,0.0,0.7137600984069357,0.5062114400789142,10.4301118850708,0.0,OK,0.7101999999999999,7.676000000000013e-05,1.142573427967727,0.3045072555541992,0.0,0.003560098406935275,0.7126,0.00046123999999999937,4.512516869860701,0.46480751037597656,0.0,0.001160098406935206
bn_n200_w6_spread_bias_low.bif,200,6,spread_bias_low,0.25,0.8,X79,1,30,4,16,0.09407259981992477,0.8229817738594604,0.09074323298409581,1.5995397567749023,0.0,0.8229817738594609,0.44775856705382466,11.083399772644043,0.0,OK,0.8131999999999999,0.0001201599999999993,1.091853814269416,0.3063840866088867,0.0,0.009781773859460441,0.8224,0.00018183999999999936,4.371631018607877,0.4512195587158203,0.0,0.0005817738594603439
bn_n200_w6_spread_bias_low.bif,200,6,spread_bias_low,0.25,0.9,X79,1,32,5,32,0.38050351647479375,0.9173247166499197,0.09071274101734161,1.603255271911621,0.0,0.9173247166499191,0.45068872906267643,11.631550788879395,0.0,OK,0.9152000000000001,0.0002163599999999997,1.1092924878001214,0.3052396774291992,0.0,0.0021247166499195336,0.9149,5.629000000000009e-05,4.3972090217517685,0.4537525177001953,0.0,0.0024247166499196116
bn_n200_w6_spread_bias_low.bif,200,6,spread_bias_low,0.25,1.0,X79,1,23,8,256,0.38281910532901753,0.9592869401909477,0.09278496797196567,1.6901741027832031,0.0,0.9592869401909483,0.4591403959784657,8.946331977844238,0.0,OK,0.9578000000000001,3.0960000000000056e-05,1.1706528338138014,0.31255626678466797,0.0,0.0014869401909476387,0.958,3.360000000000006e-05,4.635994027019478,0.4605121612548828,0.0,0.0012869401909477718
bn_n200_w6_spread_bias_low.bif,200,6,spread_bias_low,0.5,0.5,X79,1,40,13,8192,0.03283128044840944,0.5292092723096671,0.08670508000068367,1.9711370468139648,0.0,0.5292092723096675,0.7462213688995689,8.847443580627441,0.0,OK,0.5362,0.0002425599999999998,1.0895901591982693,0.3269376754760742,0.0,0.006990727690332932,0.5229999999999999,0.0002118000000000004,4.263396539026871,0.49970149993896484,0.0,0.006209272309667169
bn_n200_w6_spread_bias_low.bif,200,6,spread_bias_low,0.5,0.6,X79,1,29,16,65536,0.06436646864347029,0.6238049207804064,0.10081414296291769,9.861777305603027,0.0,0.623804928575253,10.791487335925922,6.23952579498291,0.0,OK,0.6236,0.0006134400000000011,1.1316697857808322,0.32863903045654297,0.0,0.00020492078040634798,0.6245,9.145000000000016e-05,4.417986599891447,0.4770832061767578,0.0,0.0006950792195936639
bn_n200_w6_spread_bias_low.bif,200,6,spread_bias_low,0.5,0.7,X79,1,34,18,262144,0.15078250531372595,0.6761643452362557,0.10890626790933311,36.75582790374756,4.0625,0.6761643587069267,7.958258796017617,7.794315338134766,0.0,OK,0.6789000000000002,0.0001230899999999998,1.1053923107217998,0.3258543014526367,0.0,0.0027356547637444883,0.6725,0.00015264999999999975,4.332653806707822,0.4810657501220703,0.0,0.003664345236255695
bn_n200_w6_spread_bias_low.bif,200,6,spread_bias_low,0.5,0.9,X79,1,23,22,4194304,0.27038018583177015,0.8742312844893424,0.5021410970948637,963.8350858688354,3082.25,0.8742312844893421,0.39767096214927733,5.134713172912598,0.0,OK,0.8737,9.841000000000016e-05,1.1541926579084247,0.3285551071166992,0.0,0.0005312844893423652,0.8841000000000001,9.409000000000016e-05,4.497800561808981,0.4763355255126953,0.0,0.00986871551065771
bn_n200_w6_spread_bias_low.bif,200,6,spread_bias_low,0.5,1.0,X79,1,29,22,4194304,0.44933137033190984,0.9671810605198811,0.8293420178815722,576.94935131073,1560.4375,,1800.0,,,TIMEOUT,0.9630000000000001,5.36000000000001e-05,1.113951369188726,0.32395458221435547,0.0,0.004181060519880986,0.9654,3.484000000000005e-05,4.328729333006777,0.4729480743408203,0.0,0.001781060519881028
bn_n200_w6_uncertain_moderate.bif,200,6,uncertain_moderate,0.25,0.4,X101,1,22,8,256,0.07618689767622555,0.3926734982339196,0.08977847616188228,1.600783348083496,0.0,0.3926734982339198,0.3572816769592464,7.970412254333496,0.0,OK,0.3983,0.00020160999999999964,1.1040038969833403,0.3084592819213867,0.0,0.005626501766080372,0.3933,0.00018381000000000002,4.529898396623321,0.46706581115722656,0.0,0.0006265017660803673
bn_n200_w6_uncertain_moderate.bif,200,6,uncertain_moderate,0.25,0.5,X101,1,30,6,64,0.018895492282356874,0.46107331101549737,0.09561727801337838,1.6696739196777344,0.0,0.46107331101549737,0.4930813559331,11.026622772216797,0.0,OK,0.4568,4.076000000000007e-05,1.0290367676876486,0.30565929412841797,0.0,0.004273311015497383,0.45599999999999996,0.00024579999999999996,4.189624415943399,0.4542407989501953,0.0,0.005073311015497406
bn_n200_w6_uncertain_moderate.bif,200,6,uncertain_moderate,0.25,0.6,X101,1,24,9,512,0.10428304109374309,0.5712700215241926,0.09268811694346368,1.5685949325561523,0.0,0.5712700215241929,0.38066163193434477,8.63464069366455,0.0,OK,0.5658,0.00034155999999999895,1.0974022317212075,0.31127452850341797,0.0,0.005470021524192625,0.5749000000000001,0.00014609000000000025,4.465975133283064,0.4681386947631836,0.0,0.0036299784758074827
bn_n200_w6_uncertain_moderate.bif,200,6,uncertain_moderate,0.25,0.7,X101,1,29,10,1024,0.09748794905279701,0.7244319581035191,0.0958142199087888,1.7108802795410156,0.0,0.7244319581035192,1.2326096699107438,10.373888969421387,0.0,OK,0.721,8.380000000000015e-05,1.106915634474717,0.31280040740966797,0.0,0.0034319581035191504,0.7247,0.0002468100000000004,4.526252941414714,0.4630451202392578,0.0,0.00026804189648088617
bn_n200_w6_uncertain_moderate.bif,200,6,uncertain_moderate,0.25,0.8,X101,1,23,10,1024,0.17184614745946813,0.8493780302774192,0.09763644100166857,1.7136344909667969,0.0,0.849378030277419,1.1845960370264947,8.644131660461426,0.0,OK,0.8560000000000001,9.560000000000018e-05,1.0894086229382083,0.3087491989135742,0.0,0.006621969722580889,0.8507,5.6810000000000095e-05,4.406901205587201,0.46491432189941406,0.0,0.001321969722580807
bn_n200_w6_uncertain_moderate.bif,200,6,uncertain_moderate,0.25,0.9,X101,1,29,6,64,0.1366101640148042,0.8666420339086729,0.09299397096037865,1.5891180038452148,0.0,0.8666420339086719,0.43812920502386987,10.241881370544434,0.0,OK,0.8663000000000001,6.621000000000011e-05,1.101399142900482,0.30842113494873047,0.0,0.000342033908672823,0.8611000000000001,6.869000000000013e-05,4.493187777278945,0.4692525863647461,0.0,0.005542033908672805
bn_n200_w6_uncertain_moderate.bif,200,6,uncertain_moderate,0.25,1.0,X101,1,20,13,8192,0.16934369683473216,1.0,0.08320216694846749,1.6760168075561523,0.0,1.0,0.3295098450034857,7.336414337158203,0.0,OK,1.0,0.0,1.11150081618689,0.3069181442260742,0.0,0.0,1.0,0.0,4.578106881887652,0.4696369171142578,0.0,0.0
bn_n200_w6_uncertain_moderate.bif,200,6,uncertain_moderate,0.5,0.4,X101,1,32,10,1024,0.007766671046954388,0.436536188530215,0.08871989510953426,1.291457176208496,0.0,0.43653618853021503,4.106943023158237,6.95745849609375,0.0,OK,0.43899999999999995,0.0003991999999999999,1.054958515567705,0.3309507369995117,0.0,0.002463811469784971,0.43600000000000005,0.0005028000000000001,4.317640546010807,0.48031044006347656,0.0,0.0005361885302149205
bn_n200_w6_uncertain_moderate.bif,200,6,uncertain_moderate,0.5,0.6,X101,1,26,17,131072,0.11270515703079031,0.5914902589167007,0.10362882004119456,20.537467002868652,0.0,0.5914902589167009,7.8640688268933445,5.901102066040039,0.0,OK,0.5988999999999999,0.0002796900000000005,1.0941967799561099,0.32981395721435547,0.0,0.007409741083299171,0.5843999999999999,0.0003546399999999999,4.448798169172369,0.4916706085205078,0.0,0.007090258916700787
bn_n200_w6_uncertain_moderate.bif,200,6,uncertain_moderate,0.5,0.7,X101,1,23,24,16777216,0.014325848176918288,0.7202693925061305,0.8719342760741711,2307.829005241394,6551.25,0.7202693925061309,0.4302311600185931,4.965890884399414,0.0,OK,0.7295,0.0002480500000000004,1.0980636129854247,0.3276700973510742,0.0,0.009230607493869503,0.7162999999999998,9.021000000000015e-05,4.47325876490213,0.4956531524658203,0.0,0.003969392506130709
bn_n200_w6_uncertain_moderate.bif,200,6,uncertain_moderate,0.5,0.9,X101,1,29,16,65536,0.2233955748827,0.9466912223342984,0.09260601503774524,10.65647029876709,0.0,0.9466912223342987,0.9171936819329858,6.369370460510254,0.0,OK,0.9411000000000002,5.548999999999944e-05,1.073093337379396,0.3300352096557617,0.0,0.005591222334298207,0.9427999999999999,8.155999999999943e-05,4.403981305076741,0.4836597442626953,0.0,0.0038912223342985053
bn_n200_w6_uncertain_moderate.bif,200,6,uncertain_moderate,0.5,1.0,X101,1,24,18,262144,0.19540183872243988,1.0,0.08221046486869454,36.918715476989746,4.0625,1.0,0.4160277380142361,5.239711761474609,0.0,OK,1.0,0.0,1.0959107137750834,0.3282499313354492,0.0,0.0,1.0,0.0,4.48020920578856,0.4858417510986328,0.0,0.0
bn_n200_w6_uncertain_strong.bif,200,6,uncertain_strong,0.25,0.5,X126,1,31,6,64,0.04964682715363722,0.46135570737278636,0.0898313201032579,1.5645208358764648,0.0,0.4613557073727862,0.4574461050797254,10.80406379699707,0.0,OK,0.4579,0.00015468999999999975,1.113338531763293,0.3119840621948242,0.0,0.0034557073727863874,0.4625,0.0002750499999999998,4.533444507676177,0.46929359436035156,0.0,0.001144292627213661
bn_n200_w6_uncertain_strong.bif,200,6,uncertain_strong,0.25,0.6,X126,1,31,7,128,0.020014062977489533,0.6354623849567752,0.09142367891035974,1.6064519882202148,0.0,0.6354623849567756,0.45545416604727507,10.93487548828125,0.0,OK,0.6354,0.00036224000000000065,1.112525250716135,0.3064603805541992,0.0,6.238495677524103e-05,0.6363,0.00032901000000000057,4.490513935824856,0.46108150482177734,0.0,0.0008376150432247709
bn_n200_w6_uncertain_strong.bif,200,6,uncertain_strong,0.25,0.7,X126,1,29,5,32,0.03059776159672034,0.679506782190632,0.09243078716099262,1.6150732040405273,0.0,0.6795067821906318,0.46156343212351203,10.215106010437012,0.0,OK,0.6813,8.160999999999963e-05,1.1660314510809258,0.31156444549560547,0.0,0.0017932178093680307,0.6799000000000001,0.00011708999999999949,4.845093608764,0.4713001251220703,0.0,0.0003932178093680738
bn_n200_w6_uncertain_strong.bif,200,6,uncertain_strong,0.25,0.8,X126,1,28,8,256,0.06601869584524545,0.8375901493643312,0.0910921641625464,1.577986717224121,0.0,0.8375901493643307,0.4085837290622294,9.84405517578125,0.0,OK,0.8362,5.89600000000001e-05,1.1014145726105198,0.31023693084716797,0.0,0.001390149364331128,0.827,0.00017019999999999994,4.482593961223029,0.48337841033935547,0.0,0.010590149364331225
bn_n200_w6_uncertain_strong.bif,200,6,uncertain_strong,0.25,0.9,X126,1,30,7,128,0.10317659800844081,0.8898738718473654,0.09071221202611923,1.577864646911621,0.0,0.8898738718473651,0.43075932189822197,10.400200843811035,0.0,OK,0.8971,4.9290000000000085e-05,1.1093603805871681,0.3093900680541992,0.0,0.00722612815263457,0.8863,7.001000000000012e-05,4.523045261390507,0.45945167541503906,0.0,0.003573871847365462
bn_n200_w6_uncertain_strong.bif,200,6,uncertain_strong,0.25,1.0,X126,1,31,4,16,0.09206368290767808,1.0,0.09186974400654435,1.575758934020996,0.0,1.0,0.4442389979958534,10.933420181274414,0.0,OK,1.0,0.0,1.0678438034141435,0.3061246871948242,0.0,0.0,1.0,0.0,4.426009098836221,0.4576587677001953,0.0,0.0
bn_n200_w6_uncertain_strong.bif,200,6,uncertain_strong,0.5,0.6,X126,1,28,21,2097152,0.005098294598239961,0.6412938079211903,0.2245406329166144,294.84967708587646,728.375,0.6412938079211905,27.68138834182173,5.667126655578613,0.0,OK,0.6448,0.00027596000000000055,1.1142905993619934,0.3272733688354492,0.0,0.0035061920788097556,0.6418999999999999,0.00010669000000000017,4.410349213285372,0.4928302764892578,0.0,0.0006061920788096309
bn_n200_w6_uncertain_strong.bif,200,6,uncertain_strong,0.5,0.8,X126,1,29,18,262144,0.010892482023657002,0.7817020291376091,0.10525770019739866,43.214476585388184,8.1875,0.7817020291376087,2.226187322055921,6.342238426208496,0.0,OK,0.7904000000000001,0.00013604000000000028,1.1196206572232767,0.32804393768310547,0.0,0.008697970862390991,0.7802,8.196000000000014e-05,4.432792055676691,0.48493385314941406,0.0,0.0015020291376091066
bn_n200_w6_uncertain_strong.bif,200,6,uncertain_strong,0.5,1.0,X126,1,30,14,16384,0.08229321878761164,1.0,0.08473390806466341,4.657034873962402,0.0,1.0,0.44391431100666523,6.441244125366211,0.0,OK,1.0,0.0,1.0931306908838452,0.32610607147216797,0.0,0.0,1.0,0.0,4.370695661357604,0.48162269592285156,0.0,0.0
bn_n200_w6_uniform.bif,200,6,uniform,0.25,0.4,X150,1,25,8,256,0.006850678943436939,0.41663022556646157,0.09471095306798816,1.6939659118652344,0.0,0.4166302255664613,0.4430371541529894,10.046653747558594,0.0,OK,0.42469999999999997,0.0001534099999999998,1.1021482446696609,0.30721569061279297,0.0,0.008069774433538401,0.4203,0.0002382100000000002,4.392748051555827,0.4601001739501953,0.0,0.003669774433538442
bn_n200_w6_uniform.bif,200,6,uniform,0.25,0.5,X150,1,25,9,512,0.050341618655213694,0.528978674716233,0.09690264402888715,1.6876792907714844,0.0,0.528978674716233,0.43458294100128114,9.496552467346191,0.0,OK,0.5356,0.00017244000000000032,1.1665397482924162,0.31295299530029297,0.0,0.00662132528376691,0.519,0.0002466000000000004,4.679764383216389,0.4719257354736328,0.0,0.009978674716233038
bn_n200_w6_uniform.bif,200,6,uniform,0.25,0.6,X150,1,18,17,131072,0.09273472705517916,0.6490703355343763,0.10015126597136259,19.04336452484131,0.0,0.6490703355343767,0.32662358507514,7.547759056091309,0.0,OK,0.6463,0.0003574100000000006,1.1420109539991246,0.31135082244873047,0.0,0.0027703355343763336,0.6471,0.00020849000000000033,4.585836251685396,0.4687519073486328,0.0,0.0019703355343763107
bn_n200_w6_uniform.bif,200,6,uniform,0.25,0.7,X150,1,26,10,1024,0.25185602496789605,0.7389891145782823,0.09525710390880704,1.7178382873535156,0.0,0.7389891145782825,1.1839823010377586,9.721565246582031,0.0,OK,0.7342000000000001,0.00034236000000000065,1.1583759696688503,0.30630016326904297,0.0,0.004789114578282239,0.7335,0.0005178499999999996,4.65068028701935,0.46579647064208984,0.0,0.0054891145782822726
bn_n200_w6_uniform.bif,200,6,uniform,0.25,0.8,X150,1,31,7,128,0.13249252777580878,0.8429790122332095,0.09445432107895613,1.635207176208496,0.0,0.8429790122332097,0.46696772496216,11.70976448059082,0.0,OK,0.8404999999999999,6.045000000000011e-05,1.10917159949895,0.30851268768310547,0.0,0.0024790122332095654,0.8413,6.681000000000011e-05,4.452406925428659,0.4603290557861328,0.0,0.0016790122332094315
bn_n200_w6_uniform.bif,200,6,uniform,0.25,0.9,X150,1,23,8,256,0.22974520717124658,0.926809870868013,0.09365223697386682,1.6504507064819336,0.0,0.9268098708680136,0.39959493605419993,8.76731014251709,0.0,OK,0.931,4.079999999999958e-05,1.1954176839441062,0.3137998580932617,0.0,0.004190129131987019,0.9263999999999999,5.5240000000000095e-05,4.719104719394818,0.4741840362548828,0.0,0.0004098708680131402
bn_n200_w6_uniform.bif,200,6,uniform,0.25,1.0,X150,1,28,7,128,0.16298617822618233,0.9935202324317337,0.09349492401815951,1.6779899597167969,0.0,0.9935202324317342,0.4325197928119451,10.435288429260254,0.0,OK,0.9935,5.6500000000000094e-06,1.1570017796242609,0.3096799850463867,0.0,2.023243173365774e-05,0.9939,1.2890000000000024e-05,4.619085466163233,0.4636859893798828,0.0,0.0003797675682662982
bn_n200_w6_uniform.bif,200,6,uniform,0.5,0.5,X150,1,20,18,262144,0.0442577652595425,0.5080417524254898,0.20471218088641763,42.90788173675537,41.1875,0.5080420847265872,108.75759764597751,4.5162153244018555,0.0,OK,0.5126999999999999,0.0005308100000000009,1.151146926661022,0.32807445526123047,0.0,0.004658247574510166,0.5169,0.0004858900000000008,4.583937933552079,0.4910144805908203,0.0,0.008858247574510258
bn_n200_w6_uniform.bif,200,6,uniform,0.5,0.6,X150,1,28,19,524288,0.11824934243132224,0.6389794662183518,0.11810507695190609,73.09771633148193,53.5625,0.6389794662183521,0.47273933817632496,5.666484832763672,0.0,OK,0.6432,0.0003743600000000006,1.1420553521485999,0.33028697967529297,0.0,0.004220533781648217,0.6378,0.00060676,4.546356723783537,0.4929065704345703,0.0,0.0011794662183517435
bn_n200_w6_uniform.bif,200,6,uniform,0.5,0.7,X150,1,25,19,524288,0.028942696843698656,0.6566202624932858,0.1329283721279353,108.8673620223999,202.75,0.6566202624932858,0.5035263651516289,5.034790992736816,0.0,OK,0.6549,0.0013584899999999995,1.1487635131226852,0.3270902633666992,0.0,0.001720262493285718,0.6592,0.0010245599999999994,4.5763174969004465,0.4989032745361328,0.0,0.0025797375067142525
bn_n200_w6_uniform.bif,200,6,uniform,0.5,0.8,X150,1,20,26,67108864,0.22289022555050642,0.7908147581582954,3.2221658090129495,9217.645327568054,26580.8125,0.7908147581582958,0.6006250109057873,4.6017656326293945,0.0,OK,0.7872999999999999,0.0004448099999999998,1.1451521401992069,0.34609127044677734,0.0,0.0035147581582954945,0.7944,0.00020923999999999964,4.604862958798185,0.4980030059814453,0.0,0.0035852418417046117
bn_n200_w6_uniform.bif,200,6,uniform,0.5,0.9,X150,1,30,21,2097152,0.1953215045791017,0.8934613347013262,0.6948959671426564,288.8667058944702,707.3125,0.8934613347013262,429.9919612831436,6.376773834228516,0.0,OK,0.8878999999999999,0.00014369000000000027,1.1121574287069962,0.3293638229370117,0.0,0.005561334701326248,0.8875,0.00017765000000000028,4.431141416006722,0.48595619201660156,0.0,0.005961334701326204
bn_n200_w6_uniform.bif,200,6,uniform,0.5,1.0,X150,1,32,22,4194304,0.318218114965357,1.0,0.30535823898389935,577.0363492965698,1555.375,1.0,0.5895030030515045,6.718137741088867,0.0,OK,1.0,0.0,1.1234217878896744,0.33054637908935547,0.0,0.0,1.0,0.0,4.493360467883758,0.4869251251220703,0.0,0.0
