Network,N_Nodes,Density,Rigidity,Hidden_Ratio,Target_Bucket,Target_Node,Target_Value,Exact_SDP,Exact_Time_sec,Exact_Peak_Memory_MB,MCMC_Mean_SDP,MCMC_Variance,MCMC_Avg_Time_sec,MCMC_Peak_Memory_MB,Absolute_Error,PT_MCMC_Mean_SDP,PT_MCMC_Variance,PT_MCMC_Avg_Time_sec,PT_Peak_Memory_MB,PT_Absolute_Error
bn_n100_w2_rigid_moderate.bif,100,2,rigid_moderate,0.25,0.4,X44,1,0.3563614719147951,0.04201865196228027,0.784881591796875,0.35740000000000005,0.00027763999999999995,0.9045314311981201,0.16378211975097656,0.0010385280852049372,0.35240000000000005,0.0004198399999999998,3.785494494438171,0.2761068344116211,0.003961471914795067
bn_n100_w2_rigid_moderate.bif,100,2,rigid_moderate,0.25,0.5,X44,1,0.45332551187274606,0.04233741760253906,0.7937088012695312,0.4534000000000001,0.00025344000000000007,0.9077731609344483,0.16149425506591797,7.448812725402432e-05,0.4513,0.00026821,3.7093711614608766,0.2807750701904297,0.0020255118727460775
bn_n100_w2_rigid_moderate.bif,100,2,rigid_moderate,0.25,0.6,X44,1,0.622876675975657,0.041507720947265625,0.7654876708984375,0.6144,0.0002260400000000004,1.0126702547073365,0.16556072235107422,0.008476675975657044,0.6191000000000001,0.00016009000000000026,4.170629835128784,0.29249095916748047,0.0037766759756568957
bn_n100_w2_rigid_moderate.bif,100,2,rigid_moderate,0.25,0.7,X44,1,0.7126380521440103,0.06287860870361328,0.7889862060546875,0.709,0.00012160000000000022,1.0036269426345825,0.16652202606201172,0.003638052144010362,0.7124,0.00018363999999999967,4.141592907905578,0.28982067108154297,0.0002380521440102923
bn_n100_w2_rigid_moderate.bif,100,2,rigid_moderate,0.25,0.8,X44,1,0.7667418150643706,0.0644369125366211,0.7817840576171875,0.7602,0.00010456000000000018,0.8969393491744995,0.16019725799560547,0.006541815064370571,0.7735,0.0001622500000000003,3.6114123106002807,0.26143932342529297,0.006758184935629408
bn_n100_w2_rigid_moderate.bif,100,2,rigid_moderate,0.25,0.9,X44,1,0.8548534890124829,0.06453132629394531,0.7885589599609375,0.8579000000000001,8.989000000000016e-05,0.9586777925491333,0.16207408905029297,0.0030465109875171814,0.8525,0.00010725000000000021,3.832857131958008,0.2733926773071289,0.00235348901248289
bn_n100_w2_rigid_moderate.bif,100,2,rigid_moderate,0.25,1.0,X44,1,1.0,0.06607747077941895,0.8005523681640625,1.0,0.0,0.9518788576126098,0.16260814666748047,0.0,1.0,0.0,3.9340420961380005,0.27814769744873047,0.0
bn_n100_w2_rigid_extreme.bif,100,2,rigid_extreme,0.25,0.4,X76,1,0.36904454529087577,0.0642082691192627,0.811553955078125,0.3330000000000001,0.005412,0.9396714687347412,0.16150856018066406,0.036044545290875696,0.35869999999999996,0.0012770099999999999,3.832977271080017,0.2961101531982422,0.010344545290875806
bn_n100_w2_rigid_extreme.bif,100,2,rigid_extreme,0.25,0.5,X76,1,0.45856120561543146,0.06672286987304688,0.7571563720703125,0.4655,0.0003648499999999998,0.9009205579757691,0.16299724578857422,0.0069387943845685696,0.46950000000000003,0.00048364999999999986,3.725235390663147,0.26369762420654297,0.010938794384568573
bn_n100_w2_rigid_extreme.bif,100,2,rigid_extreme,0.25,0.6,X76,1,0.5528182186646892,0.06669402122497559,0.7614059448242188,0.5426,0.00018383999999999957,0.9686136722564698,0.16455364227294922,0.010218218664689194,0.5615,0.0003166499999999989,3.990212082862854,0.2830686569213867,0.008681781335310834
bn_n100_w2_rigid_extreme.bif,100,2,rigid_extreme,0.25,0.7,X76,1,0.6880168154106168,0.04539990425109863,0.7838058471679688,0.6844,0.00038083999999999915,0.8896006107330322,0.16144084930419922,0.0036168154106167583,0.6827,0.00014940999999999937,3.709550380706787,0.2679624557495117,0.005316815410616793
bn_n100_w2_rigid_extreme.bif,100,2,rigid_extreme,0.25,0.8,X76,1,0.8155602793347642,0.04609274864196777,0.7783050537109375,0.8097,0.00013340999999999906,0.9476996660232544,0.16685771942138672,0.005860279334764185,0.8182,8.795999999999956e-05,3.975037693977356,0.2844066619873047,0.0026397206652358784
bn_n100_w2_rigid_extreme.bif,100,2,rigid_extreme,0.25,0.9,X76,1,0.9386079926458174,0.04801678657531738,0.8441581726074219,0.9390999999999998,3.1089999999999555e-05,0.9438035249710083,0.16395092010498047,0.0004920073541824221,0.9413,7.960999999999927e-05,3.898505449295044,0.2752103805541992,0.002692007354182624
bn_n100_w2_rigid_extreme.bif,100,2,rigid_extreme,0.25,1.0,X76,1,0.9999999999999999,0.04439377784729004,0.7749557495117188,1.0,0.0,0.9529184103012085,0.16531658172607422,1.1102230246251565e-16,1.0,0.0,3.9559967041015627,0.28147411346435547,1.1102230246251565e-16
bn_n100_w2_concentrated_bias_low.bif,100,2,concentrated_bias_low,0.25,0.4,X65,1,0.3793612288973783,0.05539202690124512,0.8369140625,0.3816,0.00045164000000000044,1.1088379621505737,0.16768836975097656,0.002238771102621717,0.38180000000000003,0.00027616000000000045,4.4616563558578495,0.30005931854248047,0.0024387711026217507
bn_n100_w2_concentrated_bias_low.bif,100,2,concentrated_bias_low,0.25,0.5,X65,1,0.486598245439425,0.06460142135620117,0.7966537475585938,0.4932,0.0003659600000000003,0.9825264930725097,0.16141796112060547,0.006601754560575046,0.4845,0.00012065,3.952297401428223,0.2750873565673828,0.002098245439424995
bn_n100_w2_concentrated_bias_low.bif,100,2,concentrated_bias_low,0.25,0.6,X65,1,0.6070648234733714,0.06183886528015137,0.7967300415039062,0.6045,0.00032265000000000055,0.978971266746521,0.16459178924560547,0.0025648234733713915,0.6035999999999999,0.00012044000000000022,3.9359160661697388,0.2802305221557617,0.0034648234733715144
bn_n100_w2_concentrated_bias_low.bif,100,2,concentrated_bias_low,0.25,0.7,X65,1,0.7414306170578667,0.05917072296142578,0.7873916625976562,0.7438999999999999,0.0001254900000000002,0.9958296298980713,0.16173076629638672,0.0024693829421331692,0.7454000000000001,0.00016504000000000028,3.941843628883362,0.27518367767333984,0.003969382942133337
bn_n100_w2_concentrated_bias_low.bif,100,2,concentrated_bias_low,0.25,0.8,X65,1,0.8087596771064287,0.05939459800720215,0.7865066528320312,0.8051,0.0002858899999999995,1.016024374961853,0.16742229461669922,0.0036596771064286715,0.8068,0.00023375999999999923,4.224461078643799,0.31420040130615234,0.0019596771064287477
bn_n100_w2_concentrated_bias_low.bif,100,2,concentrated_bias_low,0.25,0.9,X65,1,0.9036206332625591,0.062236785888671875,0.8171463012695312,0.9028,6.556000000000012e-05,1.053105878829956,0.16601848602294922,0.0008206332625591006,0.9057000000000001,3.401000000000006e-05,4.350578260421753,0.2882366180419922,0.002079366737440913
bn_n100_w2_concentrated_bias_low.bif,100,2,concentrated_bias_low,0.25,1.0,X65,1,1.0,0.06014251708984375,0.79364013671875,1.0,0.0,0.993026876449585,0.16668224334716797,0.0,1.0,0.0,4.059161496162415,0.27648067474365234,0.0
bn_n100_w2_concentrated_bias_high.bif,100,2,concentrated_bias_high,0.25,0.4,X4,1,0.3917345439115291,0.04330611228942871,0.8240509033203125,0.3806,0.00021964000000000038,0.9567248821258545,0.1639881134033203,0.011134543911529127,0.3917,0.00036581000000000005,3.8851712226867674,0.3062925338745117,3.4543911529127946e-05
bn_n100_w2_concentrated_bias_high.bif,100,2,concentrated_bias_high,0.25,0.5,X4,1,0.4602749775692874,0.044324398040771484,0.7900848388671875,0.4649,0.0003552899999999998,0.9766617774963379,0.16521739959716797,0.004625022430712555,0.45730000000000004,0.00020020999999999998,3.957702946662903,0.30243492126464844,0.0029749775692873848
bn_n100_w2_concentrated_bias_high.bif,100,2,concentrated_bias_high,0.25,0.8,X4,1,0.8151613261585358,0.0452578067779541,0.7898406982421875,0.8080999999999999,0.00019048999999999916,0.993232536315918,0.16624736785888672,0.00706132615853583,0.8116999999999999,0.00014600999999999915,4.054738616943359,0.2815542221069336,0.0034613261585358934
bn_n100_w2_concentrated_bias_high.bif,100,2,concentrated_bias_high,0.25,0.9,X4,1,0.9358254527083941,0.043839216232299805,0.7880477905273438,0.9359999999999999,2.7199999999999584e-05,0.8838726043701172,0.15868663787841797,0.00017454729160581994,0.9364000000000001,2.6239999999999593e-05,3.5437965393066406,0.26399898529052734,0.0005745472916059979
bn_n100_w2_concentrated_bias_high.bif,100,2,concentrated_bias_high,0.25,1.0,X4,1,0.9901087642763694,0.044251203536987305,0.7958755493164062,0.9882,1.1160000000000019e-05,0.9694920063018799,0.16423320770263672,0.0019087642763694346,0.9903000000000001,4.010000000000007e-06,3.927245926856995,0.2860403060913086,0.0001912357236306672
bn_n100_w2_spread_bias_low.bif,100,2,spread_bias_low,0.25,0.6,X11,1,0.6309762139568483,0.056154727935791016,0.768463134765625,0.6272,0.00018796000000000036,0.9704094409942627,0.16397380828857422,0.003776213956848351,0.6277999999999999,6.716000000000012e-05,3.905938172340393,0.27373409271240234,0.003176213956848417
bn_n100_w2_spread_bias_low.bif,100,2,spread_bias_low,0.25,0.7,X11,1,0.7464452454649286,0.06184673309326172,0.7922821044921875,0.7579,9.629000000000018e-05,1.027541708946228,0.16774272918701172,0.011454754535071388,0.7478,0.0003665600000000007,4.212608337402344,0.3171672821044922,0.0013547545350713897
bn_n100_w2_spread_bias_low.bif,100,2,spread_bias_low,0.25,0.8,X11,1,0.8156913693880825,0.05879044532775879,0.7997207641601562,0.8107,0.00020260999999999906,0.9947333574295044,0.16408824920654297,0.004991369388082534,0.8248,8.916000000000016e-05,4.108552622795105,0.2799406051635742,0.009108630611917468
bn_n100_w2_spread_bias_low.bif,100,2,spread_bias_low,0.25,0.9,X11,1,0.8810683619954689,0.06050467491149902,0.80145263671875,0.8789,7.449000000000014e-05,0.9634942054748535,0.16289043426513672,0.0021683619954688815,0.8826,8.484000000000016e-05,3.8994815587997436,0.2776365280151367,0.001531638004531155
bn_n100_w2_spread_bias_low.bif,100,2,spread_bias_low,0.25,1.0,X11,1,1.0,0.06129765510559082,0.7922897338867188,1.0,0.0,0.9320322513580322,0.16123485565185547,0.0,1.0,0.0,4.046690940856934,0.27631092071533203,0.0
bn_n100_w2_spread_bias_high.bif,100,2,spread_bias_high,0.25,0.4,X2,1,0.3826882924835733,0.040326833724975586,0.7900848388671875,0.3799,0.0003136900000000002,0.9251264095306396,0.16267681121826172,0.0027882924835732625,0.3842,0.0004885600000000002,3.8193367958068847,0.2703084945678711,0.001511707516426708
bn_n100_w2_spread_bias_high.bif,100,2,spread_bias_high,0.25,0.5,X2,1,0.4711687259280201,0.06277942657470703,0.7891464233398438,0.46840000000000004,0.0002870399999999998,0.9566139698028564,0.16200542449951172,0.002768725928020077,0.47519999999999996,0.0004047599999999998,3.8035962343215943,0.30130672454833984,0.00403127407197984
bn_n100_w2_spread_bias_high.bif,100,2,spread_bias_high,0.25,0.6,X2,1,0.5874572505282154,0.06121706962585449,0.7750320434570312,0.5892,0.0002961599999999993,0.9923206329345703,0.16453838348388672,0.0017427494717845438,0.5891,0.00018768999999999966,4.074313807487488,0.28434276580810547,0.0016427494717845548
bn_n100_w2_spread_bias_high.bif,100,2,spread_bias_high,0.25,0.7,X2,1,0.7345745621741,0.06789755821228027,0.768341064453125,0.732,0.00015040000000000027,0.967344093322754,0.16237926483154297,0.0025745621741000146,0.7333000000000001,9.041000000000017e-05,3.8754971504211424,0.27396678924560547,0.0012745621740999358
bn_n100_w2_spread_bias_high.bif,100,2,spread_bias_high,0.25,0.8,X2,1,0.7743007371092205,0.06281661987304688,0.763336181640625,0.7779999999999999,0.00010100000000000018,0.9821372270584107,0.16571331024169922,0.0036992628907793756,0.7771000000000001,7.089000000000013e-05,3.9791913747787477,0.2844572067260742,0.002799262890779586
bn_n100_w2_spread_bias_high.bif,100,2,spread_bias_high,0.25,0.9,X2,1,0.8974239830133516,0.06325650215148926,0.785614013671875,0.9007,7.921000000000014e-05,0.9867154121398926,0.16484355926513672,0.003276016986648367,0.8977,0.00011921000000000021,4.016504716873169,0.27784252166748047,0.0002760169866484752
bn_n100_w2_spread_bias_high.bif,100,2,spread_bias_high,0.25,1.0,X2,1,1.0,0.06722116470336914,0.7919921875,1.0,0.0,1.0213061094284057,0.16997814178466797,0.0,1.0,0.0,4.098033881187439,0.28623104095458984,0.0
bn_n100_w2_uncertain_moderate.bif,100,2,uncertain_moderate,0.25,0.4,X3,1,0.4373234230607577,0.043021440505981445,0.7709732055664062,0.44560000000000005,0.00018384000000000033,0.9121927499771119,0.16275310516357422,0.00827657693924233,0.42960000000000004,0.00036543999999999997,3.766175937652588,0.2708883285522461,0.007723423060757684
bn_n100_w2_uncertain_moderate.bif,100,2,uncertain_moderate,0.25,0.5,X3,1,0.5128630677707813,0.04448890686035156,0.778076171875,0.5104,4.364000000000008e-05,0.9898278474807739,0.16633892059326172,0.002463067770781313,0.5093,0.0002430100000000004,4.067961573600769,0.2862691879272461,0.003563067770781303
bn_n100_w2_uncertain_moderate.bif,100,2,uncertain_moderate,0.25,0.6,X3,1,0.5734785169276696,0.04456782341003418,0.7837982177734375,0.5776999999999999,0.000278009999999999,0.9164673805236816,0.16395092010498047,0.004221483072330279,0.5753,0.00019980999999999976,3.7394970417022706,0.27074718475341797,0.001821483072330432
bn_n100_w2_uncertain_moderate.bif,100,2,uncertain_moderate,0.25,0.7,X3,1,0.7104913832371521,0.04898428916931152,0.7834014892578125,0.7044,0.00032643999999999946,0.987943172454834,0.16512584686279297,0.0060913832371520815,0.7165,0.00021105000000000033,4.003640532493591,0.30197715759277344,0.006008616762847918
bn_n100_w2_uncertain_moderate.bif,100,2,uncertain_moderate,0.25,0.8,X3,1,0.813241069286596,0.048691749572753906,0.7785415649414062,0.8139,0.0001328899999999993,0.9645371198654175,0.16506481170654297,0.000658930713403949,0.8138000000000002,7.935999999999932e-05,3.9312618494033815,0.2849416732788086,0.0005589307134041821
bn_n100_w2_uncertain_moderate.bif,100,2,uncertain_moderate,0.25,0.9,X3,1,0.9332369783796064,0.04182124137878418,0.772735595703125,0.9331000000000002,0.00015548999999999907,0.9413374423980713,0.16421031951904297,0.00013697837960624515,0.9309,0.00010268999999999943,3.8363664865493776,0.2778005599975586,0.002336978379606447
bn_n100_w2_uncertain_moderate.bif,100,2,uncertain_moderate,0.25,1.0,X3,1,1.0,0.04536318778991699,0.7647476196289062,1.0,0.0,0.9676296949386597,0.16649913787841797,0.0,1.0,0.0,3.903576302528381,0.31006526947021484,0.0
bn_n100_w2_uncertain_strong.bif,100,2,uncertain_strong,0.25,0.5,X42,1,0.5454865943658322,0.04678750038146973,0.7708358764648438,0.5457000000000001,0.0003872099999999999,0.9893993139266968,0.16373729705810547,0.0002134056341678292,0.542,0.0002969999999999999,3.9674226522445677,0.28196239471435547,0.0034865943658322074
bn_n100_w2_uncertain_strong.bif,100,2,uncertain_strong,0.25,0.6,X42,1,0.5676809584979141,0.05761241912841797,0.7812652587890625,0.5667,0.00030440999999999905,0.977032732963562,0.16572856903076172,0.0009809584979141306,0.5683,0.00012620999999999957,3.939896893501282,0.28408336639404297,0.0006190415020859152
bn_n100_w2_uncertain_strong.bif,100,2,uncertain_strong,0.25,0.7,X42,1,0.7129668830996672,0.04671764373779297,0.8298263549804688,0.7253999999999999,0.00024044000000000046,1.0265963554382325,0.16913890838623047,0.012433116900332775,0.704,0.00019459999999999974,4.140444397926331,0.2843313217163086,0.0089668830996672
bn_n100_w2_uncertain_strong.bif,100,2,uncertain_strong,0.25,0.8,X42,1,0.7717116459918261,0.04408740997314453,0.7854690551757812,0.7733000000000001,0.00010401000000000019,1.0023943185806274,0.16552257537841797,0.001588354008174031,0.78,8.620000000000014e-05,4.007639646530151,0.2797842025756836,0.00828835400817396
bn_n100_w2_uncertain_strong.bif,100,2,uncertain_strong,0.25,0.9,X42,1,0.8748290785967479,0.04392838478088379,0.7743072509765625,0.8716000000000002,0.0001074400000000002,0.9745464324951172,0.16162395477294922,0.003229078596747703,0.8749,8.149000000000014e-05,3.9388275861740114,0.2811727523803711,7.092140325215546e-05
bn_n100_w2_uncertain_strong.bif,100,2,uncertain_strong,0.25,1.0,X42,1,1.0000000000000002,0.04039597511291504,0.7427291870117188,1.0,0.0,0.9221401691436768,0.16332530975341797,2.220446049250313e-16,1.0,0.0,3.7658047676086426,0.2705984115600586,2.220446049250313e-16
bn_n100_w6_concentrated_bias_high.bif,100,6,concentrated_bias_high,0.25,1.0,X62,1,1.0,0.05834007263183594,0.9230575561523438,1.0,0.0,1.2087586879730225,0.18262004852294922,0.0,1.0,0.0,5.0830271482467655,0.3281736373901367,0.0
bn_n100_w6_spread_bias_high.bif,100,6,spread_bias_high,0.25,1.0,X43,1,0.9998850229128947,0.08244442939758301,1.0777645111083984,1.0,0.0,1.2981194257736206,0.18459606170654297,0.00011497708710528354,0.9999,9.000000000000016e-08,5.349978113174439,0.35059642791748047,1.4977087105294551e-05
bn_n100_w6_uncertain_moderate.bif,100,6,uncertain_moderate,0.25,0.8,X54,1,0.8284077438271175,0.055800676345825195,1.0366668701171875,0.8305,7.005000000000013e-05,1.3161123752593995,0.18505382537841797,0.002092256172882556,0.8333999999999999,0.0002006399999999999,5.333326458930969,0.3800954818725586,0.004992256172882459
bn_n100_w6_rigid_moderate.bif,100,6,rigid_moderate,0.25,0.9,X23,1,0.9276647046121632,0.0544734001159668,0.9363861083984375,0.9267,6.820999999999984e-05,1.2323773860931397,0.18385601043701172,0.0009647046121632474,0.9282,4.155999999999979e-05,5.238106656074524,0.37403392791748047,0.0005352953878368094
bn_n100_w6_rigid_moderate.bif,100,6,rigid_moderate,0.25,1.0,X23,1,1.0,0.0762336254119873,97.625,1.0,0.0,1.4129071712493897,0.19920635223388672,0.0,1.0,0.0,5.962806272506714,0.3818998336791992,0.0
bn_n100_w6_uncertain_strong.bif,100,6,uncertain_strong,0.25,1.0,X78,1,1.0,0.07940411567687988,0.9900054931640625,1.0,0.0,1.2969745635986327,0.18597698211669922,0.0,1.0,0.0,5.449093961715699,0.3406095504760742,0.0
bn_n100_w6_uniform.bif,100,6,uniform,0.25,1.0,X97,1,1.0,0.05137920379638672,0.8857421875,1.0,0.0,1.1191479206085204,0.18075084686279297,0.0,1.0,0.0,4.742447113990783,0.31774425506591797,0.0
bn_n200_w2_concentrated_bias_low.bif,200,2,concentrated_bias_low,0.25,1.0,X14,1,0.9901881873454201,0.07970857620239258,1.4711837768554688,0.9875,2.6500000000000047e-06,1.0032299757003784,0.29784679412841797,0.00268818734542009,0.9897,1.8410000000000035e-05,4.0366464138031,0.40816783905029297,0.0004881873454201102
bn_n100_w2_uniform.bif,100,2,uniform,0.25,0.4,X18,1,0.43251179861014527,0.04129219055175781,0.774383544921875,0.43620000000000003,0.0001143600000000002,0.9872524738311768,0.16491222381591797,0.0036882013898547616,0.43019999999999997,0.00015855999999999992,4.040527439117431,0.2816648483276367,0.002311798610145299
bn_n100_w2_uniform.bif,100,2,uniform,0.25,0.5,X18,1,0.4720391400578986,0.055166006088256836,0.7642669677734375,0.4715,0.00059465,0.9275766134262085,0.16356182098388672,0.0005391400578986238,0.4664,0.0001472399999999997,3.759058380126953,0.26518917083740234,0.005639140057898617
bn_n100_w2_uniform.bif,100,2,uniform,0.25,0.6,X18,1,0.6403985815433615,0.05782318115234375,0.7700424194335938,0.6434,7.764000000000013e-05,0.9177734375,0.16229534149169922,0.0030014184566384827,0.6436,0.0001670400000000003,3.7016218662261964,0.26656246185302734,0.0032014184566384607
bn_n100_w2_uniform.bif,100,2,uniform,0.25,0.7,X18,1,0.7358134379014111,0.06406140327453613,0.794403076171875,0.7382000000000001,0.00026816000000000047,0.9217751979827881,0.16219615936279297,0.002386562098589007,0.7266999999999999,0.00012081000000000021,3.6663877964019775,0.26544857025146484,0.00911343790141117
bn_n100_w2_uniform.bif,100,2,uniform,0.25,0.8,X18,1,0.849336181882411,0.055567264556884766,0.7371902465820312,0.8493999999999999,0.00013764000000000023,1.0025248765945434,0.16178417205810547,6.381811758893186e-05,0.8523999999999999,0.00015584000000000027,3.9806562662124634,0.28627586364746094,0.0030638181175889345
bn_n100_w2_uniform.bif,100,2,uniform,0.25,0.9,X18,1,0.9132192837597083,0.06537938117980957,0.7358245849609375,0.9160000000000001,6.020000000000011e-05,1.0260868310928344,0.16585826873779297,0.0027807162402918584,0.9151000000000001,5.9290000000000105e-05,4.113382172584534,0.2872800827026367,0.0018807162402918465
bn_n100_w2_uniform.bif,100,2,uniform,0.25,1.0,X18,1,0.955825215210503,0.07401323318481445,0.7698974609375,0.9579999999999999,3.5800000000000064e-05,0.9892339468002319,0.16450023651123047,0.002174784789496842,0.9551999999999999,6.516000000000011e-05,3.964248847961426,0.2824125289916992,0.0006252152105030717
bn_n200_w2_concentrated_bias_high.bif,200,2,concentrated_bias_high,0.25,0.4,X105,1,0.4490484838961987,0.10905575752258301,1.44940185546875,0.4526,0.00014264000000000025,0.9450677156448364,0.31691932678222656,0.0035515161038012777,0.45520000000000005,0.0002111599999999998,3.9220998287200928,0.4018278121948242,0.006151516103801324
bn_n200_w2_concentrated_bias_high.bif,200,2,concentrated_bias_high,0.25,0.5,X105,1,0.5277410795658203,0.11589860916137695,1.4604568481445312,0.5217,0.00035561000000000067,0.9461705923080445,0.29391002655029297,0.006041079565820229,0.5186999999999999,0.0002956100000000005,3.8563502073287963,0.4014005661010742,0.009041079565820342
bn_n200_w2_concentrated_bias_high.bif,200,2,concentrated_bias_high,0.25,0.6,X105,1,0.6442352229006181,0.1223750114440918,1.4890880584716797,0.6353000000000001,0.00012881000000000023,0.9377222537994385,0.29363536834716797,0.00893522290061799,0.6458,0.00020216000000000035,3.791549801826477,0.42746639251708984,0.0015647770993819643
bn_n200_w2_concentrated_bias_high.bif,200,2,concentrated_bias_high,0.25,0.7,X105,1,0.6934214904830731,0.1181190013885498,1.4668502807617188,0.6970999999999999,0.00022888999999999952,0.965583348274231,0.3155384063720703,0.003678509516926831,0.6946000000000001,0.00019563999999999923,3.8808934688568115,0.4036130905151367,0.0011785095169269955
bn_n200_w2_concentrated_bias_high.bif,200,2,concentrated_bias_high,0.25,0.8,X105,1,0.8460975240583724,0.1060340404510498,1.4888744354248047,0.8393,0.00013481000000000024,1.0046165943145753,0.3076038360595703,0.006797524058372306,0.8455999999999999,7.244000000000014e-05,3.8906381368637084,0.3991880416870117,0.000497524058372445
bn_n200_w2_concentrated_bias_high.bif,200,2,concentrated_bias_high,0.25,0.9,X105,1,0.86218666619187,0.11345243453979492,1.4586639404296875,0.8625,0.00013685000000000026,0.9494674682617188,0.29355907440185547,0.0003133338081300341,0.8623,0.00011681000000000022,3.908220100402832,0.40027904510498047,0.00011333380812994509
bn_n200_w2_concentrated_bias_high.bif,200,2,concentrated_bias_high,0.25,1.0,X105,1,1.0,0.11288166046142578,1.4571151733398438,1.0,0.0,0.9365953922271728,0.29357433319091797,0.0,1.0,0.0,3.8680378675460814,0.4039182662963867,0.0
bn_n200_w2_rigid_moderate.bif,200,2,rigid_moderate,0.25,0.4,X113,1,0.397242582440783,0.08157920837402344,1.5101852416992188,0.40890000000000004,5.548999999999978e-05,0.9397664070129395,0.29300975799560547,0.011657417559217065,0.3989,0.00029628999999999967,3.7976570606231688,0.4008817672729492,0.0016574175592170004
bn_n200_w2_rigid_moderate.bif,200,2,rigid_moderate,0.25,0.5,X113,1,0.5392194987775719,0.08401942253112793,1.5107269287109375,0.5359,0.010597689999999996,0.9345872163772583,0.2937498092651367,0.003319498777571872,0.5532,0.01774276,3.8140419006347654,0.3991880416870117,0.01398050122242811
bn_n200_w2_rigid_moderate.bif,200,2,rigid_moderate,0.25,0.6,X113,1,0.6154658105493226,0.08515095710754395,1.5097885131835938,0.6022,0.0006759600000000013,0.9124123096466065,0.29319286346435547,0.013265810549322632,0.6121000000000001,0.0004834900000000008,3.7086129426956176,0.40651607513427734,0.003365810549322501
bn_n200_w2_rigid_moderate.bif,200,2,rigid_moderate,0.25,0.7,X113,1,0.717171200392596,0.08285355567932129,1.4740447998046875,0.716,0.0003997999999999998,0.9335052728652954,0.2930936813354492,0.0011712003925959946,0.7207999999999999,0.0003837599999999996,3.7663688182830812,0.40608882904052734,0.003628799607403921
bn_n200_w2_rigid_moderate.bif,200,2,rigid_moderate,0.25,0.8,X113,1,0.8470382149158585,0.08808279037475586,1.5130691528320312,0.8412,0.00011636000000000021,0.9650441169738769,0.29308605194091797,0.005838214915858564,0.8434999999999999,0.0003506499999999999,3.941611886024475,0.39838695526123047,0.003538214915858595
bn_n200_w2_rigid_moderate.bif,200,2,rigid_moderate,0.25,0.9,X113,1,0.8565250959792856,0.12782859802246094,1.5148086547851562,0.8526999999999999,0.0010576100000000003,0.9680100679397583,0.2958860397338867,0.0038250959792857087,0.8549999999999999,0.001802000000000001,3.919662594795227,0.43628501892089844,0.00152509597928574
bn_n200_w2_rigid_moderate.bif,200,2,rigid_moderate,0.25,1.0,X113,1,1.0,0.12583041191101074,1.5106735229492188,1.0,0.0,0.9873192787170411,0.29584789276123047,0.0,1.0,0.0,4.004541826248169,0.40388011932373047,0.0
bn_n200_w2_rigid_extreme.bif,200,2,rigid_extreme,0.25,0.5,X113,1,0.5063541948340833,0.08249759674072266,1.46466064453125,0.5065000000000001,0.0003412500000000006,0.9342111587524414,0.2954740524291992,0.00014580516591677917,0.5027000000000001,0.0001160100000000002,3.822231650352478,0.40029430389404297,0.0036541948340831354
bn_n200_w2_rigid_extreme.bif,200,2,rigid_extreme,0.25,0.6,X113,1,0.6359948785134416,0.08470487594604492,1.479705810546875,0.7756000000000001,0.02800864,0.9392971277236939,0.29503917694091797,0.13960512148655846,0.6376,0.01595764,3.876875472068787,0.4396963119506836,0.0016051214865583363
bn_n200_w2_rigid_extreme.bif,200,2,rigid_extreme,0.25,0.7,X113,1,0.737179603872957,0.08680462837219238,1.4922943115234375,0.7973,0.03557121,0.9322603225708008,0.2939634323120117,0.06012039612704301,0.7051000000000001,0.007963690000000002,3.8846614360809326,0.4066610336303711,0.03207960387295694
bn_n200_w2_rigid_extreme.bif,200,2,rigid_extreme,0.25,0.8,X113,1,0.8400479660999918,0.08488631248474121,1.5131759643554688,0.8537999999999999,0.00611936,0.9081708431243897,0.29319286346435547,0.01375203390000812,0.865,0.006027199999999999,3.752034616470337,0.39968395233154297,0.02495203390000822
bn_n200_w2_rigid_extreme.bif,200,2,rigid_extreme,0.25,0.9,X113,1,0.9183595908704567,0.08629894256591797,1.4953079223632812,0.923,0.0036477999999999975,0.9427087306976318,0.29554271697998047,0.0046404091295433325,0.9091999999999999,0.00553176,3.9073692560195923,0.40334606170654297,0.009159590870456813
bn_n200_w2_rigid_extreme.bif,200,2,rigid_extreme,0.25,1.0,X113,1,0.9999999784256198,0.08246874809265137,1.4812164306640625,1.0,0.0,0.938583779335022,0.29491710662841797,2.1574380171252017e-08,1.0,0.0,3.837028431892395,0.4027891159057617,2.1574380171252017e-08
bn_n200_w2_spread_bias_high.bif,200,2,spread_bias_high,0.25,0.4,X17,1,0.4169686372419219,0.11775851249694824,1.5123424530029297,0.42230000000000006,0.00055161,0.9780406713485718,0.2926206588745117,0.005331362758078162,0.4222,0.00023255999999999993,3.882172179222107,0.40165233612060547,0.0052313627580781175
bn_n200_w2_spread_bias_high.bif,200,2,spread_bias_high,0.25,0.5,X17,1,0.5380919646622668,0.10910820960998535,1.4762401580810547,0.5471999999999999,0.00026535999999999997,0.9815546035766601,0.29497814178466797,0.009108035337733078,0.5432,0.00029636,3.9671881675720213,0.4044981002807617,0.0051080353377331855
bn_n200_w2_spread_bias_high.bif,200,2,spread_bias_high,0.25,0.6,X17,1,0.602403679830585,0.1065070629119873,1.4823589324951172,0.5989,0.00023549000000000044,0.9947321653366089,0.2941160202026367,0.0035036798305849715,0.6009,0.0002802900000000005,3.9562289237976076,0.4067258834838867,0.0015036798305849697
bn_n200_w2_spread_bias_high.bif,200,2,spread_bias_high,0.25,0.7,X17,1,0.673854296635353,0.11559009552001953,1.4305496215820312,0.6712,0.00010676000000000019,0.9705487966537476,0.2938718795776367,0.002654296635352993,0.6803000000000001,0.0001548099999999992,3.8875722885131836,0.3977079391479492,0.006445703364647115
bn_n200_w2_spread_bias_high.bif,200,2,spread_bias_high,0.25,0.8,X17,1,0.7659255028343934,0.11528968811035156,1.4597253799438477,0.7631,5.649000000000009e-05,0.9470337867736817,0.29331493377685547,0.002825502834393423,0.7731000000000001,0.0003300899999999996,3.751897168159485,0.40040111541748047,0.007174497165606697
bn_n200_w2_spread_bias_high.bif,200,2,spread_bias_high,0.25,0.9,X17,1,0.8681823255240877,0.10983872413635254,1.4360227584838867,0.8714999999999998,0.00012105000000000019,0.982452130317688,0.2945432662963867,0.0033176744759121357,0.8713000000000001,0.0001102100000000002,3.9148995876312256,0.3981351852416992,0.00311767447591238
bn_n200_w2_spread_bias_high.bif,200,2,spread_bias_high,0.25,1.0,X17,1,1.0,0.11642909049987793,1.5235233306884766,1.0,0.0,0.9931947708129882,0.30957984924316406,0.0,1.0,0.0,3.970339298248291,0.4040250778198242,0.0
bn_n200_w2_spread_bias_low.bif,200,2,spread_bias_low,0.25,0.5,X71,1,0.5018199955475875,0.08996033668518066,1.487060546875,0.5094000000000001,0.001635039999999999,1.0322337388992309,0.2966337203979492,0.007580004452412581,0.4920999999999999,0.0012996900000000007,4.0852913618087765,0.4103879928588867,0.009719995547587568
bn_n200_w2_spread_bias_low.bif,200,2,spread_bias_low,0.25,0.6,X71,1,0.5570261242409529,0.11454534530639648,1.4870223999023438,0.5527,0.0003958099999999992,1.0051667928695678,0.29296016693115234,0.004326124240952911,0.5614000000000001,0.00020063999999999916,3.9538009405136108,0.40435314178466797,0.004373875759047241
bn_n200_w2_spread_bias_low.bif,200,2,spread_bias_low,0.25,0.7,X71,1,0.6999078457771408,0.11252164840698242,1.4983272552490234,0.704,0.0002924000000000001,0.9974812269210815,0.29258251190185547,0.0040921542228591345,0.6933999999999999,0.00026883999999999887,3.915200877189636,0.3948392868041992,0.006507845777140919
bn_n200_w2_spread_bias_low.bif,200,2,spread_bias_low,0.25,0.8,X71,1,0.811794282884249,0.1092841625213623,1.493062973022461,0.8243,0.000390809999999999,0.9928143501281739,0.31333351135253906,0.012505717115750992,0.8288,0.0003619599999999997,3.8971611499786376,0.39408397674560547,0.01700571711575094
bn_n200_w2_spread_bias_low.bif,200,2,spread_bias_low,0.25,0.9,X71,1,0.9377064047964153,0.11374688148498535,1.4955196380615234,0.9372000000000001,9.355999999999926e-05,1.0086606979370116,0.2931241989135742,0.0005064047964151719,0.9391999999999999,3.895999999999962e-05,3.9829516649246215,0.4088773727416992,0.0014935952035846078
bn_n200_w2_spread_bias_low.bif,200,2,spread_bias_low,0.25,1.0,X71,1,1.0,0.11373734474182129,1.480459213256836,1.0,0.0,1.041899609565735,0.29613780975341797,0.0,1.0,0.0,4.092880487442017,0.40534496307373047,0.0
bn_n200_w2_uncertain_moderate.bif,200,2,uncertain_moderate,0.25,0.4,X147,1,0.4329446047336248,0.07876896858215332,1.4680662155151367,0.4285,0.0002454500000000002,0.9070463180541992,0.29261302947998047,0.004444604733624791,0.43360000000000004,0.00042704000000000006,3.673756456375122,0.38502025604248047,0.0006553952663752582
bn_n200_w2_uncertain_moderate.bif,200,2,uncertain_moderate,0.25,0.5,X147,1,0.5357596322731428,0.08436918258666992,1.4984893798828125,0.5352,0.00021475999999999966,0.9744575023651123,0.29677867889404297,0.0005596322731428183,0.5339,0.00032549000000000054,3.999074101448059,0.3983144760131836,0.0018596322731427861
bn_n200_w2_uncertain_moderate.bif,200,2,uncertain_moderate,0.25,0.6,X147,1,0.6120223108312068,0.0832681655883789,1.4881515502929688,0.6111,0.00024549000000000044,0.96682710647583,0.2970914840698242,0.0009223108312068629,0.6066,0.00020984000000000034,3.9282312631607055,0.3925504684448242,0.005422310831206811
bn_n200_w2_uncertain_moderate.bif,200,2,uncertain_moderate,0.25,0.7,X147,1,0.6504206016782332,0.08793973922729492,1.4654006958007812,0.6492,0.00018736000000000032,0.9469432353973388,0.29331493377685547,0.0012206016782332352,0.6507,0.00023301000000000043,3.8529099464416503,0.3879575729370117,0.00027939832176671064
bn_n200_w2_uncertain_moderate.bif,200,2,uncertain_moderate,0.25,0.8,X147,1,0.7633368551645708,0.08468747138977051,1.4682388305664062,0.7593000000000001,0.0002250100000000004,0.9367040395736694,0.29372692108154297,0.004036855164570752,0.7626999999999999,0.0002348100000000004,3.8307391166687013,0.4246702194213867,0.0006368551645709042
bn_n200_w2_uncertain_moderate.bif,200,2,uncertain_moderate,0.25,0.9,X147,1,0.9193452539676157,0.08570551872253418,1.5091323852539062,0.9158999999999999,0.00014669000000000026,0.9462363243103027,0.29217052459716797,0.0034452539676157468,0.9211,1.4690000000000027e-05,3.8259920358657835,0.3938436508178711,0.0017547460323843467
bn_n200_w2_uncertain_moderate.bif,200,2,uncertain_moderate,0.25,1.0,X147,1,1.0,0.08756756782531738,1.470489501953125,1.0,0.0,0.9610599279403687,0.2941770553588867,0.0,1.0,0.0,3.920475649833679,0.39799022674560547,0.0
bn_n200_w6_concentrated_bias_high.bif,200,6,concentrated_bias_high,0.25,0.8,X103,1,0.8485241266769802,0.09862160682678223,1.7230825424194336,0.8503999999999999,0.00025604000000000046,1.1254616022109984,0.3116178512573242,0.00187587332301975,0.8509,0.00013529000000000023,4.708275008201599,0.4718046188354492,0.002375873323019806
bn_n200_w6_concentrated_bias_high.bif,200,6,concentrated_bias_high,0.25,1.0,X103,1,1.0,0.09105920791625977,1.6425914764404297,1.0,0.0,1.0147022485733033,0.30201244354248047,0.0,1.0,0.0,4.212557911872864,0.4468717575073242,0.0
bn_n200_w2_uncertain_strong.bif,200,2,uncertain_strong,0.25,0.4,X172,1,0.388717212096301,0.08591198921203613,1.5030899047851562,0.3961,0.0001286899999999999,0.9971158504486084,0.2945890426635742,0.007382787903699006,0.39380000000000004,6.455999999999994e-05,3.9319758653640746,0.41106700897216797,0.0050827879036990375
bn_n200_w2_uncertain_strong.bif,200,2,uncertain_strong,0.25,0.5,X172,1,0.5264868519818047,0.1253492832183838,1.4666366577148438,0.5275000000000001,0.00031785000000000065,1.0083992719650268,0.29572582244873047,0.001013148018195409,0.5301,0.00025409000000000044,4.0139882326126095,0.4176664352416992,0.0036131480181953446
bn_n200_w2_uncertain_strong.bif,200,2,uncertain_strong,0.25,0.6,X172,1,0.6405497791116317,0.12447285652160645,1.48681640625,0.6476999999999999,0.00030601000000000055,0.9806068897247314,0.29587841033935547,0.007150220888368253,0.6346,0.0001742400000000003,3.8883570432662964,0.4130887985229492,0.005949779111631637
bn_n200_w2_uncertain_strong.bif,200,2,uncertain_strong,0.25,0.7,X172,1,0.6944445140003395,0.12147855758666992,1.48486328125,0.6956999999999999,8.76099999999996e-05,1.0491470098495483,0.2966337203979492,0.0012554859996604106,0.6914,0.00020483999999999916,4.167724394798279,0.4231748580932617,0.003044514000339449
bn_n200_w2_uncertain_strong.bif,200,2,uncertain_strong,0.25,0.8,X172,1,0.8376939753740624,0.12813878059387207,1.4976806640625,0.8452999999999999,4.8010000000000084e-05,0.9664815902709961,0.29247570037841797,0.007606024625937513,0.8388,0.0001569600000000003,3.8090625047683715,0.4082670211791992,0.0011060246259375628
bn_n200_w2_uncertain_strong.bif,200,2,uncertain_strong,0.25,0.9,X172,1,0.8779809552121036,0.1187589168548584,1.4910354614257812,0.8759,0.00019889000000000034,1.012919020652771,0.3167743682861328,0.002080955212103608,0.876,0.00015100000000000028,3.989632177352905,0.4108457565307617,0.001980955212103619
bn_n200_w2_uncertain_strong.bif,200,2,uncertain_strong,0.25,1.0,X172,1,1.0,0.12160682678222656,1.4495162963867188,1.0,0.0,0.9895886898040771,0.3191242218017578,0.0,1.0,0.0,3.8867523431777955,0.4179105758666992,0.0
bn_n200_w6_rigid_moderate.bif,200,6,rigid_moderate,0.25,1.0,X17,1,0.999352345539563,0.09665966033935547,1.5938262939453125,0.9994,6.400000000000012e-07,1.0803993225097657,0.30758190155029297,4.765446043697441e-05,0.999,1.4000000000000025e-06,4.461668753623963,0.4589719772338867,0.00035234553956298154
bn_n200_w2_uniform.bif,200,2,uniform,0.25,0.4,X196,1,0.4211814125098252,0.0890653133392334,1.4789962768554688,0.42469999999999997,0.00022881000000000008,0.9559650421142578,0.29290294647216797,0.0035185874901747516,0.42889999999999995,0.00018189000000000004,3.799225926399231,0.42030906677246094,0.007718587490174733
bn_n200_w2_uniform.bif,200,2,uniform,0.25,0.5,X196,1,0.47116578514219504,0.0899956226348877,1.4764928817749023,0.47400000000000003,0.0003617999999999997,0.9746156692504883,0.2917966842651367,0.0028342148578049953,0.47520000000000007,0.00029015999999999976,3.8341995000839235,0.4011411666870117,0.00403421485780503
bn_n200_w2_uniform.bif,200,2,uniform,0.25,0.6,X196,1,0.5855843775888274,0.0914771556854248,1.5117645263671875,0.5852999999999999,0.00020500999999999956,0.9753435850143433,0.2946043014526367,0.0002843775888274891,0.5922999999999999,0.0001638100000000003,3.8848188161849975,0.4237194061279297,0.006715622411172517
bn_n200_w2_uniform.bif,200,2,uniform,0.25,0.7,X196,1,0.6568592763087925,0.08166980743408203,1.454620361328125,0.6554,0.0002662400000000005,0.9631049156188964,0.2943906784057617,0.001459276308792501,0.6587000000000001,0.0001552100000000003,3.895371341705322,0.4029569625854492,0.0018407236912075797
bn_n200_w2_uniform.bif,200,2,uniform,0.25,0.8,X196,1,0.7580864987117607,0.11036801338195801,1.4611587524414062,0.7637,0.0014092100000000015,0.982171106338501,0.29283809661865234,0.005613501288239342,0.7567,0.0003368100000000006,3.8731254816055296,0.3963804244995117,0.0013864987117606642
bn_n200_w2_uniform.bif,200,2,uniform,0.25,0.9,X196,1,0.9004493332479466,0.11860084533691406,1.5024166107177734,0.9091999999999999,0.0001175600000000002,0.9847017526626587,0.31589698791503906,0.008750666752053271,0.8992000000000001,8.556000000000015e-05,3.9151700735092163,0.3986845016479492,0.0012493332479465158
bn_n200_w2_uniform.bif,200,2,uniform,0.25,1.0,X196,1,0.9820231534510376,0.10522222518920898,1.4573955535888672,0.9842000000000001,1.096000000000002e-05,0.9506932973861695,0.3041706085205078,0.002176846548962441,0.9825999999999999,2.4400000000000046e-06,3.7679528474807737,0.39342784881591797,0.0005768465489622843
bn_n200_w6_rigid_extreme.bif,200,6,rigid_extreme,0.25,0.6,X132,1,0.5649148733641733,0.0924077033996582,1.6308441162109375,0.5751999999999999,0.00021495999999999912,1.051834726333618,0.30362987518310547,0.010285126635826591,0.5623,0.00031800999999999927,4.430338716506958,0.4601316452026367,0.00261487336417332
bn_n200_w6_rigid_extreme.bif,200,6,rigid_extreme,0.25,1.0,X132,1,0.9835925418239112,0.08980727195739746,1.64337158203125,0.9883000000000001,3.961000000000007e-05,1.0252898693084718,0.30424022674560547,0.004707458176088863,0.9823999999999999,0.00010804000000000019,4.295425319671631,0.4563474655151367,0.001192541823911264
bn_n200_w6_uncertain_moderate.bif,200,6,uncertain_moderate,0.25,1.0,X101,1,1.0,0.11720657348632812,1.568593978881836,1.0,0.0,1.043601894378662,0.30381298065185547,0.0,1.0,0.0,4.241260766983032,0.45472240447998047,0.0
bn_n200_w6_uniform.bif,200,6,uniform,0.25,0.5,X150,1,0.509494503569573,0.11991024017333984,1.6257476806640625,0.5092999999999999,6.961000000000014e-05,1.0716211557388307,0.30459117889404297,0.00019450356957317894,0.5121,0.00028129000000000055,4.377525186538696,0.44912242889404297,0.0026054964304269568
bn_n200_w6_uniform.bif,200,6,uniform,0.25,1.0,X150,1,1.0,0.17320752143859863,409.0625,1.0,0.0,1.1511394500732421,0.3117399215698242,0.0,1.0,0.0,4.78161883354187,0.4742307662963867,0.0
bn_n200_w6_spread_bias_low.bif,200,6,spread_bias_low,0.25,0.7,X79,1,0.7081729300205576,0.09424281120300293,1.6255645751953125,0.7021,0.0002214899999999998,1.0972243547439575,0.30732250213623047,0.006072930020557643,0.7012,0.00032715999999999925,4.436094284057617,0.47529125213623047,0.006972930020557544
bn_n200_w6_spread_bias_low.bif,200,6,spread_bias_low,0.25,0.8,X79,1,0.8164985714067255,0.10201859474182129,1.7230968475341797,0.8144,0.00014003999999999918,1.0912252902984618,0.30640697479248047,0.0020985714067255357,0.8251,0.00018088999999999936,4.388225769996643,0.4782438278198242,0.008601428593274396
bn_n200_w6_spread_bias_low.bif,200,6,spread_bias_low,0.25,0.9,X79,1,0.9083016122308927,0.09718751907348633,1.783203125,0.9061999999999999,7.636000000000014e-05,1.1285119771957397,0.30195140838623047,0.00210161223089278,0.9119000000000002,0.00010809000000000018,4.591796135902404,0.4656095504760742,0.0035983877691074806
bn_n200_w6_spread_bias_low.bif,200,6,spread_bias_low,0.25,1.0,X79,1,1.0,0.09722328186035156,5.041511535644531,1.0,0.0,1.085623288154602,0.3271045684814453,0.0,1.0,0.0,4.387741231918335,0.4550809860229492,0.0
bn_n200_w6_spread_bias_high.bif,200,6,spread_bias_high,0.25,0.4,X152,1,0.4249251084028194,0.09171438217163086,1.6466903686523438,0.4204,0.0001194399999999998,1.1379620790481568,0.3059720993041992,0.004525108402819389,0.4276999999999999,0.0003366100000000006,4.689913654327393,0.4643735885620117,0.002774891597180529
bn_n200_w6_spread_bias_high.bif,200,6,spread_bias_high,0.25,0.5,X152,1,0.5255416549082204,0.12832260131835938,2.1752548217773438,0.5205,0.00020945000000000035,1.1610974550247193,0.3096799850463867,0.005041654908220394,0.5226999999999999,0.0003292100000000006,4.765406441688538,0.47278881072998047,0.0028416549082204146
bn_n200_w6_spread_bias_high.bif,200,6,spread_bias_high,0.25,0.6,X152,1,0.6398922297219451,0.13290977478027344,1.663665771484375,0.6334,0.0003192400000000006,1.1354823112487793,0.3075895309448242,0.006492229721945186,0.6383,0.0004222100000000007,4.612584352493286,0.4676694869995117,0.0015922297219451709
bn_n200_w6_spread_bias_high.bif,200,6,spread_bias_high,0.25,0.7,X152,1,0.7472824397412746,0.13391637802124023,1.656768798828125,0.7487,0.00033361000000000057,1.1150964736938476,0.3055143356323242,0.0014175602587254144,0.7558,0.0001133600000000002,4.588121676445008,0.4914684295654297,0.00851756025872541
bn_n200_w6_spread_bias_high.bif,200,6,spread_bias_high,0.25,0.8,X152,1,0.8381155741115117,0.13043737411499023,1.5992584228515625,0.8411,0.00013129000000000022,1.1158358573913574,0.30666637420654297,0.00298442588848824,0.8382999999999999,8.261000000000016e-05,4.5558970212936405,0.4663419723510742,0.0001844258884882155
bn_n200_w6_spread_bias_high.bif,200,6,spread_bias_high,0.25,0.9,X152,1,0.8516020170033264,0.14017128944396973,1.6555709838867188,0.8571,0.00012869000000000023,1.1035057067871095,0.3274097442626953,0.005497982996673589,0.8526,6.224000000000011e-05,4.581588292121888,0.46654796600341797,0.0009979829966736409
bn_n200_w6_spread_bias_high.bif,200,6,spread_bias_high,0.25,1.0,X152,1,1.0,0.1316239833831787,1.6526718139648438,1.0,0.0,1.159491515159607,0.3070707321166992,0.0,1.0,0.0,4.698365592956543,0.47596263885498047,0.0
bn_n200_w6_uncertain_strong.bif,200,6,uncertain_strong,0.25,0.4,X126,1,0.3624736223793654,0.07342839241027832,1.5739822387695312,0.36700000000000005,8.940000000000017e-05,1.1179514169692992,0.3100767135620117,0.004526377620634625,0.3688999999999999,0.00019889000000000034,4.580871176719666,0.4720182418823242,0.006426377620634471
bn_n200_w6_uncertain_strong.bif,200,6,uncertain_strong,0.25,0.5,X126,1,0.5362885919915772,0.09154176712036133,1.6048269271850586,0.533,0.00018959999999999962,1.044838833808899,0.30457592010498047,0.003288591991577161,0.5277000000000001,0.00029261000000000055,4.317059898376465,0.4613676071166992,0.008588591991577132
bn_n200_w6_uncertain_strong.bif,200,6,uncertain_strong,0.25,0.6,X126,1,0.601483985390926,0.0975348949432373,10.052047729492188,0.6052,0.00020196000000000038,1.1455737829208374,0.3114194869995117,0.003716014609074003,0.6009,0.00017809000000000032,4.791329312324524,0.4744291305541992,0.0005839853909259674
bn_n200_w6_uncertain_strong.bif,200,6,uncertain_strong,0.25,0.7,X126,1,0.6614378886473848,0.1930863857269287,817.9375,0.6631,0.00013288999999999966,1.1134941101074218,0.30926036834716797,0.001662111352615181,0.6577999999999999,0.00022795999999999963,4.63412446975708,0.47356319427490234,0.0036378886473849015
bn_n200_w6_uncertain_strong.bif,200,6,uncertain_strong,0.25,0.8,X126,1,0.7947081525140747,0.0892021656036377,1.5715408325195312,0.8011000000000001,8.74899999999995e-05,1.0497560501098633,0.30283641815185547,0.006391847485925473,0.7923000000000001,0.00025561,4.3178431510925295,0.4588956832885742,0.0024081525140745574
bn_n200_w6_uncertain_strong.bif,200,6,uncertain_strong,0.25,0.9,X126,1,0.8976058793977575,0.09133148193359375,1.5746917724609375,0.9015000000000001,2.765000000000005e-05,1.074424934387207,0.3091764450073242,0.00389412060224259,0.8982000000000001,6.496000000000011e-05,4.443692398071289,0.4631986618041992,0.0005941206022426204
bn_n200_w6_uncertain_strong.bif,200,6,uncertain_strong,0.25,1.0,X126,1,1.0,0.08972001075744629,1.5566558837890625,1.0,0.0,1.0225348472595215,0.3026151657104492,0.0,1.0,0.0,4.218536901473999,0.4497098922729492,0.0
bn_n20_w2_concentrated_bias_low.bif,20,2,concentrated_bias_low,0.25,0.4,X8,1,0.4191709194577664,0.011908292770385742,0.20545578002929688,0.42210000000000003,5.789000000000011e-05,1.0950708389282227,0.08159065246582031,0.0029290805422336197,0.4135,0.00012384999999999973,4.607264566421509,0.17494869232177734,0.005670919457766432
bn_n20_w2_concentrated_bias_low.bif,20,2,concentrated_bias_low,0.25,0.5,X8,1,0.45989318375938104,0.012993335723876953,0.23401927947998047,0.4561,0.0002994899999999999,1.0865959405899048,0.08638954162597656,0.003793183759381036,0.4664,0.00037103999999999984,4.53734393119812,0.21317195892333984,0.00650681624061894
bn_n20_w2_concentrated_bias_low.bif,20,2,concentrated_bias_low,0.25,0.6,X8,1,0.6058907860333176,0.011566638946533203,0.22195720672607422,0.613,0.0003646000000000006,0.9390057802200318,0.08024787902832031,0.007109213966682404,0.6121000000000001,0.0002548900000000004,4.008573889732361,0.1836528778076172,0.006209213966682503
bn_n20_w2_concentrated_bias_low.bif,20,2,concentrated_bias_low,0.25,0.7,X8,1,0.7362333648031101,0.0067768096923828125,0.2104949951171875,0.7353999999999999,0.00010764000000000018,1.0878912210464478,0.08104896545410156,0.000833364803110137,0.7361000000000001,0.00013749000000000026,4.5302222728729244,0.1901378631591797,0.0001333648031099921
bn_n20_w2_concentrated_bias_low.bif,20,2,concentrated_bias_low,0.25,0.8,X8,1,0.7980217517638045,0.011240005493164062,0.19987869262695312,0.7936,0.00010123999999999976,1.1640014886856078,0.08634376525878906,0.004421751763804549,0.7892000000000001,0.00015475999999999972,4.897333383560181,0.1818838119506836,0.008821751763804397
bn_n20_w2_concentrated_bias_low.bif,20,2,concentrated_bias_low,0.25,0.9,X8,1,0.9477270294130845,0.0117034912109375,0.19914627075195312,0.9447000000000001,2.9209999999999858e-05,0.950338625907898,0.07584571838378906,0.0030270294130844144,0.9459,3.208999999999984e-05,3.948530387878418,0.1719341278076172,0.0018270294130845466
bn_n20_w2_concentrated_bias_low.bif,20,2,concentrated_bias_low,0.25,1.0,X8,1,1.0,0.01070261001586914,0.18677139282226562,1.0,0.0,0.7283827543258667,0.06655311584472656,0.0,1.0,0.0,3.01665723323822,0.1302318572998047,0.0
bn_n20_w2_concentrated_bias_high.bif,20,2,concentrated_bias_high,0.25,0.4,X18,1,0.44926239177938554,0.0157318115234375,0.19757461547851562,0.44750000000000006,0.00019525000000000035,1.102088499069214,0.06852912902832031,0.0017623917793854749,0.4468,0.0002711599999999999,4.121249532699585,0.1886730194091797,0.0024623917793855643
bn_n20_w2_concentrated_bias_high.bif,20,2,concentrated_bias_high,0.25,0.5,X18,1,0.4822342766050757,0.016013622283935547,0.20351028442382812,0.48020000000000007,0.0001635599999999999,1.0551816940307617,0.07519721984863281,0.0020342766050756023,0.4784,0.00020583999999999983,4.110380554199219,0.1755046844482422,0.0038342766050756816
bn_n20_w2_concentrated_bias_high.bif,20,2,concentrated_bias_high,0.25,0.6,X18,1,0.6238643720182675,0.017119646072387695,0.21402740478515625,0.6244999999999999,0.00022545000000000038,1.4493224382400514,0.09643745422363281,0.0006356279817324451,0.6295000000000001,0.0002456500000000004,5.692593097686768,0.2176952362060547,0.0056356279817325605
bn_n20_w2_concentrated_bias_high.bif,20,2,concentrated_bias_high,0.25,0.7,X18,1,0.6583952125392858,0.015699148178100586,0.19265365600585938,0.6638999999999999,0.0003114899999999998,1.0638568162918092,0.07810401916503906,0.0055047874607141445,0.6519999999999999,0.00014260000000000024,4.212363147735596,0.1645946502685547,0.006395212539285877
bn_n20_w2_concentrated_bias_high.bif,20,2,concentrated_bias_high,0.25,0.8,X18,1,0.7895506337008825,0.015567302703857422,0.19740676879882812,0.7965,0.0002026499999999994,1.2138127088546753,0.08261299133300781,0.006949366299117465,0.7889,0.00017569000000000032,4.7878927230834964,0.1964092254638672,0.0006506337008824747
bn_n20_w2_concentrated_bias_high.bif,20,2,concentrated_bias_high,0.25,0.9,X18,1,0.9478590369771751,0.019102096557617188,0.22644805908203125,0.9462999999999999,4.760999999999963e-05,1.631607723236084,0.10131263732910156,0.0015590369771751877,0.9498,2.0960000000000036e-05,6.4852855682373045,0.2586650848388672,0.0019409630228248709
bn_n20_w2_concentrated_bias_high.bif,20,2,concentrated_bias_high,0.25,1.0,X18,1,1.0,0.016872406005859375,0.20623397827148438,1.0,0.0,1.2890757083892823,0.08737373352050781,0.0,1.0,0.0,4.989512801170349,0.1910839080810547,0.0
bn_n20_w2_rigid_moderate.bif,20,2,rigid_moderate,0.25,0.4,X4,1,0.43031543297647246,0.009994983673095703,0.17612075805664062,0.42429999999999995,0.00018981000000000035,0.7266794204711914,0.06852149963378906,0.006015432976472501,0.4244,0.00034764000000000035,3.0603237628936766,0.1351909637451172,0.005915432976472457
bn_n20_w2_rigid_moderate.bif,20,2,rigid_moderate,0.25,0.5,X4,1,0.511452471108554,0.009994745254516602,0.17964553833007812,0.5121,0.0002580900000000004,0.7178784370422363,0.06852912902832031,0.0006475288914460364,0.5186,0.0004090400000000007,2.980701446533203,0.1329021453857422,0.007147528891445987
bn_n20_w2_rigid_moderate.bif,20,2,rigid_moderate,0.25,0.6,X4,1,0.5960239839730723,0.009729623794555664,0.17609786987304688,0.5984,9.944000000000019e-05,0.8361175060272217,0.07127571105957031,0.0023760160269277186,0.5919,0.00016908999999999962,3.423963713645935,0.1425151824951172,0.004123983973072343
bn_n20_w2_rigid_moderate.bif,20,2,rigid_moderate,0.25,0.7,X4,1,0.6662679548088155,0.014339208602905273,0.22342586517333984,0.6587,0.00039800999999999975,1.0781225204467773,0.08055305480957031,0.007567954808815558,0.6621,0.00019009000000000034,4.29310097694397,0.1849346160888672,0.004167954808815488
bn_n20_w2_rigid_moderate.bif,20,2,rigid_moderate,0.25,0.8,X4,1,0.8440838911575904,0.011028289794921875,0.20204544067382812,0.8441999999999998,0.0001081600000000002,1.0578818559646606,0.08887672424316406,0.00011610884240942365,0.8405999999999999,0.0001672400000000003,4.290458512306214,0.1845531463623047,0.003483891157590513
bn_n20_w2_rigid_moderate.bif,20,2,rigid_moderate,0.25,0.9,X4,1,0.9059045352114626,0.010495901107788086,0.19096755981445312,0.9016,8.604000000000015e-05,0.8557888269424438,0.07161903381347656,0.004304535211462679,0.9078000000000002,9.116000000000015e-05,3.462622618675232,0.1492137908935547,0.0018954647885375264
bn_n20_w2_rigid_moderate.bif,20,2,rigid_moderate,0.25,1.0,X4,1,1.0,0.011928081512451172,0.22744369506835938,1.0,0.0,1.3824692487716674,0.09736061096191406,0.0,1.0,0.0,5.79407389163971,0.2458019256591797,0.0
bn_n20_w2_rigid_extreme.bif,20,2,rigid_extreme,0.25,0.4,X3,1,0.4172577784128344,0.018672466278076172,0.2157135009765625,0.4043,0.0004114099999999999,1.0001842737197877,0.07925605773925781,0.012957778412834409,0.4191000000000001,9.789e-05,4.112726736068725,0.17366600036621094,0.0018422215871656822
bn_n20_w2_rigid_extreme.bif,20,2,rigid_extreme,0.25,0.5,X3,1,0.5005296122575041,0.01968216896057129,0.22011566162109375,0.5071999999999999,0.00909916,1.2241492748260498,0.08555030822753906,0.006670387742495731,0.5079,0.00030149000000000056,4.8358704328536986,0.1997356414794922,0.007370387742495876
bn_n20_w2_rigid_extreme.bif,20,2,rigid_extreme,0.25,0.6,X3,1,0.5516404046209086,0.017532825469970703,0.22973918914794922,0.5494000000000001,0.00017383999999999992,1.2714979648590088,0.08759498596191406,0.002240404620908465,0.5448000000000001,0.00013635999999999984,4.92132351398468,0.2122631072998047,0.006840404620908513
bn_n20_w2_rigid_extreme.bif,20,2,rigid_extreme,0.25,0.7,X3,1,0.6820226520956414,0.019115686416625977,0.2059326171875,0.6796,0.00015583999999999905,1.0835574388504028,0.07907295227050781,0.002422652095641409,0.6869999999999999,0.00024239999999999887,4.2340737104415895,0.1803112030029297,0.004977347904358553
bn_n20_w2_rigid_extreme.bif,20,2,rigid_extreme,0.25,0.8,X3,1,0.7559588748514208,0.017069578170776367,0.22596263885498047,0.7529999999999999,8.720000000000015e-05,1.0426563262939452,0.08426094055175781,0.0029588748514208785,0.7541,0.00024129000000000042,4.359259533882141,0.1793651580810547,0.0018588748514207776
bn_n20_w2_rigid_extreme.bif,20,2,rigid_extreme,0.25,0.9,X3,1,0.8730083439616386,0.018334388732910156,0.23841381072998047,0.8757999999999999,0.00012896000000000023,1.4404896736145019,0.08537483215332031,0.00279165603836129,0.8690999999999999,0.0001078900000000002,5.377746725082398,0.2078990936279297,0.003908343961638749
bn_n20_w2_rigid_extreme.bif,20,2,rigid_extreme,0.25,1.0,X3,1,0.9886864965015179,0.02049565315246582,0.23988914489746094,0.9881,1.4090000000000023e-05,1.1625393152236938,0.06293010711669922,0.0005864965015178747,0.9881,2.8900000000000054e-06,4.770491337776184,0.20073509216308594,0.0005864965015178747
bn_n20_w2_spread_bias_high.bif,20,2,spread_bias_high,0.25,0.4,X16,1,0.4334846778055145,0.01188206672668457,0.20111465454101562,0.42960000000000004,0.00023924000000000002,0.8595373868942261,0.07326698303222656,0.003884677805514436,0.4368,0.00023176000000000007,3.6804280996322634,0.15720176696777344,0.003315322194485548
bn_n20_w2_spread_bias_high.bif,20,2,spread_bias_high,0.25,0.5,X16,1,0.49823518118409127,0.016576528549194336,0.21909618377685547,0.4971,0.00018569000000000034,0.966078233718872,0.07593727111816406,0.0011351811840912829,0.4998,0.00019876000000000035,3.9854965209960938,0.1663799285888672,0.0015648188159087528
bn_n20_w2_spread_bias_high.bif,20,2,spread_bias_high,0.25,0.6,X16,1,0.6276663444357409,0.016790151596069336,0.19665908813476562,0.6303,0.0002608100000000005,1.0689635515213012,0.07219123840332031,0.0026336555642590964,0.6265,0.00015005000000000026,3.681441068649292,0.1443920135498047,0.0011663444357409292
bn_n20_w2_spread_bias_high.bif,20,2,spread_bias_high,0.25,0.7,X16,1,0.7121098058279773,0.018059730529785156,0.2376689910888672,0.7191,0.00012249000000000022,1.4174418210983277,0.08994483947753906,0.0069901941720226235,0.7109,7.669000000000013e-05,5.461283898353576,0.2299633026123047,0.0012098058279773616
bn_n20_w2_spread_bias_high.bif,20,2,spread_bias_high,0.25,0.8,X16,1,0.7886053900485354,0.01648998260498047,0.22313976287841797,0.7855000000000001,0.00017225000000000034,0.9920976161956787,0.07193946838378906,0.0031053900485352726,0.7851,9.849000000000016e-05,4.28226261138916,0.1584148406982422,0.0035053900485353395
bn_n20_w2_spread_bias_high.bif,20,2,spread_bias_high,0.25,0.9,X16,1,0.8545574278942693,0.01862788200378418,0.19424819946289062,0.8526999999999999,8.481000000000015e-05,0.8013977527618408,0.06844520568847656,0.0018574278942693478,0.8548,0.00013056000000000021,3.308528256416321,0.13826560974121094,0.00024257210573075394
bn_n20_w2_spread_bias_high.bif,20,2,spread_bias_high,0.25,1.0,X16,1,0.9999999999999999,0.017249345779418945,0.18965911865234375,1.0,0.0,1.1540072679519653,0.07230567932128906,1.1102230246251565e-16,1.0,0.0,4.287708687782287,0.1706676483154297,1.1102230246251565e-16
bn_n20_w2_spread_bias_low.bif,20,2,spread_bias_low,0.25,0.4,X13,1,0.35197182156312495,0.012156486511230469,0.20801162719726562,0.3528,0.00021755999999999997,0.8821167469024658,0.07290077209472656,0.0008281784368750489,0.35350000000000004,0.00025124999999999974,3.7086591482162476,0.1383352279663086,0.0015281784368750828
bn_n20_w2_spread_bias_low.bif,20,2,spread_bias_low,0.25,0.5,X13,1,0.5258566765067488,0.012112140655517578,0.20694351196289062,0.5228,8.636000000000014e-05,0.8813525199890136,0.07703590393066406,0.00305667650674879,0.5218,7.136000000000012e-05,3.691899275779724,0.1648387908935547,0.004056676506748791
bn_n20_w2_spread_bias_low.bif,20,2,spread_bias_low,0.25,0.6,X13,1,0.6061778797500743,0.011634588241577148,0.22792339324951172,0.6069000000000001,0.0003258900000000006,0.7989166021347046,0.07120704650878906,0.000722120249925795,0.6043999999999999,0.00019584000000000035,3.3398794174194335,0.1499309539794922,0.0017778797500743737
bn_n20_w2_spread_bias_low.bif,20,2,spread_bias_low,0.25,0.7,X13,1,0.7137185740806344,0.012762308120727539,0.22205352783203125,0.7125,0.00035625,0.9425082445144654,0.05622386932373047,0.0012185740806344159,0.707,0.0002349999999999994,3.9535337924957275,0.1665172576904297,0.006718574080634476
bn_n20_w2_spread_bias_low.bif,20,2,spread_bias_low,0.25,0.8,X13,1,0.8031529595562136,0.01314687728881836,0.21573257446289062,0.8061999999999999,0.00021175999999999915,0.8424496650695801,0.07276344299316406,0.003047040443786342,0.8070999999999999,0.00012168999999999924,3.5637996673583983,0.1578960418701172,0.003947040443786354
bn_n20_w2_spread_bias_low.bif,20,2,spread_bias_low,0.25,0.9,X13,1,0.8638077275426291,0.015549182891845703,0.2397308349609375,0.8639999999999999,0.00015500000000000027,1.2982102870941161,0.09156990051269531,0.00019227245737074572,0.8640000000000001,0.00019640000000000036,5.493986940383911,0.2073040008544922,0.00019227245737096776
bn_n20_w2_spread_bias_low.bif,20,2,spread_bias_low,0.25,1.0,X13,1,1.0,0.012026548385620117,0.20674514770507812,1.0,0.0,0.800528883934021,0.07093238830566406,0.0,1.0,0.0,3.361954617500305,0.1474285125732422,0.0
bn_n20_w2_uncertain_strong.bif,20,2,uncertain_strong,0.25,0.6,X1,1,0.6130978880911485,0.01737523078918457,0.1890411376953125,0.6155999999999999,3.4840000000000066e-05,0.9993775367736817,0.07422828674316406,0.002502111908851412,0.6089,0.00018249000000000035,4.095368361473083,0.1735668182373047,0.004197888091148516
bn_n20_w2_uncertain_strong.bif,20,2,uncertain_strong,0.25,0.7,X1,1,0.6711959650887452,0.015973329544067383,0.18723297119140625,0.6724,0.00022523999999999965,0.9264415264129638,0.07074928283691406,0.0012040349112547588,0.6769000000000001,0.0001420899999999992,3.401130437850952,0.1527996063232422,0.005704034911254818
bn_n20_w2_uncertain_strong.bif,20,2,uncertain_strong,0.25,0.8,X1,1,0.7906611281986387,0.018590927124023438,0.23514080047607422,0.7951,0.00018668999999999994,1.3089656352996826,0.09096717834472656,0.004438871801361377,0.7963000000000001,0.00012820999999999983,5.202004671096802,0.2223644256591797,0.005638871801361467
bn_n20_w2_uncertain_strong.bif,20,2,uncertain_strong,0.25,0.9,X1,1,0.8923946025894459,0.017815351486206055,0.22650432586669922,0.8901,9.849000000000016e-05,1.0806355953216553,0.08171272277832031,0.0022946025894459154,0.8915000000000001,3.545000000000006e-05,4.436702013015747,0.19718074798583984,0.0008946025894458476
bn_n20_w2_uncertain_strong.bif,20,2,uncertain_strong,0.25,1.0,X1,1,1.0,0.0171506404876709,0.20473480224609375,1.0,0.0,1.0793567895889282,0.08073616027832031,0.0,1.0,0.0,4.416363072395325,0.1850872039794922,0.0
bn_n20_w2_uncertain_moderate.bif,20,2,uncertain_moderate,0.25,0.5,X3,1,0.48946297827677276,0.011028051376342773,0.20672225952148438,0.49929999999999997,0.00021501000000000037,1.4958827495574951,0.08687019348144531,0.009837021723227202,0.4941,0.0004834900000000005,6.031193780899048,0.2514019012451172,0.004637021723227219
bn_n20_w2_uncertain_moderate.bif,20,2,uncertain_moderate,0.25,0.6,X3,1,0.5642334274768253,0.011194467544555664,0.19706344604492188,0.5633,0.00014000999999999917,1.1848382472991943,0.08625221252441406,0.0009334274768252326,0.5562,0.0001299599999999993,5.059577679634094,0.2232341766357422,0.008033427476825228
bn_n20_w2_uncertain_moderate.bif,20,2,uncertain_moderate,0.25,0.7,X3,1,0.7303327771042145,0.010488748550415039,0.19147109985351562,0.7314999999999999,0.0001556500000000003,1.143298292160034,0.08911323547363281,0.0011672228957854136,0.7363,0.00011041000000000021,4.816930723190308,0.2037639617919922,0.00596722289578544
bn_n20_w2_uncertain_moderate.bif,20,2,uncertain_moderate,0.25,0.8,X3,1,0.8264831089793845,0.012845516204833984,0.20811843872070312,0.8336,8.763999999999968e-05,1.272623872756958,0.09150886535644531,0.007116891020615523,0.8244,0.0002590399999999993,5.40130033493042,0.20970726013183594,0.0020831089793844626
bn_n20_w2_uncertain_moderate.bif,20,2,uncertain_moderate,0.25,0.9,X3,1,0.9289979704770183,0.011394023895263672,0.19151687622070312,0.9313,2.0010000000000034e-05,1.222114658355713,0.08770179748535156,0.0023020295229817522,0.9329000000000001,4.888999999999966e-05,5.228171682357788,0.21405601501464844,0.003902029522981798
bn_n20_w2_uncertain_moderate.bif,20,2,uncertain_moderate,0.25,1.0,X3,1,0.9999999999999999,0.01647496223449707,0.17998123168945312,1.0,0.0,1.0416925430297852,0.08046150207519531,1.1102230246251565e-16,1.0,0.0,4.238468289375305,0.1614513397216797,1.1102230246251565e-16
bn_n20_w2_uniform.bif,20,2,uniform,0.25,0.4,X3,1,0.4188268798581286,0.019307851791381836,0.24023723602294922,0.41900000000000004,0.00023039999999999975,1.3262893438339234,0.08845710754394531,0.0001731201418714301,0.41999999999999993,0.0002771999999999999,5.5302928447723385,0.2253093719482422,0.00117312014187132
bn_n20_w2_uniform.bif,20,2,uniform,0.25,0.5,X3,1,0.5254855046500733,0.01503300666809082,0.18606948852539062,0.5189,0.00021949000000000035,0.7886485815048218,0.06884193420410156,0.006585504650073237,0.5245,0.0002738500000000005,3.2851290464401246,0.1389446258544922,0.000985504650073299
bn_n20_w2_uniform.bif,20,2,uniform,0.25,0.6,X3,1,0.5796036244442028,0.019510507583618164,0.18823623657226562,0.5708999999999999,0.00010408999999999953,0.918583607673645,0.07222175598144531,0.008703624444202918,0.5786,0.0002220399999999996,3.561415266990662,0.1477184295654297,0.0010036244442027664
bn_n20_w2_uniform.bif,20,2,uniform,0.25,0.7,X3,1,0.6726934759232917,0.013321399688720703,0.17432785034179688,0.6646,0.00015604000000000025,0.7504567384719849,0.06711769104003906,0.008093475923291682,0.6720999999999999,0.0001500899999999999,3.165302610397339,0.1335887908935547,0.0005934759232917308
bn_n20_w2_uniform.bif,20,2,uniform,0.25,0.8,X3,1,0.7659712848041901,0.014158487319946289,0.19270706176757812,0.7649,0.00014149000000000025,0.8955149173736572,0.07247352600097656,0.0010712848041900536,0.7710999999999999,0.00024369000000000045,3.7748290300369263,0.1502819061279297,0.005128715195809819
bn_n20_w2_uniform.bif,20,2,uniform,0.25,0.9,X3,1,0.8826765375643634,0.01745772361755371,0.24193763732910156,0.8855000000000001,0.0001152500000000002,1.2812440633773803,0.09049415588378906,0.002823462435636692,0.8870000000000001,6.480000000000012e-05,5.128824925422668,0.2129802703857422,0.004323462435636749
bn_n20_w2_uniform.bif,20,2,uniform,0.25,1.0,X3,1,1.0,0.01694798469543457,0.21239471435546875,1.0,0.0,1.4004966259002685,0.09177589416503906,0.0,1.0,0.0,5.833571267127991,0.2295513153076172,0.0
bn_n20_w6_concentrated_bias_high.bif,20,6,concentrated_bias_high,0.25,0.4,X2,1,0.39546424522238294,0.014345884323120117,0.2584190368652344,0.4018,0.00017935999999999972,1.424918031692505,0.11239814758300781,0.006335754777617053,0.3954,0.0002790399999999997,6.114401698112488,0.2579174041748047,6.424522238296371e-05
bn_n20_w6_concentrated_bias_high.bif,20,6,concentrated_bias_high,0.25,0.5,X2,1,0.5326982835962395,0.019623517990112305,0.30841827392578125,0.5297000000000001,0.00018501000000000032,2.8663949012756347,0.16251564025878906,0.002998283596239437,0.5307000000000001,0.00024081000000000037,12.191619849205017,0.49885082244873047,0.0019982835962394363
bn_n20_w6_concentrated_bias_high.bif,20,6,concentrated_bias_high,0.25,0.6,X2,1,0.6413492968245753,0.019063234329223633,0.26158905029296875,0.6406,0.0001692400000000003,1.8268153190612793,0.11960029602050781,0.0007492968245753628,0.6376000000000001,0.00030184000000000054,7.6768533945083615,0.3477153778076172,0.0037492968245752545
bn_n20_w6_concentrated_bias_high.bif,20,6,concentrated_bias_high,0.25,0.7,X2,1,0.743708916592825,0.020807981491088867,0.2825469970703125,0.7477,0.0004500100000000008,1.6217543601989746,0.10567665100097656,0.003991083407175022,0.745,0.00020480000000000034,6.4716767311096195,0.25438499450683594,0.0012910834071749866
bn_n20_w6_concentrated_bias_high.bif,20,6,concentrated_bias_high,0.25,0.8,X2,1,0.8298003853987042,0.02077031135559082,0.2791290283203125,0.8287000000000001,8.821000000000016e-05,1.6552822589874268,0.10366249084472656,0.0011003853987040513,0.8314999999999999,8.565000000000016e-05,6.9281693458557125,0.2751598358154297,0.0016996146012957514
bn_n20_w6_concentrated_bias_high.bif,20,6,concentrated_bias_high,0.25,0.9,X2,1,0.8893407306686704,0.021111249923706055,0.2812347412109375,0.8836,0.00014004000000000024,1.7983464479446412,0.10540199279785156,0.005740730668670313,0.8979000000000001,0.0001072900000000002,7.480603408813477,0.3249492645263672,0.008559269331329777
bn_n20_w6_concentrated_bias_high.bif,20,6,concentrated_bias_high,0.25,1.0,X2,1,1.0,0.02168750762939453,0.3017425537109375,1.0,0.0,2.169723129272461,0.13245582580566406,0.0,1.0,0.0,8.67892346382141,0.33225536346435547,0.0
bn_n20_w6_concentrated_bias_low.bif,20,6,concentrated_bias_low,0.25,0.5,X13,1,0.5394444805245452,0.020659685134887695,0.274658203125,0.5397000000000001,0.00015461000000000028,1.6924402713775635,0.11885261535644531,0.0002555194754548795,0.5442,0.0001637600000000003,7.1214234113693236,0.29883384704589844,0.004755519475454828
bn_n20_w6_concentrated_bias_low.bif,20,6,concentrated_bias_low,0.25,0.6,X13,1,0.6438916981858918,0.022808551788330078,0.27216339111328125,0.6449999999999999,0.0007644000000000012,1.9120481967926026,0.11738014221191406,0.001108301814108148,0.6423,0.00029901000000000054,8.020353817939759,0.32064342498779297,0.0015916981858917767
bn_n20_w6_concentrated_bias_low.bif,20,6,concentrated_bias_low,0.25,0.7,X13,1,0.7154835788237206,0.023981809616088867,0.2753486633300781,0.7112999999999999,0.00024301000000000045,2.125139832496643,0.13450050354003906,0.004183578823720668,0.7157,0.00019361000000000036,9.007902693748473,0.35625743865966797,0.00021642117627940216
bn_n20_w6_concentrated_bias_low.bif,20,6,concentrated_bias_low,0.25,0.8,X13,1,0.7714734644148982,0.021985292434692383,0.2566032409667969,0.77,0.0001626000000000003,1.5204352140426636,0.10262489318847656,0.0014734644148981513,0.7664,9.024000000000015e-05,6.365874648094177,0.26158714294433594,0.005073464414898199
bn_n20_w6_concentrated_bias_low.bif,20,6,concentrated_bias_low,0.25,0.9,X13,1,0.9158435349033294,0.022836685180664062,0.2728729248046875,0.9192,9.855999999999975e-05,1.7701474189758302,0.11370277404785156,0.0033564650966706466,0.9165000000000001,6.385000000000012e-05,7.383778023719787,0.3144664764404297,0.000656465096670722
bn_n20_w6_concentrated_bias_low.bif,20,6,concentrated_bias_low,0.25,1.0,X13,1,1.0,0.019420623779296875,0.22315216064453125,1.0,0.0,1.0804462909698487,0.07591438293457031,0.0,1.0,0.0,4.477612113952636,0.1854686737060547,0.0
bn_n20_w6_rigid_extreme.bif,20,6,rigid_extreme,0.25,0.4,X13,1,0.4145466779057871,0.01288151741027832,0.264495849609375,0.41,0.00028039999999999966,1.6280148506164551,0.11307716369628906,0.004546677905787111,0.41079999999999994,0.00018935999999999975,6.927273964881897,0.2915067672729492,0.0037466779057871435
bn_n20_w6_rigid_extreme.bif,20,6,rigid_extreme,0.25,0.5,X13,1,0.4705102804992914,0.017769336700439453,0.28726959228515625,0.4655,0.0005136499999999998,2.0834738492965696,0.12909889221191406,0.005010280499291364,0.47479999999999994,8.295999999999975e-05,8.86443395614624,0.40978050231933594,0.004289719500708555
bn_n20_w6_rigid_extreme.bif,20,6,rigid_extreme,0.25,0.6,X13,1,0.6357247757984813,0.016779184341430664,0.2671394348144531,0.6435000000000001,0.00019145000000000034,1.6129596471786498,0.10847663879394531,0.007775224201518771,0.6455,0.0003400499999999997,6.854262852668763,0.3029766082763672,0.009775224201518662
bn_n20_w6_rigid_extreme.bif,20,6,rigid_extreme,0.25,0.7,X13,1,0.6712403310787524,0.015851974487304688,0.25043487548828125,0.6713000000000001,0.0002288099999999996,1.0518900156021118,0.08318519592285156,5.966892124775747e-05,0.6755,0.00015404999999999943,4.511030960083008,0.1986217498779297,0.004259668921247628
bn_n20_w6_rigid_extreme.bif,20,6,rigid_extreme,0.25,0.8,X13,1,0.7641684541135738,0.01443338394165039,0.23987197875976562,0.7633,0.00021361000000000036,1.293475604057312,0.09318733215332031,0.0008684541135738355,0.7642,0.00021896000000000038,5.473651719093323,0.26138877868652344,3.1545886426176395e-05
bn_n20_w6_rigid_extreme.bif,20,6,rigid_extreme,0.25,0.9,X13,1,0.8984128316075246,0.015793561935424805,0.2480926513671875,0.9024000000000001,0.00010404000000000019,1.0614234685897828,0.08670234680175781,0.003987168392475482,0.9019999999999999,5.60000000000001e-05,4.574937129020691,0.20981502532958984,0.003587168392475304
bn_n20_w6_rigid_extreme.bif,20,6,rigid_extreme,0.25,1.0,X13,1,0.9999999999999999,0.013273000717163086,0.22319793701171875,1.0,0.0,0.8161166667938232,0.07564735412597656,1.1102230246251565e-16,1.0,0.0,3.5349029064178468,0.1516704559326172,1.1102230246251565e-16
bn_n20_w6_rigid_moderate.bif,20,6,rigid_moderate,0.25,0.4,X14,1,0.37063105249358463,0.02012777328491211,0.26879119873046875,0.3738,0.00010956000000000022,1.550710916519165,0.09693336486816406,0.003168947506415387,0.37220000000000003,0.00022736000000000007,6.3267875671386715,0.26175498962402344,0.0015689475064153968
bn_n20_w6_rigid_moderate.bif,20,6,rigid_moderate,0.25,0.5,X14,1,0.5089770934278897,0.0225985050201416,0.32056427001953125,0.5132999999999999,0.0001726100000000003,1.9227637767791748,0.11981391906738281,0.004322906572110208,0.49749999999999994,0.00019825000000000037,8.026465153694152,0.35144615173339844,0.011477093427889717
bn_n20_w6_rigid_moderate.bif,20,6,rigid_moderate,0.25,0.6,X14,1,0.6413643548267941,0.02226090431213379,0.3070220947265625,0.6477999999999999,2.4160000000000047e-05,1.4667814016342162,0.09919166564941406,0.006435645173205828,0.6402000000000001,0.00011076000000000018,6.380253338813782,0.2630748748779297,0.0011643548267940007
bn_n20_w6_rigid_moderate.bif,20,6,rigid_moderate,0.25,0.7,X14,1,0.7053968904616871,0.02015852928161621,0.27217864990234375,0.6980999999999999,0.00022028999999999942,1.576692247390747,0.09867286682128906,0.007296890461687133,0.705,9.679999999999978e-05,6.574203968048096,0.27293968200683594,0.00039689046168711606
bn_n20_w6_rigid_moderate.bif,20,6,rigid_moderate,0.25,0.8,X14,1,0.8224123710219159,0.024127483367919922,0.31031036376953125,0.818,6.019999999999973e-05,1.9237897396087646,0.12140846252441406,0.0044123710219159396,0.8253,9.380999999999971e-05,8.18118782043457,0.33882713317871094,0.0028876289780841446
bn_n20_w6_rigid_moderate.bif,20,6,rigid_moderate,0.25,0.9,X14,1,0.8968987352217275,0.023269176483154297,0.288055419921875,0.8925000000000001,5.56500000000001e-05,2.071063280105591,0.1267566680908203,0.004398735221727401,0.8945000000000001,8.585000000000015e-05,8.835791635513306,0.35913753509521484,0.0023987352217273994
bn_n20_w6_rigid_moderate.bif,20,6,rigid_moderate,0.25,1.0,X14,1,0.9783392018040021,0.024937868118286133,0.3188323974609375,0.9780999999999999,2.5690000000000044e-05,2.936056447029114,0.15500831604003906,0.00023920180400227586,0.9795000000000001,3.1850000000000056e-05,12.450890469551087,0.5180387496948242,0.001160798195998014
bn_n20_w6_spread_bias_low.bif,20,6,spread_bias_low,0.25,0.4,X11,1,0.42218173895235267,0.0196378231048584,0.2506999969482422,0.4229,0.00019449000000000002,1.0856932401657104,0.07953071594238281,0.0007182610476473283,0.4227,7.380999999999993e-05,4.343698239326477,0.18369102478027344,0.0005182610476473504
bn_n20_w6_spread_bias_low.bif,20,6,spread_bias_low,0.25,0.5,X11,1,0.4930690674140222,0.020359039306640625,0.24015045166015625,0.49189999999999995,7.549000000000015e-05,1.3225801229476928,0.08450508117675781,0.001169067414022229,0.49879999999999997,0.00027376000000000044,5.419007682800293,0.22455406188964844,0.005730932585977788
bn_n20_w6_spread_bias_low.bif,20,6,spread_bias_low,0.25,0.6,X11,1,0.6305382757342478,0.02128314971923828,0.249847412109375,0.6319,0.00026109000000000044,1.7645263910293578,0.09067821502685547,0.0013617242657522066,0.6231,0.00017689000000000032,7.2808044195175174,0.2941923141479492,0.007438275734247823
bn_n20_w6_spread_bias_low.bif,20,6,spread_bias_low,0.25,0.7,X11,1,0.7002921601136394,0.02145862579345703,0.252410888671875,0.7038999999999999,0.0003024899999999996,1.748729944229126,0.11274909973144531,0.0036078398863604866,0.6963,0.00022540999999999937,7.451497316360474,0.30978965759277344,0.0039921601136393425
bn_n20_w6_spread_bias_low.bif,20,6,spread_bias_low,0.25,0.8,X11,1,0.826008943038323,0.02386164665222168,0.28511810302734375,0.827,0.00011919999999999947,2.446265697479248,0.14647865295410156,0.000991056961677006,0.8279,0.00022128999999999942,10.258654761314393,0.4154348373413086,0.0018910569616770179
bn_n20_w6_spread_bias_low.bif,20,6,spread_bias_low,0.25,0.9,X11,1,0.9152861914398336,0.02001214027404785,0.2543773651123047,0.9156000000000001,6.08400000000001e-05,1.4553456068038941,0.10261726379394531,0.0003138085601664953,0.9161000000000001,0.00010389000000000019,6.291639995574951,0.26416587829589844,0.0008138085601665512
bn_n20_w6_spread_bias_low.bif,20,6,spread_bias_low,0.25,1.0,X11,1,1.0,0.01844191551208496,0.22827529907226562,1.0,0.0,1.1318519592285157,0.08546638488769531,0.0,1.0,0.0,4.972011232376099,0.21686363220214844,0.0
bn_n20_w6_spread_bias_high.bif,20,6,spread_bias_high,0.25,0.4,X2,1,0.43951946673866554,0.02072429656982422,0.289154052734375,0.43479999999999996,0.00025896000000000046,1.8347100019454956,0.11313056945800781,0.004719466738665579,0.4364,0.0002158400000000004,7.818146443367004,0.2936382293701172,0.003119466738665533
bn_n20_w6_spread_bias_high.bif,20,6,spread_bias_high,0.25,0.5,X2,1,0.47201457919276046,0.021679401397705078,0.28801727294921875,0.4668,0.00034035999999999973,1.833745265007019,0.11717414855957031,0.005214579192760471,0.4706,0.0003276399999999998,7.872715663909912,0.32429027557373047,0.0014145791927604456
bn_n20_w6_spread_bias_high.bif,20,6,spread_bias_high,0.25,0.6,X2,1,0.6311508776167815,0.024419784545898438,0.313629150390625,0.6382999999999999,0.00034461000000000056,2.235982084274292,0.1343097686767578,0.007149122383218409,0.6275000000000001,0.00023585000000000042,9.575695872306824,0.3829374313354492,0.0036508776167814005
bn_n20_w6_spread_bias_high.bif,20,6,spread_bias_high,0.25,0.7,X2,1,0.672794888416546,0.018021106719970703,0.25330352783203125,0.6857,0.000284209999999999,1.2715860843658446,0.08847999572753906,0.012905111583453976,0.6583000000000001,0.00013301000000000027,5.470432758331299,0.2159709930419922,0.014494888416545892
bn_n20_w6_spread_bias_high.bif,20,6,spread_bias_high,0.25,0.8,X2,1,0.8207869878574106,0.02435159683227539,0.30420684814453125,0.8145,0.00014304999999999925,2.1829200983047485,0.13318824768066406,0.006286987857410553,0.8148,0.0001525599999999991,9.237743520736695,0.3794889450073242,0.005986987857410586
bn_n20_w6_spread_bias_high.bif,20,6,spread_bias_high,0.25,0.9,X2,1,0.8650472747709698,0.02118968963623047,0.27960968017578125,0.867,6.400000000000012e-05,1.4706035614013673,0.10354804992675781,0.0019527252290302277,0.8642999999999998,8.501000000000015e-05,6.242366528511047,0.2747173309326172,0.000747274770969919
bn_n20_w6_spread_bias_high.bif,20,6,spread_bias_high,0.25,1.0,X2,1,0.9999723437964994,0.02022075653076172,0.276275634765625,1.0,0.0,1.386300539970398,0.10073280334472656,2.765620350064779e-05,1.0,0.0,5.947856378555298,0.26464366912841797,2.765620350064779e-05
bn_n20_w6_uncertain_moderate.bif,20,6,uncertain_moderate,0.25,0.4,X0,1,0.4028386987779711,0.016507863998413086,0.285247802734375,0.3948,0.00018735999999999994,1.589515995979309,0.11893653869628906,0.008038698777971143,0.4025,0.0005298499999999999,6.692180323600769,0.27176475524902344,0.0003386987779711026
bn_n20_w6_uncertain_moderate.bif,20,6,uncertain_moderate,0.25,0.5,X0,1,0.453207495779393,0.017900943756103516,0.2864990234375,0.45649999999999996,0.00023104999999999963,1.2974191904067993,0.07674694061279297,0.003292504220606951,0.4572,0.00010535999999999987,5.424300026893616,0.23401451110839844,0.003992504220606985
bn_n20_w6_uncertain_moderate.bif,20,6,uncertain_moderate,0.25,0.6,X0,1,0.5806651322898584,0.019476652145385742,0.31407928466796875,0.5829,0.00037508999999999996,2.257782816886902,0.12491035461425781,0.002234867710141586,0.5763,0.00016120999999999944,9.919877004623412,0.39217662811279297,0.004365132289858353
bn_n20_w6_uncertain_moderate.bif,20,6,uncertain_moderate,0.25,0.7,X0,1,0.652410934366692,0.027033567428588867,0.3176116943359375,0.6476000000000001,0.0004452400000000007,3.004983830451965,0.1604480743408203,0.004810934366691888,0.6505,0.0001754500000000003,12.691882872581482,0.5139570236206055,0.0019109343666919854
bn_n20_w6_uncertain_moderate.bif,20,6,uncertain_moderate,0.25,0.8,X0,1,0.832281162436262,0.027587175369262695,0.314544677734375,0.8277999999999999,5.07600000000001e-05,2.3190966129302977,0.13712501525878906,0.004481162436262176,0.829,8.699999999999962e-05,9.763934898376466,0.3864011764526367,0.003281162436262086
bn_n20_w6_uncertain_moderate.bif,20,6,uncertain_moderate,0.25,0.9,X0,1,0.9451418507295654,0.023263216018676758,0.26861572265625,0.9450999999999998,5.1289999999999646e-05,1.3684136152267456,0.09539222717285156,4.1850729565529043e-05,0.9441,1.829000000000003e-05,5.855959796905518,0.24310874938964844,0.0010418507295653079
bn_n20_w6_uncertain_moderate.bif,20,6,uncertain_moderate,0.25,1.0,X0,1,1.0,0.030186176300048828,0.27130699157714844,1.0,0.0,1.6176929235458375,0.10225105285644531,0.0,1.0,0.0,6.98945677280426,0.29007530212402344,0.0
bn_n50_w2_concentrated_bias_high.bif,50,2,concentrated_bias_high,0.25,0.4,X1,1,0.41229823843116653,0.029145479202270508,0.4235877990722656,0.4082,0.0001551599999999997,0.9886815547943115,0.09565258026123047,0.004098238431166523,0.4083,0.00021560999999999968,4.033556294441223,0.19670772552490234,0.003998238431166534
bn_n50_w2_concentrated_bias_high.bif,50,2,concentrated_bias_high,0.25,0.5,X1,1,0.5484752907336228,0.035335540771484375,0.4243755340576172,0.5437,0.0003058099999999992,1.0735166311264037,0.10702037811279297,0.004775290733622817,0.549,9.979999999999932e-05,4.496184825897217,0.2149343490600586,0.0005247092663772657
bn_n50_w2_concentrated_bias_high.bif,50,2,concentrated_bias_high,0.25,0.6,X1,1,0.5756650621535737,0.034522056579589844,0.46053314208984375,0.5736,6.784000000000014e-05,1.0779794216156007,0.10141277313232422,0.0020650621535737157,0.5651999999999999,0.00018155999999999918,4.4690910339355465,0.23839378356933594,0.01046506215357379
bn_n50_w2_concentrated_bias_high.bif,50,2,concentrated_bias_high,0.25,0.7,X1,1,0.7063820071500283,0.03202486038208008,0.4129486083984375,0.7053,0.0002812099999999991,1.0545685052871705,0.10309886932373047,0.0010820071500282635,0.6945999999999999,0.0001796399999999992,4.3782700300216675,0.23010826110839844,0.011782007150028417
bn_n50_w2_concentrated_bias_high.bif,50,2,concentrated_bias_high,0.25,0.8,X1,1,0.7882500322126218,0.03141164779663086,0.41616058349609375,0.7859,8.089000000000016e-05,1.087698268890381,0.10354900360107422,0.0023500322126217554,0.7838,0.00012696000000000023,4.504641532897949,0.21680355072021484,0.004450032212621746
bn_n50_w2_concentrated_bias_high.bif,50,2,concentrated_bias_high,0.25,0.9,X1,1,0.8827202665708559,0.03396940231323242,0.4292755126953125,0.8766999999999999,1.7610000000000033e-05,0.990581464767456,0.10138988494873047,0.00602026657085597,0.8855000000000001,4.845000000000009e-05,4.189220237731933,0.2060680389404297,0.002779733429144171
bn_n50_w2_concentrated_bias_high.bif,50,2,concentrated_bias_high,0.25,1.0,X1,1,0.9999999999999999,0.03385734558105469,0.460479736328125,1.0,0.0,0.9911755800247193,0.09485149383544922,1.1102230246251565e-16,1.0,0.0,4.1010630369186405,0.1934804916381836,1.1102230246251565e-16
bn_n50_w2_concentrated_bias_low.bif,50,2,concentrated_bias_low,0.25,0.4,X11,1,0.4252398962468419,0.023664474487304688,0.41425132751464844,0.4271,0.00042949000000000025,1.0644095182418822,0.10209941864013672,0.0018601037531580933,0.43200000000000005,8.240000000000016e-05,4.469469666481018,0.2135457992553711,0.006760103753158164
bn_n50_w2_concentrated_bias_low.bif,50,2,concentrated_bias_low,0.25,0.5,X11,1,0.45114389515252584,0.0269014835357666,0.41852569580078125,0.45600000000000007,0.00015799999999999986,1.0638878107070924,0.10197734832763672,0.00485610484747423,0.4519,8.548999999999994e-05,4.4491520643234255,0.21604061126708984,0.0007561048474741816
bn_n50_w2_concentrated_bias_low.bif,50,2,concentrated_bias_low,0.25,0.7,X11,1,0.73577788644053,0.025749921798706055,0.4420013427734375,0.7313,0.00012421000000000022,0.9816636323928833,0.10048198699951172,0.004477886440530043,0.7331,0.00013929000000000025,4.037638640403747,0.20319271087646484,0.0026778864405300196
bn_n50_w2_concentrated_bias_low.bif,50,2,concentrated_bias_low,0.25,0.8,X11,1,0.8134037148302188,0.027909040451049805,0.4526863098144531,0.8175999999999999,0.00017603999999999916,0.990297532081604,0.09887218475341797,0.0041962851697811,0.8106,7.323999999999941e-05,4.10723557472229,0.20143795013427734,0.0028037148302187953
bn_n50_w2_concentrated_bias_low.bif,50,2,concentrated_bias_low,0.25,0.9,X11,1,0.9352700014026131,0.025249481201171875,0.42960357666015625,0.9361,1.9689999999999664e-05,0.9795415878295899,0.10038280487060547,0.0008299985973869717,0.9400000000000001,5.8199999999999483e-05,4.06507248878479,0.20099544525146484,0.004729998597386986
bn_n50_w2_concentrated_bias_low.bif,50,2,concentrated_bias_low,0.25,1.0,X11,1,1.0,0.026287317276000977,0.42316246032714844,1.0,0.0,1.0711471080780028,0.10186290740966797,0.0,1.0,0.0,4.444644427299499,0.21587276458740234,0.0
bn_n20_w6_uncertain_strong.bif,20,6,uncertain_strong,0.25,0.4,X12,1,0.43916669175436557,0.023655414581298828,0.31512451171875,0.44289999999999996,0.00020729000000000038,2.3122121334075927,0.1385059356689453,0.0037333082456343925,0.4441,0.00038449,9.837106966972351,0.39490318298339844,0.004933308245634427
bn_n20_w6_uncertain_strong.bif,20,6,uncertain_strong,0.25,0.5,X12,1,0.5358580888269643,0.019181489944458008,0.2742042541503906,0.542,0.00011939999999999972,1.4294628381729126,0.10184669494628906,0.006141911173035752,0.5381,0.00023488999999999983,6.17852520942688,0.26109886169433594,0.0022419111730357377
bn_n20_w6_uncertain_strong.bif,20,6,uncertain_strong,0.25,0.6,X12,1,0.5679889410992097,0.011562585830688477,0.2918243408203125,0.5607,0.0003538099999999989,1.7242135047912597,0.11741065979003906,0.007288941099209745,0.5612,0.00026175999999999896,7.4682396173477175,0.3136472702026367,0.006788941099209689
bn_n20_w6_uncertain_strong.bif,20,6,uncertain_strong,0.25,0.7,X12,1,0.7126904777222218,0.019467830657958984,0.2665443420410156,0.7068000000000001,0.00016175999999999983,1.2976871967315673,0.09152412414550781,0.005890477722221732,0.7162,6.996000000000012e-05,5.6064231395721436,0.23912620544433594,0.003509522277778121
bn_n20_w6_uncertain_strong.bif,20,6,uncertain_strong,0.25,0.8,X12,1,0.820952641496579,0.020943403244018555,0.2827606201171875,0.8207000000000001,0.00017100999999999933,2.3095065116882325,0.14000892639160156,0.000252641496578887,0.8168,0.00014215999999999925,9.973559498786926,0.39615917205810547,0.004152641496579013
bn_n20_w6_uncertain_strong.bif,20,6,uncertain_strong,0.25,0.9,X12,1,0.8666728880783258,0.023447751998901367,0.3225898742675781,0.8759,6.449000000000012e-05,2.6888777732849123,0.1544361114501953,0.009227111921674247,0.8664999999999999,0.0001132500000000002,11.58472375869751,0.4560728073120117,0.00017288807832582798
bn_n20_w6_uncertain_strong.bif,20,6,uncertain_strong,0.25,1.0,X12,1,1.0,0.018375396728515625,0.2547149658203125,1.0,0.0,1.0213283538818358,0.07824134826660156,0.0,1.0,0.0,4.384633731842041,0.18863487243652344,0.0
bn_n20_w6_uniform.bif,20,6,uniform,0.25,0.4,X4,1,0.430004809079349,0.022040367126464844,0.25688934326171875,0.42139999999999994,8.843999999999996e-05,1.3040647506713867,0.09416389465332031,0.008604809079349074,0.421,0.00010740000000000001,5.519091010093689,0.2322216033935547,0.00900480907934903
bn_n20_w6_uniform.bif,20,6,uniform,0.25,0.5,X4,1,0.512985113753033,0.026515960693359375,0.30695343017578125,0.5137999999999999,0.00014236000000000026,1.7815924167633057,0.11624336242675781,0.000814886246966906,0.5113000000000001,0.00013921000000000023,7.4238409996032715,0.3095836639404297,0.0016851137530329297
bn_n20_w6_uniform.bif,20,6,uniform,0.25,0.6,X4,1,0.5577192426814057,0.02655315399169922,0.2464752197265625,0.5534,0.00019643999999999917,1.3161956310272216,0.09594917297363281,0.0043192426814057105,0.5481,0.00039128999999999916,5.755208539962768,0.2431468963623047,0.009619242681405682
bn_n20_w6_uniform.bif,20,6,uniform,0.25,0.7,X4,1,0.6920092864559294,0.025569438934326172,0.338470458984375,0.6943,0.00018320999999999927,1.9241787672042847,0.12006568908691406,0.0022907135440706217,0.6912,0.00024375999999999895,8.249604439735412,0.32870006561279297,0.00080928645592937
bn_n20_w6_uniform.bif,20,6,uniform,0.25,0.8,X4,1,0.7821316946530456,0.02434229850769043,0.28803253173828125,0.7861999999999999,5.336000000000009e-05,1.9947155237197876,0.1262531280517578,0.004068305346954348,0.7755000000000001,0.0001698500000000003,8.700957083702088,0.3289060592651367,0.006631694653045472
bn_n20_w6_uniform.bif,20,6,uniform,0.25,0.9,X4,1,0.947711824516315,0.02360248565673828,0.28562164306640625,0.9491999999999999,1.8160000000000033e-05,1.6875341415405274,0.11177253723144531,0.0014881754836849614,0.9437999999999999,2.335999999999969e-05,7.290788412094116,0.2998790740966797,0.00391182451631511
bn_n20_w6_uniform.bif,20,6,uniform,0.25,1.0,X4,1,1.0,0.02189922332763672,0.27098846435546875,1.0,0.0,1.8394145965576172,0.12117958068847656,0.0,1.0,0.0,8.046528029441834,0.2970151901245117,0.0
bn_n50_w2_concentrated_bias_low.bif,50,2,concentrated_bias_low,0.25,0.4,X11,1,0.4216966356778457,0.027565717697143555,0.41020965576171875,0.42190000000000005,0.00012709,1.0829673290252686,0.10203170776367188,0.00020336432215434241,0.42060000000000003,0.00014064000000000006,4.530796313285828,0.20828914642333984,0.001096635677845681
bn_n50_w2_concentrated_bias_low.bif,50,2,concentrated_bias_low,0.25,0.5,X11,1,0.4686735245217351,0.028899192810058594,0.3907470703125,0.4648,4.135999999999986e-05,1.0481623888015748,0.09922313690185547,0.0038735245217351166,0.4678,0.0001631599999999997,4.329651308059693,0.20467281341552734,0.000873524521735114
bn_n50_w2_concentrated_bias_low.bif,50,2,concentrated_bias_low,0.25,0.7,X11,1,0.735003049109953,0.026275634765625,0.41439151763916016,0.7344,0.00017764000000000034,0.9978294849395752,0.09502696990966797,0.0006030491099529023,0.7293000000000001,8.501000000000014e-05,4.109732270240784,0.19286251068115234,0.005703049109952896
bn_n50_w2_concentrated_bias_low.bif,50,2,concentrated_bias_low,0.25,0.8,X11,1,0.8040982178197257,0.02737283706665039,0.40878772735595703,0.8009000000000001,0.0002494899999999995,0.9915767669677734,0.09622478485107422,0.003198217819725624,0.8015000000000001,6.704999999999984e-05,4.1887757062911986,0.19277095794677734,0.002598217819725579
bn_n50_w2_concentrated_bias_low.bif,50,2,concentrated_bias_low,0.25,0.9,X11,1,0.8762881385197234,0.030063152313232422,0.45291900634765625,0.8689,0.00013909000000000021,1.021809196472168,0.09527111053466797,0.0073881385197234195,0.8737,0.00012221000000000023,4.366950273513794,0.19699764251708984,0.002588138519723393
bn_n50_w2_concentrated_bias_low.bif,50,2,concentrated_bias_low,0.25,1.0,X11,1,0.963402667881462,0.03052663803100586,0.4277772903442383,0.9677999999999999,2.1160000000000038e-05,1.1306090354919434,0.10092449188232422,0.004397332118537878,0.9602,2.4560000000000043e-05,4.772467875480652,0.2207937240600586,0.0032026678814619514
bn_n50_w2_rigid_moderate.bif,50,2,rigid_moderate,0.25,0.4,X20,1,0.3610373006632405,0.02842235565185547,0.46685791015625,0.359,0.00035259999999999984,1.0843246459960938,0.09859848022460938,0.0020373006632405377,0.36429999999999996,0.00023561000000000017,4.4916239976882935,0.21297359466552734,0.0032626993367594337
bn_n50_w2_rigid_moderate.bif,50,2,rigid_moderate,0.25,0.5,X20,1,0.5183238141941153,0.027207136154174805,0.41785430908203125,0.5226000000000001,0.0004910399999999997,0.98292076587677,0.09602642059326172,0.004276185805884736,0.522,0.00037540000000000067,4.044933557510376,0.19260311126708984,0.003676185805884691
bn_n50_w2_rigid_moderate.bif,50,2,rigid_moderate,0.25,0.6,X20,1,0.5606330760942977,0.027022123336791992,0.43417835235595703,0.5582,0.0002693599999999991,0.9216724395751953,0.09604167938232422,0.0024330760942976593,0.5639000000000001,0.0004696899999999989,3.9596938371658323,0.1855916976928711,0.003266923905702379
bn_n50_w2_rigid_moderate.bif,50,2,rigid_moderate,0.25,0.7,X20,1,0.7059970660345205,0.026512622833251953,0.416961669921875,0.7025,0.0002458499999999995,1.0042803764343262,0.09701061248779297,0.0034970660345204907,0.7044,0.00014603999999999973,4.192440867424011,0.1986989974975586,0.001597066034520478
bn_n50_w2_rigid_moderate.bif,50,2,rigid_moderate,0.25,0.8,X20,1,0.7991535675440247,0.028818130493164062,0.40494537353515625,0.7964,3.5840000000000063e-05,1.0355785131454467,0.10040569305419922,0.002753567544024671,0.8009000000000001,0.00014368999999999932,4.389977812767029,0.2066793441772461,0.0017464324559753885
bn_n50_w2_rigid_moderate.bif,50,2,rigid_moderate,0.25,0.9,X20,1,0.9278868278360547,0.025799274444580078,0.41364288330078125,0.9243,6.821000000000012e-05,1.176924729347229,0.10485363006591797,0.0035868278360546846,0.9282000000000001,9.775999999999936e-05,4.915940189361573,0.2577953338623047,0.000313172163945441
bn_n50_w2_rigid_moderate.bif,50,2,rigid_moderate,0.25,1.0,X20,1,1.0,0.02871561050415039,0.410400390625,1.0,0.0,1.1452406883239745,0.10318279266357422,0.0,1.0,0.0,4.8466541290283205,0.2190542221069336,0.0
bn_n50_w2_concentrated_bias_high.bif,50,2,concentrated_bias_high,0.25,0.4,X1,1,0.35855255277915077,0.02517867088317871,0.4233827590942383,0.3547999999999999,8.155999999999998e-05,1.0701767206192017,0.10170364379882812,0.003752552779150875,0.35660000000000003,0.00030543999999999987,4.41380729675293,0.2126913070678711,0.0019525527791507402
bn_n50_w2_concentrated_bias_high.bif,50,2,concentrated_bias_high,0.25,0.5,X1,1,0.4633058514047966,0.02815532684326172,0.4227418899536133,0.4667,0.00019960999999999967,0.9755448341369629,0.09685802459716797,0.003394148595203428,0.46410000000000007,0.0002598899999999997,4.041880702972412,0.18984127044677734,0.0007941485952034921
bn_n50_w2_concentrated_bias_high.bif,50,2,concentrated_bias_high,0.25,0.6,X1,1,0.5803684745936368,0.03175711631774902,0.461029052734375,0.5727,0.00012900999999999928,1.0982696771621705,0.10341167449951172,0.007668474593636843,0.5813,0.00016380999999999978,4.608452153205872,0.21591472625732422,0.0009315254063632095
bn_n50_w2_concentrated_bias_high.bif,50,2,concentrated_bias_high,0.25,0.7,X1,1,0.6518384049750994,0.03240036964416504,0.42893409729003906,0.6559,5.569000000000009e-05,1.0664927244186402,0.10212230682373047,0.004061595024900666,0.6500999999999999,0.00010389000000000019,4.3979846954345705,0.20645809173583984,0.0017384049750994723
bn_n50_w2_concentrated_bias_high.bif,50,2,concentrated_bias_high,0.25,0.8,X1,1,0.7528963107969898,0.031937360763549805,0.46540069580078125,0.7504000000000001,0.00017744000000000033,1.170646595954895,0.10310649871826172,0.0024963107969897536,0.7519000000000001,0.00023889000000000042,4.869609785079956,0.22721004486083984,0.0009963107969896967
bn_n50_w2_concentrated_bias_high.bif,50,2,concentrated_bias_high,0.25,0.9,X1,1,0.9364564505955261,0.030631542205810547,0.43853759765625,0.9346,3.043999999999958e-05,1.149695134162903,0.10367870330810547,0.0018564505955260824,0.9360000000000002,1.1999999999999709e-05,4.907555651664734,0.2176656723022461,0.0004564505955259035
bn_n50_w2_concentrated_bias_high.bif,50,2,concentrated_bias_high,0.25,1.0,X1,1,1.0,0.029482126235961914,0.4279937744140625,1.0,0.0,1.0670246601104736,0.10074901580810547,0.0,1.0,0.0,4.494671106338501,0.2311687469482422,0.0
bn_n50_w2_rigid_extreme.bif,50,2,rigid_extreme,0.25,0.4,X41,1,0.4433238673303842,0.02532339096069336,0.41112518310546875,0.4469,0.0003938900000000003,1.0068773031234741,0.09475326538085938,0.003576132669615817,0.4396999999999999,0.00014101000000000025,4.152775120735169,0.19995784759521484,0.0036238673303842783
bn_n50_w2_rigid_extreme.bif,50,2,rigid_extreme,0.25,0.5,X41,1,0.5078372118026042,0.028597354888916016,0.4609832763671875,0.5065,0.00027145000000000045,0.9949602842330932,0.09984874725341797,0.0013372118026042656,0.511,0.00015560000000000026,4.15584168434143,0.22415733337402344,0.003162788197395794
bn_n50_w2_rigid_extreme.bif,50,2,rigid_extreme,0.25,0.6,X41,1,0.63931720279109,0.028294086456298828,0.42108917236328125,0.6368,0.00024896000000000044,0.9603647232055664,0.09624767303466797,0.002517202791089912,0.6325000000000001,0.0003650500000000007,4.03062686920166,0.20722103118896484,0.0068172027910898825
bn_n50_w2_rigid_extreme.bif,50,2,rigid_extreme,0.25,0.7,X41,1,0.6866404412008894,0.030731916427612305,0.41423797607421875,0.6919000000000001,7.38899999999995e-05,1.1310171604156494,0.10248088836669922,0.005259558799110664,0.6841999999999999,0.00024275999999999893,4.741278266906738,0.21938228607177734,0.002440441200889487
bn_n50_w2_rigid_extreme.bif,50,2,rigid_extreme,0.25,0.8,X41,1,0.8109514735259586,0.03047037124633789,0.4430999755859375,0.8128,0.0002483599999999992,1.121885633468628,0.10154247283935547,0.0018485264740413232,0.8093,5.04099999999995e-05,4.735123085975647,0.24046897888183594,0.0016514735259586244
bn_n50_w2_rigid_extreme.bif,50,2,rigid_extreme,0.25,0.9,X41,1,0.9336457191076216,0.026579856872558594,0.42710113525390625,0.9308,7.155999999999957e-05,1.0502986669540406,0.09742259979248047,0.002845719107621658,0.9328999999999998,3.6289999999999614e-05,4.377198600769043,0.20093441009521484,0.0007457191076217784
bn_n50_w2_rigid_extreme.bif,50,2,rigid_extreme,0.25,1.0,X41,1,1.0,0.0270993709564209,0.41257476806640625,1.0,0.0,1.0294631958007812,0.09764385223388672,0.0,1.0,0.0,4.381858325004577,0.20099544525146484,0.0
bn_n50_w2_spread_bias_high.bif,50,2,spread_bias_high,0.25,0.4,X2,1,0.43331910799921713,0.02723097801208496,0.42004871368408203,0.4346,0.0003730399999999995,1.0942096948623656,0.10390758514404297,0.0012808920007828517,0.4465,0.00018825000000000005,4.64629225730896,0.20680904388427734,0.013180892000782873
bn_n50_w2_spread_bias_high.bif,50,2,spread_bias_high,0.25,0.5,X2,1,0.5015239677596274,0.031517982482910156,0.4236116409301758,0.4967,6.601000000000011e-05,0.932750940322876,0.09593486785888672,0.004823967759627401,0.4985999999999999,0.00031484000000000053,3.9496837139129637,0.18875789642333984,0.0029239677596274993
bn_n50_w2_spread_bias_high.bif,50,2,spread_bias_high,0.25,0.6,X2,1,0.60042814811817,0.029021024703979492,0.4276885986328125,0.6031000000000001,0.00016369000000000027,0.9414969444274902,0.09515666961669922,0.0026718518818300563,0.6086,2.1240000000000037e-05,3.9781911373138428,0.2171001434326172,0.008171851881830006
bn_n50_w2_spread_bias_high.bif,50,2,spread_bias_high,0.25,0.7,X2,1,0.7117822161723448,0.03238368034362793,0.4313812255859375,0.7083,0.0002098099999999993,1.0640538215637207,0.09955883026123047,0.0034822161723447875,0.7121000000000001,0.00013289000000000025,4.513230991363526,0.20642757415771484,0.00031778382765523805
bn_n50_w2_spread_bias_high.bif,50,2,spread_bias_high,0.25,0.8,X2,1,0.8474978403635172,0.02835226058959961,0.4102325439453125,0.8456999999999999,5.8210000000000095e-05,1.1552040338516236,0.09865093231201172,0.0017978403635172668,0.8465,0.00014185000000000025,4.975892972946167,0.2243947982788086,0.000997840363517133
bn_n50_w2_spread_bias_high.bif,50,2,spread_bias_high,0.25,0.9,X2,1,0.9230040529892396,0.02797675132751465,0.3992919921875,0.9236000000000001,8.064000000000015e-05,0.9521408557891846,0.09743785858154297,0.0005959470107604892,0.9183999999999999,3.064000000000006e-05,4.037080764770508,0.1817159652709961,0.004604052989239715
bn_n50_w2_spread_bias_high.bif,50,2,spread_bias_high,0.25,1.0,X2,1,1.0,0.03043222427368164,0.3880615234375,1.0,0.0,0.8936484098434448,0.09344005584716797,0.0,1.0,0.0,3.756409025192261,0.1778402328491211,0.0
bn_n50_w2_uncertain_moderate.bif,50,2,uncertain_moderate,0.25,0.5,X13,1,0.5028190009562248,0.026453256607055664,0.4293642044067383,0.49589999999999995,0.00044189000000000034,1.055823016166687,0.10114574432373047,0.00691900095622483,0.4984,0.00019924000000000032,4.417430138587951,0.2096700668334961,0.004419000956224772
bn_n50_w2_uncertain_moderate.bif,50,2,uncertain_moderate,0.25,0.6,X13,1,0.5899787568534797,0.02663254737854004,0.39215850830078125,0.5961,0.00033669000000000055,1.1486328125,0.10695934295654297,0.006121243146520294,0.5916999999999999,0.0002768100000000005,4.805714511871338,0.2251272201538086,0.0017212431465202238
bn_n50_w2_uncertain_moderate.bif,50,2,uncertain_moderate,0.25,0.7,X13,1,0.7207641430537841,0.027028560638427734,0.42282867431640625,0.7201,0.00038069000000000064,1.0012218475341796,0.09799480438232422,0.0006641430537841497,0.7222999999999999,0.00014441000000000025,4.258207702636719,0.2010946273803711,0.00153585694621583
bn_n50_w2_uncertain_moderate.bif,50,2,uncertain_moderate,0.25,0.8,X13,1,0.8249504835056749,0.028613805770874023,0.405029296875,0.8262,7.596000000000012e-05,1.0056920051574707,0.09996318817138672,0.0012495164943251424,0.8220999999999998,0.0001060899999999994,4.371707558631897,0.1984395980834961,0.002850483505675072
bn_n50_w2_uncertain_moderate.bif,50,2,uncertain_moderate,0.25,0.9,X13,1,0.8547566649602514,0.031332969665527344,0.425384521484375,0.8507999999999999,0.00013216000000000025,1.3734886407852174,0.11114788055419922,0.003956664960251488,0.8609,7.909000000000015e-05,5.67365984916687,0.24883556365966797,0.006143335039748621
bn_n50_w2_uncertain_moderate.bif,50,2,uncertain_moderate,0.25,1.0,X13,1,1.0,0.030329227447509766,0.393951416015625,1.0,0.0,1.1820417881011962,0.10341167449951172,0.0,1.0,0.0,4.90926604270935,0.2225332260131836,0.0
bn_n50_w2_spread_bias_low.bif,50,2,spread_bias_low,0.25,0.4,X28,1,0.3856460672458363,0.02598857879638672,0.4277811050415039,0.3946,0.00012703999999999987,1.019192385673523,0.10126781463623047,0.00895393275416373,0.38949999999999996,0.00014424999999999982,4.287974405288696,0.19943904876708984,0.0038539327541636803
bn_n50_w2_spread_bias_low.bif,50,2,spread_bias_low,0.25,0.5,X28,1,0.5372585230197997,0.03062915802001953,0.47486114501953125,0.5441,0.00048368999999999886,1.0491214752197267,0.10131359100341797,0.006841476980200323,0.5396000000000001,0.00018883999999999972,4.397263979911804,0.22615623474121094,0.0023414769802003743
bn_n50_w2_spread_bias_low.bif,50,2,spread_bias_low,0.25,0.6,X28,1,0.6465174088003471,0.03363394737243652,0.440643310546875,0.6453,0.0001662100000000003,1.1049159526824952,0.10280895233154297,0.0012174088003471528,0.6437,0.00011741000000000022,4.53737485408783,0.21362972259521484,0.0028174088003470876
bn_n50_w2_spread_bias_low.bif,50,2,spread_bias_low,0.25,0.7,X28,1,0.7130020178328513,0.03254580497741699,0.48116302490234375,0.7138,0.0001215600000000002,1.241763186454773,0.10839366912841797,0.0007979821671486587,0.7092,0.0001635600000000003,5.222958016395569,0.2335958480834961,0.003802017832851279
bn_n50_w2_spread_bias_low.bif,50,2,spread_bias_low,0.25,0.8,X28,1,0.76515299474551,0.031105995178222656,0.42682361602783203,0.7662,7.716000000000014e-05,1.1296083450317382,0.10338878631591797,0.0010470052544899744,0.7647999999999999,0.0001201600000000002,4.612749838829041,0.2076406478881836,0.00035299474551009347
bn_n50_w2_spread_bias_low.bif,50,2,spread_bias_low,0.25,0.9,X28,1,0.9280864473477324,0.026974916458129883,0.4262514114379883,0.9288000000000001,2.415999999999984e-05,0.999226975440979,0.09886455535888672,0.0007135526522676905,0.9275,6.624999999999983e-05,4.144717359542847,0.1932210922241211,0.0005864473477323884
bn_n50_w2_spread_bias_low.bif,50,2,spread_bias_low,0.25,1.0,X28,1,1.0,0.033936262130737305,0.4651336669921875,1.0,0.0,1.2524928808212281,0.10418224334716797,0.0,1.0,0.0,5.183156037330628,0.2322835922241211,0.0
bn_n50_w2_uncertain_strong.bif,50,2,uncertain_strong,0.25,0.4,X2,1,0.39065480574201605,0.02499532699584961,0.40814971923828125,0.386,0.0003484000000000002,0.9430099964141846,0.09286022186279297,0.004654805742016044,0.3841,6.109000000000011e-05,3.874070429801941,0.1831808090209961,0.006554805742016057
bn_n50_w2_uncertain_strong.bif,50,2,uncertain_strong,0.25,0.5,X2,1,0.5481386284508191,0.026546239852905273,0.46358489990234375,0.5499,0.0002196899999999996,1.1307677984237672,0.10238933563232422,0.00176137154918099,0.5442000000000001,0.00023875999999999983,4.707388877868652,0.2117757797241211,0.003938628450818937
bn_n50_w2_uncertain_strong.bif,50,2,uncertain_strong,0.25,0.6,X2,1,0.5743016472635635,0.031373023986816406,0.425079345703125,0.5763,0.00037600999999999916,1.051114273071289,0.09880352020263672,0.0019983527364365594,0.5756,0.00019763999999999971,4.395210123062133,0.23709678649902344,0.0012983527364365255
bn_n50_w2_uncertain_strong.bif,50,2,uncertain_strong,0.25,0.7,X2,1,0.7174088347744542,0.02973651885986328,0.42437744140625,0.7164999999999999,0.00010545000000000016,1.1588810920715331,0.09958934783935547,0.000908834774454248,0.7104999999999999,7.145000000000014e-05,4.74005274772644,0.2470073699951172,0.006908834774454253
bn_n50_w2_uncertain_strong.bif,50,2,uncertain_strong,0.25,0.8,X2,1,0.8199871945179531,0.02918553352355957,0.42388153076171875,0.8182999999999998,0.00018980999999999927,1.064892292022705,0.10018444061279297,0.0016871945179532943,0.8163,0.00034520999999999884,4.461818599700928,0.22832298278808594,0.003687194517953074
bn_n50_w2_uncertain_strong.bif,50,2,uncertain_strong,0.25,0.9,X2,1,0.9486492576194101,0.031758785247802734,0.4756011962890625,0.9465,3.1850000000000056e-05,1.2083364248275756,0.10566997528076172,0.0021492576194100943,0.9455999999999998,1.9240000000000033e-05,5.068004536628723,0.2312002182006836,0.0030492576194103282
bn_n50_w2_uncertain_strong.bif,50,2,uncertain_strong,0.25,1.0,X2,1,1.0,0.029974937438964844,0.430450439453125,1.0,0.0,1.1677364826202392,0.10154247283935547,0.0,1.0,0.0,4.971952438354492,0.2255239486694336,0.0
bn_n50_w2_uniform.bif,50,2,uniform,0.25,0.4,X3,1,0.4431679733417979,0.03139948844909668,0.42911243438720703,0.44139999999999996,0.00018423999999999998,1.095185923576355,0.10019969940185547,0.001767973341797957,0.44800000000000006,0.00015860000000000003,4.545519185066223,0.2119894027709961,0.004832026658202149
bn_n50_w2_uniform.bif,50,2,uniform,0.25,0.5,X3,1,0.5468947471677036,0.03145647048950195,0.4107208251953125,0.5467000000000001,0.0003832099999999996,1.0133187532424928,0.09827709197998047,0.00019474716770351286,0.5383,0.00030380999999999995,4.255535507202149,0.2170391082763672,0.008594747167703587
bn_n50_w2_uniform.bif,50,2,uniform,0.25,0.6,X3,1,0.574974941545965,0.028827667236328125,0.41436004638671875,0.5732999999999999,0.00017300999999999948,0.9461200714111329,0.09218883514404297,0.0016749415459650363,0.5835999999999999,0.00014444000000000026,3.932717728614807,0.1837911605834961,0.00862505845403494
bn_n50_w2_uniform.bif,50,2,uniform,0.25,0.7,X3,1,0.6968354020039402,0.03190445899963379,0.44699859619140625,0.6869000000000001,0.00021828999999999897,1.141075325012207,0.09993267059326172,0.009935402003940164,0.6942,0.00015575999999999925,4.638538217544555,0.2151174545288086,0.0026354020039401904
bn_n50_w2_uniform.bif,50,2,uniform,0.25,0.8,X3,1,0.7564795069478272,0.026436567306518555,0.3926849365234375,0.7534000000000001,0.00025984000000000044,0.9482255458831788,0.09593486785888672,0.003079506947827104,0.7595,8.065000000000014e-05,4.015737628936767,0.1912984848022461,0.003020493052172779
bn_n50_w2_uniform.bif,50,2,uniform,0.25,0.9,X3,1,0.8839178681758164,0.027683019638061523,0.42218780517578125,0.8873,6.781000000000011e-05,1.084428071975708,0.10045909881591797,0.003382131824183565,0.8847999999999999,0.0001081600000000002,4.547820520401001,0.2040090560913086,0.0008821318241835074
bn_n50_w2_uniform.bif,50,2,uniform,0.25,1.0,X3,1,1.0,0.023125886917114258,0.38616180419921875,1.0,0.0,1.089424467086792,0.09964275360107422,0.0,1.0,0.0,4.564948916435242,0.2125997543334961,0.0
bn_n50_w6_concentrated_bias_high.bif,50,6,concentrated_bias_high,0.25,0.4,X11,1,0.39318774365287906,0.0410923957824707,0.689666748046875,0.40040000000000003,0.00047444,1.570512342453003,0.13099956512451172,0.007212256347120971,0.39680000000000004,0.00021255999999999974,6.6478046655654905,0.3216991424560547,0.003612256347120979
bn_n50_w6_concentrated_bias_high.bif,50,6,concentrated_bias_high,0.25,0.5,X11,1,0.540961512918792,0.04857611656188965,0.7226028442382812,0.5346000000000001,0.0003368399999999998,2.2731384515762327,0.16494274139404297,0.006361512918791945,0.5459000000000002,0.00021648999999999952,9.46723039150238,0.44411754608154297,0.004938487081208143
bn_n50_w6_concentrated_bias_high.bif,50,6,concentrated_bias_high,0.25,0.6,X11,1,0.6459999692598616,0.0471196174621582,0.7301025390625,0.6416000000000002,0.00020984000000000036,1.9295214653015136,0.14220714569091797,0.004399969259861414,0.6489,0.00038089000000000064,8.13806219100952,0.35581111907958984,0.0029000307401384484
bn_n50_w6_concentrated_bias_high.bif,50,6,concentrated_bias_high,0.25,0.7,X11,1,0.6604315612243672,0.04257512092590332,0.6724472045898438,0.6638000000000001,0.00022915999999999982,1.6610683441162108,0.14155101776123047,0.003368438775632865,0.6579,0.0004474900000000008,7.036511540412903,0.34021568298339844,0.0025315612243671515
bn_n50_w6_concentrated_bias_high.bif,50,6,concentrated_bias_high,0.25,0.8,X11,1,0.7864269828866938,0.040377140045166016,0.5621719360351562,0.7935000000000001,5.14500000000001e-05,1.3267020463943482,0.12270641326904297,0.0070730171133063235,0.7934,0.00013144000000000025,5.588591790199279,0.2586660385131836,0.0069730171133062235
bn_n50_w6_concentrated_bias_high.bif,50,6,concentrated_bias_high,0.25,0.9,X11,1,0.93963163725997,0.04086709022521973,0.6683425903320312,0.944,3.699999999999983e-05,1.4806134939193725,0.13560009002685547,0.004368362740029941,0.9394,2.4839999999999606e-05,6.320193958282471,0.2755270004272461,0.00023163725996999673
bn_n50_w6_concentrated_bias_high.bif,50,6,concentrated_bias_high,0.25,1.0,X11,1,1.0,0.04518628120422363,0.7294921875,1.0,0.0,2.040392446517944,0.15638256072998047,0.0,1.0,0.0,8.537254667282104,0.36475658416748047,0.0
bn_n50_w6_rigid_extreme.bif,50,6,rigid_extreme,0.25,0.4,X33,1,0.4400644766976539,0.03815460205078125,0.557464599609375,0.43739999999999996,0.0004366400000000002,2.085732841491699,0.14771556854248047,0.0026644766976539613,0.4514,0.00014864000000000007,8.985127091407776,0.40050315856933594,0.011335523302346107
bn_n50_w6_rigid_extreme.bif,50,6,rigid_extreme,0.25,0.5,X33,1,0.5403464163698725,0.035265207290649414,0.526885986328125,0.5384,0.00030444000000000055,1.3004430770874023,0.12246990203857422,0.0019464163698724724,0.5365,0.0003398499999999999,5.60258116722107,0.2543783187866211,0.003846416369872485
bn_n50_w6_rigid_extreme.bif,50,6,rigid_extreme,0.25,0.6,X33,1,0.6281331024497747,0.0348207950592041,0.5465011596679688,0.6288,0.012251760000000002,1.4310036897659302,0.12742137908935547,0.0006668975502253094,0.6378,0.0006193599999999999,6.037564373016357,0.2800436019897461,0.009666897550225317
bn_n50_w6_rigid_extreme.bif,50,6,rigid_extreme,0.25,0.7,X33,1,0.6531041897741845,0.03937125205993652,0.648223876953125,0.6505,0.00032665000000000065,1.666956090927124,0.14361858367919922,0.002604189774184529,0.6538,0.00033456000000000056,7.158820223808289,0.30707836151123047,0.0006958102258155519
bn_n50_w6_rigid_extreme.bif,50,6,rigid_extreme,0.25,0.8,X33,1,0.8344542949579095,0.03643512725830078,0.5638885498046875,0.8324,0.00015624000000000028,1.6435728549957276,0.13233470916748047,0.0020542949579094305,0.8351,0.00011229000000000021,6.780471920967102,0.33173179626464844,0.0006457050420904942
bn_n50_w6_rigid_extreme.bif,50,6,rigid_extreme,0.25,0.9,X33,1,0.8884015001065751,0.03901791572570801,0.6503372192382812,0.8826,0.0005276400000000009,1.9835587024688721,0.14148998260498047,0.005801500106575097,0.8894,0.00010764000000000021,8.184797644615173,0.3413829803466797,0.0009984998934248202
bn_n50_w6_rigid_extreme.bif,50,6,rigid_extreme,0.25,1.0,X33,1,0.957796536969181,0.03514266014099121,0.5487442016601562,0.9584000000000001,2.5440000000000044e-05,1.5285501956939698,0.12773418426513672,0.0006034630308191513,0.9587999999999999,2.4760000000000044e-05,6.617833352088928,0.30147457122802734,0.0010034630308188852
bn_n50_w6_concentrated_bias_low.bif,50,6,concentrated_bias_low,0.25,0.4,X45,1,0.39421691982707,0.0421602725982666,0.658905029296875,0.3899,7.809000000000014e-05,1.676906418800354,0.14887523651123047,0.004316919827069998,0.388,0.00025239999999999985,7.226062178611755,0.3183622360229492,0.006216919827070011
bn_n50_w6_concentrated_bias_low.bif,50,6,concentrated_bias_low,0.25,0.5,X45,1,0.5364012973107455,0.04397082328796387,0.5880355834960938,0.5378000000000001,6.736000000000011e-05,1.9884470224380493,0.13450145721435547,0.0013987026892545718,0.5394,0.00020904000000000034,8.523488926887513,0.36139965057373047,0.0029987026892545066
bn_n50_w6_concentrated_bias_low.bif,50,6,concentrated_bias_low,0.25,0.6,X45,1,0.5704530687772806,0.04802989959716797,0.7359695434570312,0.5785,0.00021004999999999944,2.072154402732849,0.16007518768310547,0.008046931222719378,0.5676000000000001,0.0001596399999999991,8.933169150352478,0.3899106979370117,0.002853068777280532
bn_n50_w6_concentrated_bias_low.bif,50,6,concentrated_bias_low,0.25,0.7,X45,1,0.6900199099300562,0.04112744331359863,0.5980300903320312,0.6904,0.00017383999999999905,1.6481604814529418,0.12909221649169922,0.0003800900699437726,0.6923,0.00012040999999999957,7.082676100730896,0.3268718719482422,0.0022800900699437854
bn_n50_w6_concentrated_bias_low.bif,50,6,concentrated_bias_low,0.25,0.8,X45,1,0.844697763122997,0.0452427864074707,0.6770172119140625,0.8494999999999999,0.00013485000000000024,1.7650972843170165,0.14019298553466797,0.0048022368770028745,0.8482000000000001,9.076000000000017e-05,7.450407552719116,0.3403158187866211,0.0035022368770030177
bn_n50_w6_concentrated_bias_low.bif,50,6,concentrated_bias_low,0.25,0.9,X45,1,0.8569847872765043,0.04460406303405762,0.697174072265625,0.8535,9.825000000000018e-05,2.0833722829818724,0.16376018524169922,0.003484787276504253,0.8585,2.2450000000000037e-05,8.819484448432922,0.4055013656616211,0.0015152127234957513
bn_n50_w6_concentrated_bias_low.bif,50,6,concentrated_bias_low,0.25,1.0,X45,1,0.9904421851698045,0.03884720802307129,0.6209793090820312,0.9911,5.8900000000000105e-06,1.6806716918945312,0.14039134979248047,0.0006578148301954467,0.9908999999999999,9.090000000000018e-06,7.194374704360962,0.32944393157958984,0.00045781483019535774
bn_n50_w6_rigid_moderate.bif,50,6,rigid_moderate,0.25,0.4,X15,1,0.39743032770825043,0.04368925094604492,0.636077880859375,0.3987,0.00018520999999999994,1.734204602241516,0.13753795623779297,0.0012696722917495684,0.40969999999999995,0.00015860999999999973,7.499249196052551,0.3250417709350586,0.012269672291749523
bn_n50_w6_rigid_moderate.bif,50,6,rigid_moderate,0.25,0.5,X15,1,0.5280274078391308,0.029653072357177734,0.5665512084960938,0.5291,0.00011089000000000021,1.6532582759857177,0.12751293182373047,0.0010725921608691902,0.5213,9.641000000000018e-05,6.901052451133728,0.3318319320678711,0.006727407839130839
bn_n50_w6_rigid_moderate.bif,50,6,rigid_moderate,0.25,0.6,X15,1,0.6022599064521078,0.03717184066772461,0.5090560913085938,0.5984,0.00012544000000000024,1.2440688848495483,0.11187267303466797,0.003859906452107764,0.6025,0.0003354500000000006,5.323227500915527,0.2808971405029297,0.00024009354789222837
bn_n50_w6_rigid_moderate.bif,50,6,rigid_moderate,0.25,0.7,X15,1,0.7466265733547796,0.028542041778564453,0.6474990844726562,0.753,0.0001708000000000003,1.748155450820923,0.13659191131591797,0.006373426645220448,0.7546,0.0001692400000000003,7.377329659461975,0.32439708709716797,0.007973426645220494
bn_n50_w6_rigid_moderate.bif,50,6,rigid_moderate,0.25,0.8,X15,1,0.7666421098539485,0.03762316703796387,0.58905029296875,0.7620000000000001,0.0002512000000000004,1.4471654176712037,0.12343120574951172,0.004642109853948417,0.7681,0.00014069000000000023,6.243916606903076,0.2761831283569336,0.001457890146051466
bn_n50_w6_rigid_moderate.bif,50,6,rigid_moderate,0.25,0.9,X15,1,0.9398035709860408,0.03563737869262695,0.5477676391601562,0.9399,5.308999999999947e-05,1.6468818426132201,0.12518596649169922,9.642901395912062e-05,0.9381,3.588999999999954e-05,7.064180040359497,0.30173397064208984,0.0017035709860407922
bn_n50_w6_rigid_moderate.bif,50,6,rigid_moderate,0.25,1.0,X15,1,0.9990038683802301,0.04418754577636719,0.6308670043945312,0.9992000000000001,1.5600000000000026e-06,1.942959451675415,0.14489269256591797,0.00019613161976994586,0.9995,4.5000000000000093e-07,8.231812810897827,0.35399913787841797,0.0004961316197699128
bn_n50_w6_spread_bias_low.bif,50,6,spread_bias_low,0.25,0.7,X6,1,0.6789605382421262,0.027546167373657227,0.6558456420898438,0.6844,0.000233639999999999,1.6483205318450929,0.13353252410888672,0.005439461757873798,0.6769000000000001,0.00035468999999999887,6.966771531105041,0.30022239685058594,0.002060538242126153
bn_n50_w6_spread_bias_low.bif,50,6,spread_bias_low,0.25,0.8,X6,1,0.8052810362688957,0.03230428695678711,0.5286178588867188,0.7999,0.00011348999999999958,1.6190372467041017,0.12999248504638672,0.005381036268895634,0.8009999999999999,0.0001697999999999993,6.878987741470337,0.3053274154663086,0.004281036268895755
bn_n50_w6_spread_bias_low.bif,50,6,spread_bias_low,0.25,0.9,X6,1,0.9465405238143606,0.03769564628601074,0.6290969848632812,0.9455,3.084999999999982e-05,1.6881170511245727,0.12715435028076172,0.0010405238143605944,0.95,2.4400000000000044e-05,7.201204133033753,0.32339000701904297,0.003459476185639354
bn_n50_w6_spread_bias_low.bif,50,6,spread_bias_low,0.25,1.0,X6,1,1.0,0.033338069915771484,0.5127639770507812,1.0,0.0,1.4263438701629638,0.12548351287841797,0.0,1.0,0.0,6.077288722991943,0.29014110565185547,0.0
bn_n50_w6_uncertain_moderate.bif,50,6,uncertain_moderate,0.25,0.4,X1,1,0.43026033593163887,0.04044365882873535,0.6897354125976562,0.4333,0.00015881000000000028,1.6724316596984863,0.13472270965576172,0.0030396640683611476,0.4263,0.00022241000000000006,7.1977287292480465,0.3221731185913086,0.003960335931638859
bn_n50_w6_uncertain_moderate.bif,50,6,uncertain_moderate,0.25,0.5,X1,1,0.5167891722874289,0.02331852912902832,0.5916824340820312,0.5117,0.00027461000000000054,1.537441658973694,0.13141155242919922,0.005089172287428889,0.5165000000000001,0.00011785000000000021,6.549866008758545,0.29966259002685547,0.0002891722874288627
bn_n50_w6_uncertain_moderate.bif,50,6,uncertain_moderate,0.25,0.6,X1,1,0.6161388736735743,0.046652793884277344,0.6650238037109375,0.6251,0.00017249000000000032,1.7120224237442017,0.13578319549560547,0.00896112632642565,0.6203999999999998,0.0001762400000000003,7.207805871963501,0.32552623748779297,0.004261126326425502
bn_n50_w6_uncertain_moderate.bif,50,6,uncertain_moderate,0.25,0.7,X1,1,0.739514287493814,0.04077792167663574,0.6379776000976562,0.7365999999999999,9.704000000000017e-05,1.6034204483032226,0.13115215301513672,0.0029142874938140606,0.7285,0.00018785000000000034,6.816821432113647,0.31708812713623047,0.011014287493813946
bn_n50_w6_uncertain_moderate.bif,50,6,uncertain_moderate,0.25,0.8,X1,1,0.8118394239420565,0.03507542610168457,0.5495834350585938,0.8078000000000001,0.0001871599999999989,1.404598879814148,0.12275981903076172,0.004039423942056475,0.8148,0.00018515999999999902,5.999157500267029,0.2687368392944336,0.0029605760579434204
bn_n50_w6_uncertain_moderate.bif,50,6,uncertain_moderate,0.25,0.9,X1,1,0.8503124219160219,0.03969287872314453,0.5716094970703125,0.8494999999999999,9.225000000000017e-05,1.1449783802032472,0.11225414276123047,0.0008124219160219326,0.8499999999999999,0.0001924000000000003,4.790377855300903,0.2276144027709961,0.00031242191602198766
bn_n50_w6_uncertain_moderate.bif,50,6,uncertain_moderate,0.25,1.0,X1,1,1.0,0.04137444496154785,0.6503829956054688,1.0,0.0,1.6417221546173095,0.12617778778076172,0.0,1.0,0.0,7.001512479782105,0.30964183807373047,0.0
bn_n50_w6_spread_bias_high.bif,50,6,spread_bias_high,0.25,0.4,X17,1,0.4053137935220622,0.03591752052307129,0.6588668823242188,0.40359999999999996,0.00010063999999999985,1.613747811317444,0.13772106170654297,0.0017137935220622458,0.40730000000000005,0.0003798099999999997,6.9713900804519655,0.3493490219116211,0.0019862064779378463
bn_n50_w6_spread_bias_high.bif,50,6,spread_bias_high,0.25,0.5,X17,1,0.4839277150216995,0.047658443450927734,0.7587738037109375,0.4816,0.00011403999999999982,2.1994700193405152,0.15487194061279297,0.002327715021699539,0.4891,0.00012048999999999994,9.480651092529296,0.43232250213623047,0.005172284978300468
bn_n50_w6_spread_bias_high.bif,50,6,spread_bias_high,0.25,0.6,X17,1,0.600693660489381,0.04681706428527832,0.9035797119140625,0.6041999999999998,0.00014476000000000026,2.0851439476013183,0.15220165252685547,0.00350633951061885,0.5964,0.00022884000000000042,8.891782975196838,0.4071378707885742,0.004293660489380957
bn_n50_w6_spread_bias_high.bif,50,6,spread_bias_high,0.25,0.7,X17,1,0.732852209216204,0.037577152252197266,0.5616989135742188,0.7326,0.00024204000000000044,1.551831889152527,0.12667369842529297,0.0002522092162039469,0.7373000000000001,0.0001992100000000003,6.526940488815308,0.3005666732788086,0.004447790783796091
bn_n50_w6_spread_bias_high.bif,50,6,spread_bias_high,0.25,0.8,X17,1,0.8052079488552986,0.03898930549621582,0.5839080810546875,0.8061,0.00019608999999999908,1.7371912240982055,0.13656902313232422,0.0008920511447014778,0.799,0.0002445999999999992,7.415482783317566,0.3241147994995117,0.006207948855298517
bn_n50_w6_spread_bias_high.bif,50,6,spread_bias_high,0.25,0.9,X17,1,0.8956584253119619,0.051195383071899414,0.9121246337890625,0.9042999999999999,8.041000000000013e-05,2.0361275911331176,0.14088726043701172,0.008641574688037945,0.8981,0.00025009000000000045,8.746514081954956,0.3786191940307617,0.002441574688038073
bn_n50_w6_spread_bias_high.bif,50,6,spread_bias_high,0.25,1.0,X17,1,0.9973219689465875,0.03644251823425293,0.5770492553710938,0.9972,3.1600000000000057e-06,1.473315143585205,0.13288402557373047,0.00012196894658755841,0.9971,2.2900000000000043e-06,6.267417311668396,0.30395030975341797,0.0002219689465875474
bn_n50_w6_uncertain_strong.bif,50,6,uncertain_strong,0.25,0.4,X24,1,0.38254956881394314,0.04217648506164551,0.9243850708007812,0.3825,0.0002190500000000001,2.0925396919250487,0.15516185760498047,4.956881394313495e-05,0.3886,0.0002046399999999999,8.851382207870483,0.3561239242553711,0.006050431186056859
bn_n50_w6_uncertain_strong.bif,50,6,uncertain_strong,0.25,0.5,X24,1,0.4837536759107515,0.040602922439575195,0.6595687866210938,0.4842000000000001,0.00023815999999999998,1.6435556888580323,0.14293956756591797,0.00044632408924855094,0.4835999999999999,0.00028844,6.913305234909058,0.3381633758544922,0.00015367591075160503
bn_n50_w6_uncertain_strong.bif,50,6,uncertain_strong,0.25,0.6,X24,1,0.5805013152354873,0.04268503189086914,0.7121734619140625,0.5752999999999999,0.00020620999999999915,1.7263876438140868,0.13146495819091797,0.0052013152354873915,0.5868,0.0004977600000000002,7.185039114952088,0.3164510726928711,0.006298684764512674
bn_n50_w6_uncertain_strong.bif,50,6,uncertain_strong,0.25,0.7,X24,1,0.679308389014592,0.047196149826049805,0.91973876953125,0.6785000000000002,0.00020264999999999975,1.99771409034729,0.16026592254638672,0.0008083890145917927,0.6869999999999999,0.000249199999999999,8.472201132774353,0.36928844451904297,0.007691610985407937
bn_n50_w6_uncertain_strong.bif,50,6,uncertain_strong,0.25,0.8,X24,1,0.7833621466462027,0.03897809982299805,0.6657485961914062,0.7971,7.069000000000012e-05,1.6925929546356202,0.16681957244873047,0.013737853353797291,0.7815,0.00016425000000000028,7.084743642807007,0.31115245819091797,0.001862146646202767
bn_n50_w6_uncertain_strong.bif,50,6,uncertain_strong,0.25,0.9,X24,1,0.8678508709285621,0.04190373420715332,0.6983261108398438,0.8648,8.556000000000015e-05,1.8685631990432738,0.16945934295654297,0.003050870928562044,0.8698,8.256000000000014e-05,7.81588876247406,0.3698606491088867,0.0019491290714379605
bn_n50_w6_uncertain_strong.bif,50,6,uncertain_strong,0.25,1.0,X24,1,1.0,0.04833817481994629,0.7049331665039062,1.0,0.0,1.8856757402420044,0.17177867889404297,0.0,1.0,0.0,7.997196006774902,0.3525114059448242,0.0
bn_n50_w6_uniform.bif,50,6,uniform,0.25,0.4,X44,1,0.3856973390789773,0.0372922420501709,0.9034194946289062,0.3751,0.0010964899999999997,1.8965119123458862,0.15236949920654297,0.010597339078977308,0.3771,0.0004984899999999997,8.090985679626465,0.3619871139526367,0.008597339078977306
bn_n50_w6_uniform.bif,50,6,uniform,0.25,0.5,X44,1,0.489540734395372,0.042330026626586914,0.660980224609375,0.49720000000000003,0.0006713600000000006,1.9327733039855957,0.14660167694091797,0.0076592656046280405,0.48550000000000004,0.0005640500000000002,8.193146061897277,0.3717641830444336,0.004040734395371948
bn_n50_w6_uniform.bif,50,6,uniform,0.25,0.6,X44,1,0.6334899036624988,0.04284310340881348,0.6784133911132812,0.6367,0.0003276100000000006,1.9313647031784058,0.14939403533935547,0.003210096337501245,0.6355999999999999,0.0001498400000000003,8.211202216148376,0.41729259490966797,0.002110096337501144
bn_n50_w6_uniform.bif,50,6,uniform,0.25,0.7,X44,1,0.7145998521835356,0.04643607139587402,0.9095230102539062,0.7019,0.00023428999999999936,2.1191577911376953,0.14645671844482422,0.012699852183535643,0.7077999999999999,8.816000000000015e-05,8.977272987365723,0.42115306854248047,0.006799852183535737
bn_n50_w6_uniform.bif,50,6,uniform,0.25,0.8,X44,1,0.7595847696013557,0.045327186584472656,0.6937332153320312,0.7525999999999999,0.0002198400000000004,1.8834821224212646,0.18318462371826172,0.006984769601355745,0.7534,0.00017404000000000033,7.933907747268677,0.3817319869995117,0.006184769601355722
bn_n50_w6_uniform.bif,50,6,uniform,0.25,0.9,X44,1,0.897895180238452,0.03894352912902832,0.5956497192382812,0.898,0.00010380000000000018,1.6691614151000977,0.17287731170654297,0.00010481976154796957,0.8961,0.00010689000000000019,6.97913875579834,0.2985105514526367,0.0017951802384520432
bn_n50_w6_uniform.bif,50,6,uniform,0.25,1.0,X44,1,1.0,0.03768014907836914,0.5159683227539062,1.0,0.0,1.2031363725662232,0.11272716522216797,0.0,1.0,0.0,5.021799230575562,0.23571300506591797,0.0
