Network,N_Nodes,Density,Rigidity,Hidden_Ratio,Target_Bucket,Target_Node,Target_Value,Exact_SDP,Exact_Time_sec,Exact_Peak_Memory_MB,MCMC_Mean_SDP,MCMC_Variance,MCMC_Avg_Time_sec,MCMC_Peak_Memory_MB,Absolute_Error,PT_MCMC_Mean_SDP,PT_MCMC_Variance,PT_MCMC_Avg_Time_sec,PT_Peak_Memory_MB,PT_Absolute_Error
bn_n100_w2_rigid_moderate.bif,100,2,rigid_moderate,0.25,0.4,X44,1,0.43382970132489257,0.042428016662597656,0.77777099609375,0.4364,0.00015424000000000029,1.0154301881790162,0.16596412658691406,0.002570298675107441,0.4295999999999999,0.00022364000000000037,4.169375395774841,0.2818899154663086,0.004229701324892643
bn_n100_w2_rigid_moderate.bif,100,2,rigid_moderate,0.25,0.5,X44,1,0.5123284941013413,0.03500008583068848,0.7933349609375,0.5095,0.0004384500000000007,1.0036941766738892,0.16532421112060547,0.002828494101341339,0.516,0.00031740000000000056,4.0822117805480955,0.28473567962646484,0.0036715058986587223
bn_n100_w2_rigid_moderate.bif,100,2,rigid_moderate,0.25,0.6,X44,1,0.6168352259207102,0.0414433479309082,0.7557449340820312,0.6162,0.0002927600000000005,0.903153657913208,0.16125011444091797,0.0006352259207101918,0.6214000000000001,0.0003432400000000006,3.674256944656372,0.26340770721435547,0.004564774079289902
bn_n100_w2_rigid_moderate.bif,100,2,rigid_moderate,0.25,0.7,X44,1,0.695840649671367,0.04438519477844238,0.7881240844726562,0.6918,0.0001239599999999995,0.9403398752212524,0.16198253631591797,0.00404064967136708,0.6945999999999999,0.00010823999999999922,3.821818447113037,0.27052974700927734,0.0012406496713671666
bn_n100_w2_rigid_moderate.bif,100,2,rigid_moderate,0.25,0.8,X44,1,0.8094426361241986,0.04039359092712402,0.797882080078125,0.8088,0.00017815999999999926,0.9228328466415405,0.16269969940185547,0.0006426361241986811,0.8078,9.835999999999924e-05,3.7736008405685424,0.2728109359741211,0.001642636124198682
bn_n100_w2_rigid_moderate.bif,100,2,rigid_moderate,0.25,0.9,X44,1,0.856591140947241,0.04004859924316406,0.7813720703125,0.8571,5.1890000000000094e-05,0.914935827255249,0.16113567352294922,0.000508859052758992,0.8636000000000001,0.00015204000000000026,3.7432291507720947,0.26895809173583984,0.007008859052759164
bn_n100_w2_rigid_moderate.bif,100,2,rigid_moderate,0.25,1.0,X44,1,1.0,0.041640520095825195,0.8016128540039062,1.0,0.0,0.9745047569274903,0.16414165496826172,0.0,1.0,0.0,4.052521514892578,0.2827024459838867,0.0
bn_n100_w2_concentrated_bias_low.bif,100,2,concentrated_bias_low,0.25,0.4,X65,1,0.4463165441996152,0.04579043388366699,0.8248977661132812,0.4497999999999999,0.0006133599999999996,0.9894011497497559,0.1666126251220703,0.003483455800384727,0.45549999999999996,0.00022624999999999973,4.060917401313782,0.28050899505615234,0.009183455800384765
bn_n100_w2_concentrated_bias_low.bif,100,2,concentrated_bias_low,0.25,0.5,X65,1,0.5159957985469987,0.040045976638793945,0.7845535278320312,0.5132000000000001,0.0001131600000000002,0.9865592241287231,0.16514873504638672,0.002795798546998629,0.5169,0.00014829000000000028,4.074577832221985,0.27971553802490234,0.0009042014530012965
bn_n100_w2_concentrated_bias_low.bif,100,2,concentrated_bias_low,0.25,0.6,X65,1,0.5614947571890624,0.04273080825805664,0.7913131713867188,0.5647,0.0002234099999999991,0.9399813652038574,0.16157817840576172,0.003205242810937592,0.5651,8.388999999999937e-05,3.9174934148788454,0.27341365814208984,0.003605242810937659
bn_n100_w2_concentrated_bias_low.bif,100,2,concentrated_bias_low,0.25,0.7,X65,1,0.7272827335005764,0.05077075958251953,0.792755126953125,0.7261,0.00019029000000000035,0.9915532827377319,0.16641521453857422,0.001182733500576405,0.721,8.560000000000016e-05,4.025337505340576,0.29874229431152344,0.0062827335005763985
bn_n100_w2_concentrated_bias_low.bif,100,2,concentrated_bias_low,0.25,0.8,X65,1,0.8428878690857531,0.042769670486450195,0.7818527221679688,0.8478000000000001,0.00019696000000000036,1.023497724533081,0.16569805145263672,0.004912130914247026,0.8477,0.00017041000000000031,4.108687520027161,0.28404903411865234,0.004812130914246926
bn_n100_w2_concentrated_bias_low.bif,100,2,concentrated_bias_low,0.25,0.9,X65,1,0.8852112764403111,0.04012703895568848,0.7832260131835938,0.8869,9.329000000000017e-05,0.9342485427856445,0.16327953338623047,0.001688723559688965,0.8872,0.00018696000000000034,3.8195950508117678,0.26891231536865234,0.001988723559688932
bn_n100_w2_concentrated_bias_low.bif,100,2,concentrated_bias_low,0.25,1.0,X65,1,1.0,0.041898488998413086,0.7766799926757812,1.0,0.0,0.9755183935165406,0.16630077362060547,0.0,1.0,0.0,4.008712029457092,0.2776823043823242,0.0
bn_n100_w2_concentrated_bias_high.bif,100,2,concentrated_bias_high,0.25,0.4,X4,1,0.3509089303979716,0.038971662521362305,0.7682266235351562,0.34880000000000005,0.00013335999999999977,0.9462303876876831,0.1664752960205078,0.0021089303979715535,0.3433,0.00019140999999999977,3.9197401285171507,0.2792806625366211,0.007608930397971614
bn_n100_w2_concentrated_bias_high.bif,100,2,concentrated_bias_high,0.25,0.5,X4,1,0.4650931771759241,0.04314064979553223,0.7804336547851562,0.46630000000000005,0.00023400999999999977,0.9804858446121216,0.16643047332763672,0.0012068228240759704,0.4591,0.00020048999999999973,3.9988678693771362,0.2846517562866211,0.005993177175924069
bn_n100_w2_concentrated_bias_high.bif,100,2,concentrated_bias_high,0.25,0.8,X4,1,0.828130314071369,0.04307842254638672,0.79193115234375,0.8272999999999999,8.361000000000016e-05,0.8530810356140137,0.16037273406982422,0.0008303140713690205,0.8321,9.249000000000017e-05,3.48500235080719,0.26194286346435547,0.003969685928631006
bn_n100_w2_concentrated_bias_high.bif,100,2,concentrated_bias_high,0.25,0.9,X4,1,0.9495189992126007,0.0454559326171875,0.7582015991210938,0.9511999999999998,3.936000000000007e-05,0.9007184982299805,0.16169261932373047,0.0016810007873990784,0.9504999999999999,3.305000000000006e-05,3.689925479888916,0.2682781219482422,0.0009810007873991555
bn_n100_w2_concentrated_bias_high.bif,100,2,concentrated_bias_high,0.25,1.0,X4,1,0.9537873529662698,0.04105257987976074,0.75775146484375,0.9567,8.810000000000016e-06,0.9709993600845337,0.16242504119873047,0.0029126470337301757,0.9521,5.8900000000000105e-06,3.9632251024246217,0.2756032943725586,0.0016873529662698727
bn_n100_w2_rigid_extreme.bif,100,2,rigid_extreme,0.25,0.4,X76,1,0.39467814030299136,0.03756356239318848,0.8046035766601562,0.39380000000000004,0.0001637599999999997,0.9608258008956909,0.1649036407470703,0.000878140302991326,0.40020000000000006,9.675999999999996e-05,4.013224339485168,0.29205894470214844,0.005521859697008691
bn_n100_w2_rigid_extreme.bif,100,2,rigid_extreme,0.25,0.5,X76,1,0.5335644870037899,0.047338247299194336,0.797088623046875,0.5544,0.003026239999999998,0.9709640502929687,0.16636943817138672,0.020835512996210115,0.5378000000000001,0.0022673599999999986,4.096942257881165,0.28256893157958984,0.004235512996210167
bn_n100_w2_rigid_extreme.bif,100,2,rigid_extreme,0.25,0.6,X76,1,0.5824430309027551,0.04037189483642578,0.789520263671875,0.5824,0.0004600399999999995,0.8960924863815307,0.16190624237060547,4.303090275503685e-05,0.575,0.00035719999999999925,3.7639490604400634,0.27027034759521484,0.00744303090275511
bn_n100_w2_rigid_extreme.bif,100,2,rigid_extreme,0.25,0.7,X76,1,0.7404541964593698,0.042980194091796875,0.77288818359375,0.7394999999999999,0.00013845000000000025,1.0051210403442383,0.17088603973388672,0.0009541964593698937,0.7412,0.0001661600000000003,4.190586543083191,0.29304027557373047,0.0007458035406301411
bn_n100_w2_rigid_extreme.bif,100,2,rigid_extreme,0.25,0.8,X76,1,0.7616182156030069,0.04539823532104492,0.8424148559570312,0.757,0.00014320000000000028,0.9941933155059814,0.16765880584716797,0.004618215603006903,0.7668,0.00036696000000000065,4.278013896942139,0.28367137908935547,0.005181784396993128
bn_n100_w2_rigid_extreme.bif,100,2,rigid_extreme,0.25,0.9,X76,1,0.9001655724124729,0.04356193542480469,0.8059768676757812,0.9102,0.00015655999999999965,0.9880925416946411,0.16991710662841797,0.01003442758752715,0.8956,0.00019004000000000032,4.171419715881347,0.3139781951904297,0.004565572412472907
bn_n100_w2_rigid_extreme.bif,100,2,rigid_extreme,0.25,1.0,X76,1,1.0,0.04146599769592285,0.7687530517578125,1.0,0.0,0.9277311086654663,0.16302776336669922,0.0,1.0,0.0,3.9908355951309202,0.30220603942871094,0.0
bn_n100_w2_spread_bias_low.bif,100,2,spread_bias_low,0.25,0.6,X11,1,0.6309762139568482,0.040244340896606445,0.77935791015625,0.6266,7.144000000000013e-05,0.9756280183792114,0.16498851776123047,0.004376213956848174,0.6275999999999999,0.00025104000000000044,4.0873842477798465,0.27648067474365234,0.003376213956848284
bn_n100_w2_spread_bias_low.bif,100,2,spread_bias_low,0.25,0.7,X11,1,0.7039051100736186,0.04200887680053711,0.7732467651367188,0.7043999999999999,0.00020483999999999992,0.8935315608978271,0.16095256805419922,0.0004948899263813589,0.7172,0.00017776000000000036,3.7640456438064573,0.2911815643310547,0.013294889926381392
bn_n100_w2_spread_bias_low.bif,100,2,spread_bias_low,0.25,0.8,X11,1,0.7524581803611383,0.04286503791809082,0.7881851196289062,0.7597,0.00022101000000000035,0.9155096054077149,0.16317272186279297,0.007241819638861724,0.7531,0.00014869000000000029,3.9001548528671264,0.27045345306396484,0.0006418196388616737
bn_n100_w2_spread_bias_low.bif,100,2,spread_bias_low,0.25,0.9,X11,1,0.9153186113806422,0.04745292663574219,0.7710037231445312,0.9066000000000001,4.564000000000008e-05,0.9518028497695923,0.16233348846435547,0.008718611380642116,0.9142000000000001,4.916000000000009e-05,3.9262338876724243,0.27468013763427734,0.001118611380642065
bn_n100_w2_spread_bias_low.bif,100,2,spread_bias_low,0.25,1.0,X11,1,0.9998867088141385,0.04651784896850586,0.8097000122070312,1.0,0.0,0.8950366497039794,0.16116619110107422,0.0001132911858614527,0.9997,4.1000000000000084e-07,3.732210326194763,0.2646627426147461,0.00018670881413851426
bn_n100_w2_uncertain_moderate.bif,100,2,uncertain_moderate,0.25,0.4,X3,1,0.4485523853397307,0.04075145721435547,0.8051300048828125,0.4434,0.00013784000000000024,0.9929582834243774,0.16429424285888672,0.00515238533973067,0.44889999999999997,0.00031629,4.0886577606201175,0.2833852767944336,0.0003476146602692798
bn_n100_w2_uncertain_moderate.bif,100,2,uncertain_moderate,0.25,0.5,X3,1,0.507877727838903,0.04200458526611328,0.7825775146484375,0.5132000000000001,0.00014776000000000028,0.9617317914962769,0.16273021697998047,0.005322272161097152,0.5069000000000001,0.00010729000000000019,3.95608651638031,0.2778921127319336,0.0009777278389028199
bn_n100_w2_uncertain_moderate.bif,100,2,uncertain_moderate,0.25,0.6,X3,1,0.5975312487191436,0.045453786849975586,0.8315658569335938,0.5984999999999999,0.0002578500000000005,0.9693847894668579,0.16586589813232422,0.0009687512808562726,0.6015999999999999,0.0004202400000000007,3.9552146911621096,0.2825765609741211,0.004068751280856264
bn_n100_w2_uncertain_moderate.bif,100,2,uncertain_moderate,0.25,0.7,X3,1,0.7035820184604896,0.03591728210449219,0.80072021484375,0.7122999999999999,0.00018160999999999977,0.9377402544021607,0.16309642791748047,0.008717981539510311,0.7025,0.0002864499999999997,3.831378865242004,0.29985618591308594,0.0010820184604896088
bn_n100_w2_uncertain_moderate.bif,100,2,uncertain_moderate,0.25,0.8,X3,1,0.8150540243981623,0.042215824127197266,0.7686920166015625,0.8201999999999998,9.735999999999945e-05,0.9473824977874756,0.16544628143310547,0.005145975601837494,0.8109999999999999,9.019999999999935e-05,3.862129497528076,0.2692098617553711,0.004054024398162381
bn_n100_w2_uncertain_moderate.bif,100,2,uncertain_moderate,0.25,0.9,X3,1,0.8588479343357995,0.04273700714111328,0.7682037353515625,0.8608,9.616000000000016e-05,0.9258185863494873,0.16379833221435547,0.0019520656642004752,0.8609,7.589000000000014e-05,3.7786260843276978,0.2699728012084961,0.002052065664200464
bn_n100_w2_uncertain_moderate.bif,100,2,uncertain_moderate,0.25,1.0,X3,1,1.0,0.0437772274017334,0.797760009765625,1.0,0.0,0.9337369680404664,0.16382884979248047,0.0,1.0,0.0,3.84048171043396,0.2740163803100586,0.0
bn_n100_w2_spread_bias_high.bif,100,2,spread_bias_high,0.25,0.4,X2,1,0.416471825280472,0.04191780090332031,0.7738800048828125,0.42160000000000003,0.0003356399999999997,0.9715478420257568,0.16508769989013672,0.005128174719528034,0.4077,0.0005164099999999998,4.016488313674927,0.2810649871826172,0.00877182528047199
bn_n100_w2_spread_bias_high.bif,100,2,spread_bias_high,0.25,0.5,X2,1,0.4684466101917364,0.04330015182495117,0.7682342529296875,0.4681,0.0002464899999999998,0.9260338544845581,0.16383647918701172,0.000346610191736374,0.4681,0.0001364899999999997,3.7981589794158936,0.30644798278808594,0.000346610191736374
bn_n100_w2_spread_bias_high.bif,100,2,spread_bias_high,0.25,0.6,X2,1,0.5830959930450247,0.04224824905395508,0.7630157470703125,0.5781,0.00039168999999999896,0.9365427017211914,0.16557598114013672,0.004995993045024738,0.5768,0.00022495999999999923,3.8329335689544677,0.2733907699584961,0.006295993045024706
bn_n100_w2_spread_bias_high.bif,100,2,spread_bias_high,0.25,0.7,X2,1,0.725089823731631,0.040001630783081055,0.7630615234375,0.7233999999999999,0.0001672400000000003,1.0253593921661377,0.16688823699951172,0.0016898237316310682,0.7241,0.0002788900000000005,4.242260670661926,0.29317760467529297,0.0009898237316310343
bn_n100_w2_spread_bias_high.bif,100,2,spread_bias_high,0.25,0.8,X2,1,0.8095533372479633,0.040632009506225586,0.7745742797851562,0.8059000000000001,0.00015068999999999936,0.9457926034927369,0.16267681121826172,0.0036533372479632398,0.8057000000000001,0.00011280999999999954,3.8383392572402952,0.2843151092529297,0.0038533372479632177
bn_n100_w2_spread_bias_high.bif,100,2,spread_bias_high,0.25,0.9,X2,1,0.9408445799359496,0.04174613952636719,0.815338134765625,0.9422,5.655999999999968e-05,1.057691216468811,0.16559123992919922,0.0013554200640504277,0.9421999999999999,3.7959999999999684e-05,4.272636342048645,0.29450511932373047,0.0013554200640503167
bn_n100_w2_spread_bias_high.bif,100,2,spread_bias_high,0.25,1.0,X2,1,1.0,0.042400360107421875,0.7545166015625,1.0,0.0,0.9700572490692139,0.16533184051513672,0.0,1.0,0.0,3.9524423122406005,0.28068065643310547,0.0
bn_n100_w6_concentrated_bias_high.bif,100,6,concentrated_bias_high,0.25,1.0,X62,1,1.0,0.05550980567932129,11.875,1.0,0.0,1.4906530380249023,0.19768810272216797,0.0,1.0,0.0,6.21220178604126,0.38742637634277344,0.0
bn_n100_w2_uncertain_strong.bif,100,2,uncertain_strong,0.25,0.5,X42,1,0.5454865943658322,0.039186954498291016,0.773529052734375,0.5435000000000001,8.105000000000015e-05,0.9907406330108642,0.16607189178466797,0.0019865943658321505,0.5444000000000001,0.00032563999999999976,4.131481790542603,0.3124217987060547,0.0010865943658321386
bn_n100_w2_uncertain_strong.bif,100,2,uncertain_strong,0.25,0.6,X42,1,0.6047550785646291,0.043077945709228516,0.77130126953125,0.6025999999999999,0.0003396400000000006,1.0324319124221801,0.16720104217529297,0.0021550785646291537,0.599,0.00010300000000000019,4.313187217712402,0.2887411117553711,0.00575507856462909
bn_n100_w2_uncertain_strong.bif,100,2,uncertain_strong,0.25,0.7,X42,1,0.71466878145303,0.04241752624511719,0.7749786376953125,0.7149,6.48900000000001e-05,0.9219197273254395,0.16230297088623047,0.00023121854696994681,0.7141,7.669000000000015e-05,3.7622460603713987,0.28401756286621094,0.0005687814530300761
bn_n100_w2_uncertain_strong.bif,100,2,uncertain_strong,0.25,0.8,X42,1,0.7771210734344314,0.04295802116394043,0.7812118530273438,0.772,0.00021980000000000038,1.0200369119644166,0.16486644744873047,0.005121073434431356,0.7760000000000001,4.600000000000008e-05,4.04399299621582,0.2783231735229492,0.0011210734344312412
bn_n100_w2_uncertain_strong.bif,100,2,uncertain_strong,0.25,0.9,X42,1,0.8748290785967479,0.042325735092163086,0.7688522338867188,0.8759,6.969000000000011e-05,1.0355087280273438,0.16547679901123047,0.0010709214032521563,0.876,6.360000000000011e-05,4.182594108581543,0.30934715270996094,0.0011709214032521453
bn_n100_w2_uncertain_strong.bif,100,2,uncertain_strong,0.25,1.0,X42,1,1.0,0.04404139518737793,0.8158950805664062,1.0,0.0,1.0089593172073363,0.16681957244873047,0.0,1.0,0.0,4.14668972492218,0.3095836639404297,0.0
bn_n200_w2_concentrated_bias_low.bif,200,2,concentrated_bias_low,0.25,1.0,X14,1,1.0,0.08206558227539062,1.4613418579101562,1.0,0.0,0.9799760580062866,0.29403209686279297,0.0,1.0,0.0,3.9066742420196534,0.40088939666748047,0.0
bn_n100_w2_uniform.bif,100,2,uniform,0.25,0.4,X18,1,0.4426044920986268,0.04176139831542969,0.7610549926757812,0.442,0.00017640000000000033,0.9825624465942383,0.16398143768310547,0.0006044920986267854,0.44020000000000004,0.0002259600000000001,4.096308374404908,0.27970409393310547,0.0024044920986267537
bn_n100_w2_uniform.bif,100,2,uniform,0.25,0.5,X18,1,0.526651020581308,0.04215073585510254,0.7679367065429688,0.5308,0.00020336000000000036,0.9285186290740967,0.16023540496826172,0.004148979418692078,0.5332000000000001,0.0002269600000000004,3.809614372253418,0.26943111419677734,0.006548979418692147
bn_n100_w2_uniform.bif,100,2,uniform,0.25,0.6,X18,1,0.618608593679363,0.04222464561462402,0.7709579467773438,0.6055,0.00014565000000000026,0.9558220863342285,0.16516399383544922,0.013108593679363012,0.6187,4.561000000000009e-05,3.94936785697937,0.27791500091552734,9.140632063697751e-05
bn_n100_w2_uniform.bif,100,2,uniform,0.25,0.7,X18,1,0.6636800114032722,0.04159355163574219,0.76568603515625,0.6673000000000001,0.00027020999999999935,0.9244140386581421,0.16495037078857422,0.0036199885967279632,0.6639000000000002,0.00018828999999999984,3.786462354660034,0.2695150375366211,0.00021998859672800464
bn_n100_w2_uniform.bif,100,2,uniform,0.25,0.8,X18,1,0.8287508580297065,0.0460054874420166,0.7670135498046875,0.8203999999999999,6.043999999999955e-05,0.9172868013381958,0.16218852996826172,0.008350858029706587,0.8248000000000001,0.00016615999999999926,3.7710061073303223,0.26581478118896484,0.0039508580297064055
bn_n100_w2_uniform.bif,100,2,uniform,0.25,0.9,X18,1,0.9128614353611277,0.04253387451171875,0.7547225952148438,0.9142999999999999,0.00012701000000000024,0.9205169439315796,0.16371440887451172,0.001438564638872153,0.9169,3.209000000000006e-05,3.8719667196273804,0.27005672454833984,0.004038564638872311
bn_n100_w2_uniform.bif,100,2,uniform,0.25,1.0,X18,1,1.0,0.04237937927246094,0.7500228881835938,1.0,0.0,0.9411024808883667,0.16318798065185547,0.0,1.0,0.0,3.8779308557510377,0.2893657684326172,0.0
bn_n200_w2_concentrated_bias_high.bif,200,2,concentrated_bias_high,0.25,0.4,X105,1,0.4090179964438236,0.08183717727661133,1.4764556884765625,0.4095,0.00030304999999999986,0.9818718433380127,0.29395580291748047,0.00048200355617639135,0.4083,0.0006816099999999999,3.9751039505004884,0.40404796600341797,0.0007179964438235875
bn_n200_w2_concentrated_bias_high.bif,200,2,concentrated_bias_high,0.25,0.5,X105,1,0.4821216183973785,0.08255195617675781,1.437042236328125,0.48840000000000006,0.00033304000000000005,0.974262022972107,0.2973356246948242,0.006278381602621563,0.47409999999999997,0.00018908999999999975,4.015283703804016,0.4077596664428711,0.008021618397378527
bn_n200_w2_concentrated_bias_high.bif,200,2,concentrated_bias_high,0.25,0.6,X105,1,0.614064524920312,0.08298158645629883,1.4611892700195312,0.6102,0.00023956000000000042,0.9472970485687255,0.2933225631713867,0.0038645249203120846,0.6171,9.749000000000018e-05,3.8581753730773927,0.4023427963256836,0.0030354750796879326
bn_n200_w2_concentrated_bias_high.bif,200,2,concentrated_bias_high,0.25,0.7,X105,1,0.7131804700432055,0.08359861373901367,1.449188232421875,0.7177,0.00020041000000000034,0.9589262962341308,0.2966947555541992,0.004519529956794499,0.7129,0.00024649000000000047,3.9765140533447267,0.40418052673339844,0.0002804700432055274
bn_n200_w2_concentrated_bias_high.bif,200,2,concentrated_bias_high,0.25,0.8,X105,1,0.8196164485416366,0.08515548706054688,1.4712677001953125,0.8263999999999999,9.204000000000017e-05,0.9491869926452636,0.2938261032104492,0.0067835514583632905,0.8228,0.0003025599999999993,3.903651547431946,0.40098094940185547,0.003183551458363354
bn_n200_w2_concentrated_bias_high.bif,200,2,concentrated_bias_high,0.25,0.9,X105,1,0.9007247047050247,0.0884404182434082,1.4760208129882812,0.9024999999999999,0.0001620500000000003,0.9848037242889405,0.29296398162841797,0.00177529529497511,0.8988000000000002,7.356000000000014e-05,3.9314596176147463,0.4017171859741211,0.0019247047050245936
bn_n200_w2_concentrated_bias_high.bif,200,2,concentrated_bias_high,0.25,1.0,X105,1,1.0,0.08375835418701172,1.4572525024414062,1.0,0.0,0.9802569150924683,0.29690074920654297,0.0,1.0,0.0,4.055973601341248,0.4086446762084961,0.0
bn_n200_w2_rigid_moderate.bif,200,2,rigid_moderate,0.25,0.4,X113,1,0.4312245200462312,0.08185696601867676,1.5151519775390625,0.4327,0.00067061,1.0132754564285278,0.29729747772216797,0.001475479953768788,0.426,0.0016646000000000005,4.112761545181274,0.41295528411865234,0.005224520046231196
bn_n200_w2_rigid_moderate.bif,200,2,rigid_moderate,0.25,0.5,X113,1,0.5188509052779985,0.09057235717773438,1.5444183349609375,0.5146999999999999,0.00024341000000000046,0.9950814008712768,0.2955198287963867,0.004150905277998551,0.5283,0.0002982100000000005,4.066325259208679,0.3966970443725586,0.009449094722001505
bn_n200_w2_rigid_moderate.bif,200,2,rigid_moderate,0.25,0.6,X113,1,0.5505015653878553,0.09746813774108887,1.5430450439453125,0.5476,0.00034603999999999923,0.9719403743743896,0.29264354705810547,0.002901565387855354,0.5730000000000001,0.0008537999999999992,3.867990326881409,0.40538692474365234,0.022498434612144735
bn_n200_w2_rigid_moderate.bif,200,2,rigid_moderate,0.25,0.7,X113,1,0.6897643130792208,0.09177327156066895,1.5208206176757812,0.6907,0.00026600999999999903,0.9740325927734375,0.2944059371948242,0.0009356869207791663,0.6853,0.00034060999999999884,3.948770546913147,0.4040555953979492,0.004464313079220794
bn_n200_w2_rigid_moderate.bif,200,2,rigid_moderate,0.25,0.8,X113,1,0.8441137965697554,0.0897984504699707,1.50946044921875,0.8449,0.00010549000000000018,0.9747732162475586,0.2925596237182617,0.000786203430244603,0.8366,0.00016524000000000028,3.8594907760620116,0.4100522994995117,0.007513796569755371
bn_n200_w2_rigid_moderate.bif,200,2,rigid_moderate,0.25,0.9,X113,1,0.9276607119974842,0.08530354499816895,1.5227127075195312,0.9252,0.0005829599999999987,0.9517778158187866,0.29328441619873047,0.0024607119974842107,0.9271,0.0003248899999999992,3.816604256629944,0.4017057418823242,0.0005607119974841979
bn_n200_w2_rigid_moderate.bif,200,2,rigid_moderate,0.25,1.0,X113,1,0.9999142653803151,0.08746123313903809,1.519195556640625,1.0,0.0,1.002845048904419,0.2966032028198242,8.573461968486296e-05,0.9999,9.000000000000016e-08,4.13117549419403,0.41467952728271484,1.426538031512603e-05
bn_n200_w2_rigid_extreme.bif,200,2,rigid_extreme,0.25,0.5,X113,1,0.5063541948340832,0.07586264610290527,1.4665145874023438,0.5126,0.0003650400000000007,0.9972767114639283,0.2983579635620117,0.0062458051659167735,0.5132,0.0003887600000000007,4.1445252895355225,0.40871715545654297,0.006845805165916818
bn_n200_w2_rigid_extreme.bif,200,2,rigid_extreme,0.25,0.6,X113,1,0.6359948785134416,0.08351421356201172,1.4809494018554688,0.5271,0.06425668999999999,0.9398941278457642,0.2928495407104492,0.1088948785134416,0.603,0.013058800000000004,3.9486564874649046,0.3970479965209961,0.03299487851344163
bn_n200_w2_rigid_extreme.bif,200,2,rigid_extreme,0.25,0.7,X113,1,0.7386253846116293,0.08048772811889648,1.493255615234375,0.6920999999999999,0.060569689999999995,0.978477168083191,0.2953519821166992,0.04652538461162936,0.7477,0.010059410000000001,4.059321689605713,0.4123563766479492,0.009074615388370733
bn_n200_w2_rigid_extreme.bif,200,2,rigid_extreme,0.25,0.8,X113,1,0.8096327471572278,0.08633971214294434,1.5073318481445312,0.7926,0.02987504,0.9857102394104004,0.2954130172729492,0.0170327471572278,0.8542,0.00581556,4.069060826301575,0.41324520111083984,0.04456725284277219
bn_n200_w2_rigid_extreme.bif,200,2,rigid_extreme,0.25,0.9,X113,1,0.8801638855124877,0.08617949485778809,1.4925308227539062,0.8404999999999999,0.015104049999999997,1.0047258377075194,0.29658031463623047,0.039663885512487784,0.8409000000000001,0.00592849,4.143150377273559,0.41022396087646484,0.039263885512487606
bn_n200_w2_rigid_extreme.bif,200,2,rigid_extreme,0.25,1.0,X113,1,1.0,0.08340692520141602,1.4650115966796875,1.0,0.0,0.9918918609619141,0.29906749725341797,0.0,1.0,0.0,4.100991368293762,0.41173458099365234,0.0
bn_n200_w2_spread_bias_high.bif,200,2,spread_bias_high,0.25,0.4,X17,1,0.37282402003161275,0.08149099349975586,1.4418258666992188,0.3651,0.0003156900000000003,0.9446662902832031,0.2932920455932617,0.007724020031612766,0.363,0.0001614000000000003,3.783000087738037,0.3960866928100586,0.009824020031612757
bn_n200_w2_spread_bias_high.bif,200,2,spread_bias_high,0.25,0.5,X17,1,0.45782316271446716,0.08643341064453125,1.4794082641601562,0.4509,0.00025848999999999995,0.9540604591369629,0.29345226287841797,0.006923162714467135,0.45890000000000003,4.888999999999996e-05,3.958162617683411,0.4034757614135742,0.0010768372855328723
bn_n200_w2_spread_bias_high.bif,200,2,spread_bias_high,0.25,0.6,X17,1,0.5860474870629262,0.08474135398864746,1.4496078491210938,0.5954,0.00014064000000000028,0.9166386127471924,0.2900114059448242,0.009352512937073842,0.5877999999999999,0.0001787600000000003,3.741740012168884,0.3888387680053711,0.0017525129370736803
bn_n200_w2_spread_bias_high.bif,200,2,spread_bias_high,0.25,0.7,X17,1,0.7433001633780618,0.07909297943115234,1.4598922729492188,0.7424000000000001,0.0004340400000000007,0.9778221607208252,0.29323863983154297,0.000900163378061758,0.7404,0.00019964000000000033,3.9415793895721434,0.39992809295654297,0.0029001633780618707
bn_n200_w2_spread_bias_high.bif,200,2,spread_bias_high,0.25,0.8,X17,1,0.7872329876092901,0.09511733055114746,1.4713058471679688,0.793,0.00021819999999999972,0.9568700551986694,0.2921476364135742,0.00576701239070998,0.7861000000000001,0.00014929000000000027,3.8593492031097414,0.39418697357177734,0.001132987609289926
bn_n200_w2_spread_bias_high.bif,200,2,spread_bias_high,0.25,0.9,X17,1,0.8891565196472166,0.09148645401000977,1.4332962036132812,0.8851999999999999,0.00015436000000000028,0.9954442262649537,0.29458141326904297,0.003956519647216772,0.8844,0.0001116400000000002,3.9829915523529054,0.40281200408935547,0.004756519647216684
bn_n200_w2_spread_bias_high.bif,200,2,spread_bias_high,0.25,1.0,X17,1,1.0000000000000002,0.09237265586853027,1.4373016357421875,1.0,0.0,0.9697514772415161,0.2939329147338867,2.220446049250313e-16,1.0,0.0,3.8431276082992554,0.3963804244995117,2.220446049250313e-16
bn_n200_w2_spread_bias_low.bif,200,2,spread_bias_low,0.25,0.5,X71,1,0.518668461234311,0.08423590660095215,1.4749298095703125,0.5204000000000001,0.0005940400000000011,1.009443998336792,0.2967863082885742,0.0017315387656891001,0.5226,0.00025744000000000044,3.9443462610244753,0.40983104705810547,0.003931538765688969
bn_n200_w2_spread_bias_low.bif,200,2,spread_bias_low,0.25,0.6,X71,1,0.631485096164336,0.09102797508239746,1.4761581420898438,0.629,0.0004354000000000007,0.9874305725097656,0.29421520233154297,0.002485096164336009,0.6373,0.00038101000000000074,3.913710880279541,0.39641857147216797,0.005814903835663965
bn_n200_w2_spread_bias_low.bif,200,2,spread_bias_low,0.25,0.7,X71,1,0.7172582988202365,0.08847451210021973,1.4888381958007812,0.7213,5.0010000000000085e-05,1.0147523403167724,0.29275035858154297,0.004041701179763546,0.7151,0.00020069000000000033,3.98462553024292,0.4068326950073242,0.0021582988202365483
bn_n200_w2_spread_bias_low.bif,200,2,spread_bias_low,0.25,0.8,X71,1,0.7616065045706797,0.0880436897277832,1.4857864379882812,0.7551000000000001,4.149000000000008e-05,1.0079758167266846,0.29401683807373047,0.006506504570679583,0.7594999999999998,0.00022465000000000042,3.950917387008667,0.4018239974975586,0.0021065045706798458
bn_n200_w2_spread_bias_low.bif,200,2,spread_bias_low,0.25,0.9,X71,1,0.9394675536127255,0.08575749397277832,1.473236083984375,0.9425000000000001,4.224999999999972e-05,0.991140627861023,0.29517650604248047,0.0030324463872746232,0.9357999999999999,4.775999999999937e-05,3.9271164417266844,0.40088939666748047,0.003667553612725638
bn_n200_w2_spread_bias_low.bif,200,2,spread_bias_low,0.25,1.0,X71,1,0.9999999999999999,0.08443665504455566,1.47320556640625,1.0,0.0,1.0072356939315796,0.2977476119995117,1.1102230246251565e-16,1.0,0.0,3.9620564937591554,0.4053945541381836,1.1102230246251565e-16
bn_n200_w6_concentrated_bias_high.bif,200,6,concentrated_bias_high,0.25,0.5,X103,1,0.5325576420662141,0.09451007843017578,1.6127853393554688,0.5313999999999999,9.184000000000016e-05,1.081316637992859,0.30533885955810547,0.0011576420662142706,0.5364000000000001,0.00017964000000000033,4.4982370138168335,0.4633932113647461,0.003842357933785956
bn_n200_w6_concentrated_bias_high.bif,200,6,concentrated_bias_high,0.25,1.0,X103,1,1.0,0.09102034568786621,1.5793609619140625,1.0,0.0,1.01948025226593,0.30315685272216797,0.0,1.0,0.0,4.246221327781678,0.45138072967529297,0.0
bn_n200_w2_uncertain_moderate.bif,200,2,uncertain_moderate,0.25,0.4,X147,1,0.4001103998965136,0.08207440376281738,1.4707717895507812,0.40549999999999997,0.0001756499999999997,0.9676231145858765,0.29481029510498047,0.0053896001034863805,0.398,0.00021579999999999993,3.9165613651275635,0.39777660369873047,0.0021103998965135706
bn_n200_w2_uncertain_moderate.bif,200,2,uncertain_moderate,0.25,0.5,X147,1,0.47413311947573145,0.0819854736328125,1.4648895263671875,0.48089999999999994,0.00017048999999999998,0.9392056465148926,0.29212474822998047,0.006766880524268493,0.4768,0.00023755999999999972,3.813515615463257,0.39104747772216797,0.0026668805242685556
bn_n200_w2_uncertain_moderate.bif,200,2,uncertain_moderate,0.25,0.6,X147,1,0.6055423791564685,0.08330464363098145,1.4841537475585938,0.6054,0.0002912400000000005,0.9687315225601196,0.29560375213623047,0.0001423791564684196,0.6024,0.00016544000000000029,3.972585892677307,0.3943014144897461,0.0031423791564684223
bn_n200_w2_uncertain_moderate.bif,200,2,uncertain_moderate,0.25,0.7,X147,1,0.7102378868045516,0.08285260200500488,1.469818115234375,0.7111999999999999,0.00012875999999999968,0.9674848079681396,0.2926511764526367,0.0009621131954483664,0.7127,6.761000000000012e-05,3.949292516708374,0.3929433822631836,0.0024621131954484232
bn_n200_w2_uncertain_moderate.bif,200,2,uncertain_moderate,0.25,0.8,X147,1,0.761120068853156,0.08262467384338379,1.4632797241210938,0.7670000000000001,5.84000000000001e-05,0.9768838882446289,0.29172801971435547,0.005879931146844153,0.7621,0.0002292900000000004,3.9285093545913696,0.39297008514404297,0.0009799311468440264
bn_n200_w2_uncertain_moderate.bif,200,2,uncertain_moderate,0.25,0.9,X147,1,0.9404018211125917,0.08144116401672363,1.4749832153320312,0.9421999999999999,6.835999999999958e-05,0.9598809719085694,0.29293346405029297,0.001798178887408186,0.9392999999999999,5.5609999999999523e-05,3.950297474861145,0.38936901092529297,0.0011018211125918276
bn_n200_w2_uncertain_moderate.bif,200,2,uncertain_moderate,0.25,1.0,X147,1,1.0,0.07951235771179199,1.4507064819335938,1.0,0.0,0.9686233282089234,0.29581737518310547,0.0,1.0,0.0,3.932080125808716,0.41882896423339844,0.0
bn_n200_w2_uncertain_strong.bif,200,2,uncertain_strong,0.25,0.4,X172,1,0.40598980735067813,0.0816354751586914,1.4833984375,0.406,0.00013199999999999968,0.9986540079116821,0.29520702362060547,1.019264932189401e-05,0.40779999999999994,0.00012455999999999966,4.013341856002808,0.41839122772216797,0.0018101926493218068
bn_n200_w2_uncertain_strong.bif,200,2,uncertain_strong,0.25,0.5,X172,1,0.5231400631292527,0.08491873741149902,1.4448318481445312,0.5171,3.6090000000000056e-05,0.9754172086715698,0.2957792282104492,0.0060400631292526485,0.5267000000000002,0.0002346100000000004,3.917308807373047,0.4150571823120117,0.0035599368707475154
bn_n200_w2_uncertain_strong.bif,200,2,uncertain_strong,0.25,0.6,X172,1,0.6283446565575099,0.0851290225982666,1.4662017822265625,0.6335,0.00012845000000000025,1.009671139717102,0.2961301803588867,0.0051553434424900235,0.6210000000000001,0.00029020000000000055,4.138827991485596,0.4046926498413086,0.007344656557509821
bn_n200_w2_uncertain_strong.bif,200,2,uncertain_strong,0.25,0.7,X172,1,0.6734629359376897,0.08581876754760742,1.458099365234375,0.6771,0.00016208999999999945,1.0332269668579102,0.29627513885498047,0.0036370640623103467,0.6669,0.0002904899999999997,4.072136235237122,0.41564464569091797,0.00656293593768964
bn_n200_w2_uncertain_strong.bif,200,2,uncertain_strong,0.25,0.8,X172,1,0.776057134974843,0.08788013458251953,1.510056495666504,0.7793,9.841000000000016e-05,1.0328588962554932,0.2955808639526367,0.003242865025157027,0.7826000000000001,0.0001652400000000003,4.063885760307312,0.43358612060546875,0.0065428650251571074
bn_n200_w2_uncertain_strong.bif,200,2,uncertain_strong,0.25,0.9,X172,1,0.910628738059031,0.08717226982116699,1.4538650512695312,0.9120000000000001,4.480000000000008e-05,1.027675747871399,0.2977933883666992,0.0013712619409691484,0.9122,0.00011936000000000021,4.1640084981918335,0.41881370544433594,0.0015712619409690154
bn_n200_w2_uncertain_strong.bif,200,2,uncertain_strong,0.25,1.0,X172,1,1.0,0.08770036697387695,1.4770278930664062,1.0,0.0,1.0285080671310425,0.2966642379760742,0.0,1.0,0.0,4.026352739334106,0.44176483154296875,0.0
bn_n200_w6_concentrated_bias_low.bif,200,6,concentrated_bias_low,0.25,0.7,X136,1,0.7066264069309725,0.08968329429626465,1.6213531494140625,0.7001,0.0003442899999999997,1.0818598747253418,0.30218029022216797,0.006526406930972506,0.723,0.00019240000000000034,4.495620250701904,0.4502744674682617,0.016373593069027526
bn_n200_w6_concentrated_bias_low.bif,200,6,concentrated_bias_low,0.25,1.0,X136,1,1.0,0.08974957466125488,1.5673980712890625,1.0,0.0,1.0798391580581665,0.3053770065307617,0.0,1.0,0.0,4.421932625770569,0.45291805267333984,0.0
bn_n200_w2_uniform.bif,200,2,uniform,0.25,0.4,X196,1,0.44342563526115086,0.08263206481933594,1.5044746398925781,0.4466,0.00039384,0.9775197267532348,0.29284191131591797,0.0031743647388491336,0.4469,0.00019369,3.9205193758010863,0.42262840270996094,0.003474364738849156
bn_n200_w2_uniform.bif,200,2,uniform,0.25,0.5,X196,1,0.49901089039190505,0.08389973640441895,1.452362060546875,0.4968,0.00014036000000000024,0.9401265144348144,0.2933683395385742,0.0022108903919050293,0.499,0.00023360000000000047,3.743005609512329,0.3930654525756836,1.089039190504959e-05
bn_n200_w2_uniform.bif,200,2,uniform,0.25,0.6,X196,1,0.5862729090913508,0.08325576782226562,1.4621047973632812,0.5827,0.00016320999999999973,0.9912553071975708,0.29392528533935547,0.0035729090913507733,0.5887,0.00024341000000000046,3.9379321813583372,0.40439891815185547,0.002427090908649232
bn_n200_w2_uniform.bif,200,2,uniform,0.25,0.7,X196,1,0.7246182598155538,0.08370327949523926,1.4597320556640625,0.7232000000000001,0.0007065600000000013,0.9699910640716553,0.2931089401245117,0.0014182598155537685,0.7253000000000001,0.00021461000000000036,3.857186698913574,0.39351940155029297,0.0006817401844462223
bn_n200_w2_uniform.bif,200,2,uniform,0.25,0.8,X196,1,0.773671528493076,0.09097933769226074,1.4496688842773438,0.7755,7.745000000000013e-05,0.9635840654373169,0.2930173873901367,0.001828471506924001,0.7796000000000001,0.00018724000000000036,3.929155373573303,0.39556407928466797,0.0059284715069241045
bn_n200_w2_uniform.bif,200,2,uniform,0.25,0.9,X196,1,0.9324555128409002,0.08264970779418945,1.4539794921875,0.9366999999999999,2.5009999999999566e-05,0.9849857330322266,0.29448986053466797,0.004244487159099641,0.9304,5.703999999999963e-05,3.9402649641036986,0.4177122116088867,0.00205551284090022
bn_n200_w2_uniform.bif,200,2,uniform,0.25,1.0,X196,1,1.0,0.08354592323303223,1.4680633544921875,1.0,0.0,0.9751407146453858,0.29394054412841797,0.0,1.0,0.0,3.93916802406311,0.3978862762451172,0.0
bn_n200_w6_spread_bias_low.bif,200,6,spread_bias_low,0.25,1.0,X79,1,0.9877788747903693,0.09389972686767578,1.617706298828125,0.9883,1.121000000000002e-05,1.110352349281311,0.3054685592651367,0.0005211252096306573,0.9897,4.210000000000007e-06,4.413129901885986,0.4574575424194336,0.0019211252096307252
bn_n200_w6_rigid_extreme.bif,200,6,rigid_extreme,0.25,0.7,X132,1,0.7433204798059365,0.09556031227111816,28.8125,0.7573000000000001,0.003973609999999999,1.1325895071029664,0.3066587448120117,0.013979520194063566,0.7209,0.006969089999999999,4.697238445281982,0.47097301483154297,0.022420479805936533
bn_n200_w6_rigid_extreme.bif,200,6,rigid_extreme,0.25,0.9,X132,1,0.8607116225542714,0.08997082710266113,1.6390762329101562,0.8621000000000001,0.0038802900000000015,1.0884310483932496,0.30860424041748047,0.001388377445728728,0.8815999999999999,0.0010042400000000017,4.619149565696716,0.4669981002807617,0.02088837744572858
bn_n200_w6_rigid_extreme.bif,200,6,rigid_extreme,0.25,1.0,X132,1,0.999999350894673,0.09264326095581055,1.6120986938476562,1.0,0.0,1.1066507577896119,0.3069791793823242,6.491053270440972e-07,1.0,0.0,4.662136054039001,0.4622678756713867,6.491053270440972e-07
bn_n200_w6_uncertain_moderate.bif,200,6,uncertain_moderate,0.25,1.0,X101,1,1.0,0.09082365036010742,2.1515960693359375,1.0,0.0,1.1078446865081788,0.3084287643432617,0.0,1.0,0.0,4.608363556861877,0.47364330291748047,0.0
bn_n200_w6_rigid_moderate.bif,200,6,rigid_moderate,0.25,0.5,X17,1,0.4900855074369901,0.0891108512878418,1.6181182861328125,0.48020000000000007,0.0005343600000000003,1.1165297031402588,0.3046293258666992,0.009885507436990015,0.48950000000000005,0.00017585000000000002,4.546113848686218,0.46665477752685547,0.0005855074369900404
bn_n200_w6_rigid_moderate.bif,200,6,rigid_moderate,0.25,0.7,X17,1,0.7442224252603588,0.08988046646118164,1.6280288696289062,0.7411000000000001,0.00019389000000000035,1.026419496536255,0.3023252487182617,0.0031224252603586633,0.7462,0.0003331600000000006,4.246112322807312,0.45151805877685547,0.001977574739641219
bn_n200_w6_rigid_moderate.bif,200,6,rigid_moderate,0.25,0.9,X17,1,0.9374844796516261,0.09204959869384766,1.6785402297973633,0.9379,9.088999999999937e-05,1.183330273628235,0.30910778045654297,0.00041552034837388785,0.9368000000000001,0.00010135999999999923,4.828436350822448,0.4709157943725586,0.000684479651625991
bn_n200_w6_rigid_moderate.bif,200,6,rigid_moderate,0.25,1.0,X17,1,1.0,0.09070563316345215,1.5733642578125,1.0,0.0,1.1355098962783814,0.30422496795654297,0.0,1.0,0.0,4.688735938072204,0.4655332565307617,0.0
bn_n200_w6_spread_bias_high.bif,200,6,spread_bias_high,0.25,0.6,X152,1,0.619813506222854,0.09685587882995605,1.6262664794921875,0.6263000000000001,0.00012821000000000024,1.061253261566162,0.3055906295776367,0.006486493777146052,0.6143000000000001,0.00013041000000000024,4.3442809820175174,0.4515104293823242,0.005513506222853959
bn_n200_w6_spread_bias_high.bif,200,6,spread_bias_high,0.25,0.7,X152,1,0.6981941997522652,0.10101795196533203,1.7417192459106445,0.6936,0.00026003999999999903,1.0809834957122804,0.30680370330810547,0.00459419975226516,0.6956,0.00014823999999999952,4.399194693565368,0.4586782455444336,0.0025941997522651583
bn_n200_w6_spread_bias_high.bif,200,6,spread_bias_high,0.25,0.8,X152,1,0.8416729072477345,0.21255111694335938,833.6875,0.8405999999999999,0.00010164000000000017,1.1479633569717407,0.3082151412963867,0.001072907247734567,0.8403,6.761000000000012e-05,4.729108214378357,0.47271251678466797,0.0013729072477344229
bn_n200_w6_spread_bias_high.bif,200,6,spread_bias_high,0.25,0.9,X152,1,0.9426467572343165,0.093994140625,1.6811037063598633,0.9433999999999999,8.50399999999994e-05,1.1464633226394654,0.3083829879760742,0.0007532427656834484,0.9426,3.8839999999999615e-05,4.6609350681304935,0.4710378646850586,4.67572343164635e-05
bn_n200_w6_spread_bias_high.bif,200,6,spread_bias_high,0.25,1.0,X152,1,1.0,0.09131383895874023,1.6784868240356445,1.0,0.0,1.0874866485595702,0.30318737030029297,0.0,1.0,0.0,4.476036596298218,0.46018505096435547,0.0
bn_n200_w6_uncertain_strong.bif,200,6,uncertain_strong,0.25,0.4,X126,1,0.36238249221680086,0.0924072265625,1.5790252685546875,0.36239999999999994,0.00012364,1.0982189655303956,0.3067197799682617,1.7507783199088855e-05,0.3631,0.0001072900000000002,4.511596035957337,0.4612913131713867,0.0007175077831991228
bn_n200_w6_uncertain_strong.bif,200,6,uncertain_strong,0.25,0.7,X126,1,0.6538089862895993,0.09264159202575684,1.59063720703125,0.6487,0.0002500100000000005,1.0878350734710693,0.30404186248779297,0.0051089862895992155,0.6525000000000001,0.00015625000000000027,4.515489721298218,0.4642467498779297,0.00130898628959919
bn_n200_w6_uncertain_strong.bif,200,6,uncertain_strong,0.25,0.8,X126,1,0.8172329175239104,0.11610174179077148,193.8125,0.8157,0.00018480999999999896,1.1126604080200195,0.3060178756713867,0.001532917523910382,0.8219,9.288999999999942e-05,4.610991644859314,0.4648160934448242,0.004667082476089601
bn_n200_w6_uncertain_strong.bif,200,6,uncertain_strong,0.25,1.0,X126,1,1.0,0.08842301368713379,1.55865478515625,1.0,0.0,1.0666137218475342,0.30434703826904297,0.0,1.0,0.0,4.369977974891663,0.45769405364990234,0.0
bn_n200_w6_uniform.bif,200,6,uniform,0.25,0.4,X150,1,0.37692022863946906,0.08912014961242676,1.7062883377075195,0.37940000000000007,0.0005166399999999999,1.1564749240875245,0.30942821502685547,0.0024797713605310134,0.37,0.00037360000000000014,4.772844028472901,0.47097301483154297,0.0069202286394690615
bn_n200_w6_uniform.bif,200,6,uniform,0.25,0.5,X150,1,0.5332314389722861,0.08947038650512695,1.6344528198242188,0.5406000000000001,0.00026904000000000045,1.086436939239502,0.3065214157104492,0.0073685610277139935,0.5216000000000001,0.0001848400000000003,4.524914169311524,0.4658803939819336,0.011631438972286023
bn_n200_w6_uniform.bif,200,6,uniform,0.25,0.6,X150,1,0.5724180520337074,0.09853959083557129,1.6370773315429688,0.5758,0.00028595999999999906,1.1611801862716675,0.31256771087646484,0.0033819479662925422,0.5683,0.0004596099999999989,4.8435842275619505,0.4694395065307617,0.004118052033707409
bn_n200_w6_uniform.bif,200,6,uniform,0.25,0.7,X150,1,0.6542806717629817,0.09293413162231445,1.6307525634765625,0.647,0.00045460000000000086,1.1270065784454346,0.3118619918823242,0.007280671762981639,0.6603,0.0005424099999999994,4.720290613174439,0.4673452377319336,0.00601932823701834
bn_n200_w6_uniform.bif,200,6,uniform,0.25,0.8,X150,1,0.7908794663700796,0.09756207466125488,1.678959846496582,0.7783,0.0008694100000000007,1.1178586721420287,0.3106260299682617,0.012579466370079562,0.8109,0.0009060899999999989,4.577024221420288,0.46731090545654297,0.0200205336299204
bn_n200_w6_uniform.bif,200,6,uniform,0.25,0.9,X150,1,0.8560350975670004,0.0909879207611084,1.6027603149414062,0.8506999999999998,0.00010101000000000016,1.079135012626648,0.30668163299560547,0.0053350975670005685,0.8543,0.0001594100000000003,4.491205263137817,0.46757030487060547,0.0017350975670004098
bn_n200_w6_uniform.bif,200,6,uniform,0.25,1.0,X150,1,1.0,0.09202218055725098,1.6994524002075195,1.0,0.0,1.0419641733169556,0.3052854537963867,0.0,1.0,0.0,4.463150453567505,0.4538450241088867,0.0
bn_n20_w2_concentrated_bias_high.bif,20,2,concentrated_bias_high,0.25,0.4,X18,1,0.4299777957361081,0.009868383407592773,0.20413589477539062,0.4335,0.00035185000000000023,1.009792447090149,0.07921791076660156,0.0035222042638918816,0.43130000000000007,8.281000000000015e-05,4.210114192962647,0.1861705780029297,0.0013222042638919573
bn_n20_w2_concentrated_bias_high.bif,20,2,concentrated_bias_high,0.25,0.5,X18,1,0.46896459454742523,0.010411262512207031,0.21726608276367188,0.46320000000000006,0.00048575999999999985,1.115569806098938,0.08373451232910156,0.0057645945474251725,0.45899999999999996,0.0003268,4.784436631202698,0.2014446258544922,0.009964594547425265
bn_n20_w2_concentrated_bias_high.bif,20,2,concentrated_bias_high,0.25,0.6,X18,1,0.6273107675166546,0.009630203247070312,0.20392227172851562,0.6265999999999999,0.0002494400000000004,1.1179261922836303,0.08377265930175781,0.0007107675166546645,0.6307,0.0001024100000000002,4.516219162940979,0.1817760467529297,0.003389232483345439
bn_n20_w2_concentrated_bias_high.bif,20,2,concentrated_bias_high,0.25,0.7,X18,1,0.7403081418035836,0.009891986846923828,0.20238876342773438,0.7346999999999999,5.5410000000000095e-05,1.222770094871521,0.08383369445800781,0.0056081418035837105,0.7491000000000001,0.00027269000000000045,5.179179787635803,0.2086315155029297,0.00879185819641648
bn_n20_w2_concentrated_bias_high.bif,20,2,concentrated_bias_high,0.25,0.8,X18,1,0.7983567128078698,0.009914875030517578,0.18992233276367188,0.7978,0.00019855999999999945,0.9198859691619873,0.07625770568847656,0.0005567128078698413,0.7975,6.00500000000001e-05,3.883609080314636,0.1613292694091797,0.0008567128078698083
bn_n20_w2_concentrated_bias_high.bif,20,2,concentrated_bias_high,0.25,0.9,X18,1,0.9406913111929333,0.009152650833129883,0.19164657592773438,0.9372,3.095999999999954e-05,1.1566915273666383,0.07856178283691406,0.003491311192933222,0.9415000000000001,2.8849999999999753e-05,4.730432939529419,0.2064800262451172,0.0008086888070668596
bn_n20_w2_concentrated_bias_high.bif,20,2,concentrated_bias_high,0.25,1.0,X18,1,0.9999999999999999,0.009606361389160156,0.19794845581054688,1.0,0.0,0.98339364528656,0.08053779602050781,1.1102230246251565e-16,1.0,0.0,4.134046816825867,0.1726207733154297,1.1102230246251565e-16
bn_n20_w2_concentrated_bias_low.bif,20,2,concentrated_bias_low,0.25,0.4,X8,1,0.4306295054851787,0.009894132614135742,0.19103622436523438,0.4199,0.0002468899999999997,0.8841434240341186,0.07414436340332031,0.010729505485178703,0.4284,0.00017084,3.683643364906311,0.1599712371826172,0.0022295054851786955
bn_n20_w2_concentrated_bias_low.bif,20,2,concentrated_bias_low,0.25,0.6,X8,1,0.6146291694998595,0.009318113327026367,0.18990707397460938,0.6164,7.884000000000013e-05,0.8065805196762085,0.07098579406738281,0.0017708305001404856,0.618,0.00013380000000000024,3.37608916759491,0.1463756561279297,0.0033708305001405314
bn_n20_w2_concentrated_bias_low.bif,20,2,concentrated_bias_low,0.25,0.7,X8,1,0.7448769272991036,0.009481430053710938,0.19667434692382812,0.7398,0.00016876000000000027,1.0286452054977417,0.08218574523925781,0.005076927299103584,0.7434999999999998,0.0001722500000000003,4.3237241983413695,0.1940288543701172,0.0013769272991037695
bn_n20_w2_concentrated_bias_low.bif,20,2,concentrated_bias_low,0.25,0.8,X8,1,0.8332837045813988,0.01008296012878418,0.20770645141601562,0.8207999999999999,7.69599999999995e-05,1.0858858823776245,0.08315467834472656,0.012483704581398913,0.8324999999999999,0.00024265000000000042,4.565842080116272,0.1950206756591797,0.0007837045813988697
bn_n20_w2_concentrated_bias_low.bif,20,2,concentrated_bias_low,0.25,0.9,X8,1,0.9218962470772064,0.010594606399536133,0.21865463256835938,0.9224,2.304000000000004e-05,1.1056975364685058,0.08343696594238281,0.0005037529227935877,0.9228,2.156000000000004e-05,4.646547460556031,0.1988658905029297,0.0009037529227935437
bn_n20_w2_concentrated_bias_low.bif,20,2,concentrated_bias_low,0.25,1.0,X8,1,1.0,0.00931406021118164,0.18534469604492188,1.0,0.0,0.9954848289489746,0.07962989807128906,0.0,1.0,0.0,4.111424803733826,0.17085838317871094,0.0
bn_n20_w2_rigid_extreme.bif,20,2,rigid_extreme,0.25,0.4,X3,1,0.42550743160686344,0.00839376449584961,0.17441940307617188,0.4335,0.00023185000000000038,0.5888360261917114,0.06213569641113281,0.007992568393136557,0.4168,0.0002273599999999998,2.5416826963424684,0.11153221130371094,0.008707431606863436
bn_n20_w2_rigid_extreme.bif,20,2,rigid_extreme,0.25,0.5,X3,1,0.4934584824151923,0.010617256164550781,0.20100021362304688,0.49139999999999995,7.984000000000014e-05,1.1663736343383788,0.08780860900878906,0.002058482415192353,0.4936999999999999,0.00019361000000000004,4.958199596405029,0.2080211639404297,0.00024151758480761565
bn_n20_w2_rigid_extreme.bif,20,2,rigid_extreme,0.25,0.6,X3,1,0.5868613781636297,0.01157379150390625,0.20401382446289062,0.5823,0.00021900999999999982,0.9351421356201172,0.08036231994628906,0.00456137816362967,0.5803,0.00010161000000000017,3.9538166522979736,0.1652355194091797,0.006561378163629672
bn_n20_w2_rigid_extreme.bif,20,2,rigid_extreme,0.25,0.7,X3,1,0.6774350940109405,0.012369155883789062,0.21699905395507812,0.6736000000000001,0.00027363999999999964,0.8626052618026734,0.07196998596191406,0.0038350940109403986,0.6767000000000001,8.380999999999946e-05,3.587928795814514,0.1601696014404297,0.0007350940109404069
bn_n20_w2_rigid_extreme.bif,20,2,rigid_extreme,0.25,0.8,X3,1,0.8255805307335102,0.010029315948486328,0.19505691528320312,0.8237999999999998,0.00011935999999999967,0.7374805927276611,0.06737709045410156,0.001780530733510477,0.8201999999999998,8.255999999999933e-05,3.084323191642761,0.1321544647216797,0.0053805307335104136
bn_n20_w2_rigid_extreme.bif,20,2,rigid_extreme,0.25,0.9,X3,1,0.9181590250286815,0.012260913848876953,0.23452377319335938,0.9227000000000001,6.20100000000001e-05,1.6695416688919067,0.10828590393066406,0.0045409749713185565,0.9175000000000001,2.7850000000000054e-05,7.054090690612793,0.2424602508544922,0.0006590250286814259
bn_n20_w2_rigid_extreme.bif,20,2,rigid_extreme,0.25,1.0,X3,1,0.9999999999999999,0.01007843017578125,0.20838546752929688,1.0,0.0,1.3546542882919312,0.08966255187988281,1.1102230246251565e-16,1.0,0.0,5.505789566040039,0.21034812927246094,1.1102230246251565e-16
bn_n20_w2_rigid_moderate.bif,20,2,rigid_moderate,0.25,0.4,X4,1,0.43031543297647246,0.011126995086669922,0.18632125854492188,0.4391,0.00025109000000000047,0.9111162424087524,0.07099342346191406,0.008784567023527534,0.4267,0.0004998100000000002,3.850634002685547,0.1588878631591797,0.0036154329764724324
bn_n20_w2_rigid_moderate.bif,20,2,rigid_moderate,0.25,0.5,X4,1,0.5072627912270302,0.010994672775268555,0.22382736206054688,0.5111,0.00010849000000000019,1.3081137418746949,0.08834266662597656,0.00383720877296978,0.5019,0.00013709000000000025,5.3883954048156735,0.2102947235107422,0.005362791227030206
bn_n20_w2_rigid_moderate.bif,20,2,rigid_moderate,0.25,0.6,X4,1,0.5713931272925115,0.009840726852416992,0.18263626098632812,0.5784999999999999,0.0002346499999999994,0.8481093168258667,0.07114601135253906,0.007106872707488443,0.5725,0.00029824999999999915,3.699013590812683,0.1464824676513672,0.0011068727074885487
bn_n20_w2_rigid_moderate.bif,20,2,rigid_moderate,0.25,0.7,X4,1,0.6717324735523645,0.01032876968383789,0.19179153442382812,0.6723,0.00011300999999999984,1.0140554666519166,0.07956886291503906,0.0005675264476354691,0.6725,0.00025404999999999905,4.243007063865662,0.1737041473388672,0.0007675264476354471
bn_n20_w2_rigid_moderate.bif,20,2,rigid_moderate,0.25,0.8,X4,1,0.8150925318274731,0.012109041213989258,0.22887802124023438,0.8107,0.00020600999999999917,1.4354039430618286,0.09070014953613281,0.004392531827473123,0.8137000000000001,0.000207609999999999,5.9287889242172245,0.24693870544433594,0.0013925318274730092
bn_n20_w2_rigid_moderate.bif,20,2,rigid_moderate,0.25,0.9,X4,1,0.893698080812796,0.011114358901977539,0.21608352661132812,0.8896,0.00010924000000000018,1.0977075576782227,0.07855415344238281,0.004098080812796057,0.8979000000000001,5.64900000000001e-05,4.43029043674469,0.1849346160888672,0.0042019191872041395
bn_n20_w2_rigid_moderate.bif,20,2,rigid_moderate,0.25,1.0,X4,1,1.0,0.009338140487670898,0.17822647094726562,1.0,0.0,0.6892495393753052,0.06486701965332031,0.0,1.0,0.0,2.9558682680130004,0.12093925476074219,0.0
bn_n20_w2_spread_bias_high.bif,20,2,spread_bias_high,0.25,0.4,X16,1,0.4263999305354148,0.010724544525146484,0.22572708129882812,0.43229999999999996,0.00014261000000000026,1.3902201175689697,0.09257698059082031,0.005900069464585156,0.4307,0.0002230100000000004,5.127390813827515,0.2204875946044922,0.004300069464585221
bn_n20_w2_spread_bias_high.bif,20,2,spread_bias_high,0.25,0.5,X16,1,0.47272670410159523,0.010371685028076172,0.20154953002929688,0.4763,0.00017420999999999978,1.150012993812561,0.08025550842285156,0.0035732958984047714,0.4701999999999999,0.00019115999999999968,4.521023058891297,0.1776866912841797,0.002526704101595334
bn_n20_w2_spread_bias_high.bif,20,2,spread_bias_high,0.25,0.6,X16,1,0.5924619682833884,0.008991479873657227,0.18285751342773438,0.5889,0.00030928999999999977,0.8747860431671143,0.06776618957519531,0.0035619682833883948,0.5893999999999999,0.00015964000000000025,3.783088541030884,0.1481761932373047,0.00306196828338845
bn_n20_w2_spread_bias_high.bif,20,2,spread_bias_high,0.25,0.7,X16,1,0.669624292309715,0.01041555404663086,0.22605514526367188,0.668,0.00015140000000000026,1.2869823455810547,0.08767127990722656,0.0016242923097149475,0.6697,7.800999999999971e-05,5.07909128665924,0.2163829803466797,7.570769028497626e-05
bn_n20_w2_spread_bias_high.bif,20,2,spread_bias_high,0.25,0.8,X16,1,0.7502685929640018,0.010377645492553711,0.19148635864257812,0.7464999999999999,0.00046285000000000087,0.9669593334197998,0.07566261291503906,0.0037685929640018934,0.7521,7.549000000000013e-05,3.921201300621033,0.1572551727294922,0.001831407035998156
bn_n20_w2_spread_bias_high.bif,20,2,spread_bias_high,0.25,0.9,X16,1,0.8890124982892028,0.010072469711303711,0.19908523559570312,0.8876999999999999,0.0002040100000000004,0.9024172067642212,0.07147407531738281,0.0013124982892028791,0.8867,5.6810000000000095e-05,3.7291054725646973,0.1491374969482422,0.002312498289202769
bn_n20_w2_spread_bias_high.bif,20,2,spread_bias_high,0.25,1.0,X16,1,1.0,0.009031057357788086,0.18892288208007812,1.0,0.0,0.9336844205856323,0.07296943664550781,0.0,1.0,0.0,3.5739473581314085,0.1434001922607422,0.0
bn_n20_w2_spread_bias_low.bif,20,2,spread_bias_low,0.25,0.4,X13,1,0.389499727476893,0.010911941528320312,0.19663619995117188,0.38710000000000006,0.00016369000000000003,0.8105675935745239,0.07093238830566406,0.002399727476892932,0.39960000000000007,0.00045704,3.3780034303665163,0.14531517028808594,0.010100272523107079
bn_n20_w2_spread_bias_low.bif,20,2,spread_bias_low,0.25,0.5,X13,1,0.5255150581436119,0.011642932891845703,0.23881149291992188,0.5235000000000001,0.00022465000000000036,1.457579493522644,0.09877967834472656,0.002015058143611803,0.5274,0.00014224000000000024,6.129529094696045,0.2071971893310547,0.0018849418563881004
bn_n20_w2_spread_bias_low.bif,20,2,spread_bias_low,0.25,0.6,X13,1,0.6497604639609552,0.01267099380493164,0.240203857421875,0.6428999999999999,0.00022389000000000038,1.431142807006836,0.10466194152832031,0.006860463960955299,0.6458,0.0002683600000000005,6.0525370836257935,0.2180309295654297,0.003960463960955174
bn_n20_w2_spread_bias_low.bif,20,2,spread_bias_low,0.25,0.7,X13,1,0.6921849178636628,0.011156082153320312,0.22364425659179688,0.6942,0.00016715999999999904,1.0349725246429444,0.08133888244628906,0.002015082136337276,0.6924,0.0002610399999999991,4.349568295478821,0.1870861053466797,0.00021508213633725237
bn_n20_w2_spread_bias_low.bif,20,2,spread_bias_low,0.25,0.8,X13,1,0.8427721093978338,0.010367393493652344,0.20975875854492188,0.8414999999999999,0.00013065000000000025,0.8950359344482421,0.07425880432128906,0.0012721093978338427,0.8434999999999999,0.00011965000000000022,3.823407697677612,0.1611003875732422,0.0007278906021661591
bn_n20_w2_spread_bias_low.bif,20,2,spread_bias_low,0.25,0.9,X13,1,0.9326926101635913,0.010881423950195312,0.20926284790039062,0.9349999999999999,2.979999999999954e-05,1.2480476379394532,0.10387611389160156,0.0023073898364086576,0.9317,5.6009999999999526e-05,5.2937029838562015,0.2067699432373047,0.000992610163591312
bn_n20_w2_spread_bias_low.bif,20,2,spread_bias_low,0.25,1.0,X13,1,1.0,0.0124969482421875,0.19945144653320312,1.0,0.0,0.9041880607604981,0.07489967346191406,0.0,1.0,0.0,3.8623268365859986,0.1612224578857422,0.0
bn_n20_w2_uncertain_moderate.bif,20,2,uncertain_moderate,0.25,0.5,X3,1,0.5494831961036504,0.010499715805053711,0.19147872924804688,0.55,0.0003793999999999993,1.29681499004364,0.09572029113769531,0.0005168038963496713,0.5445000000000001,0.00015504999999999962,5.349759411811829,0.2286205291748047,0.004983196103650278
bn_n20_w2_uncertain_moderate.bif,20,2,uncertain_moderate,0.25,0.6,X3,1,0.5584979693292436,0.00969552993774414,0.19347000122070312,0.554,0.00019799999999999896,1.2827575922012329,0.08957099914550781,0.004497969329243512,0.5545,0.0001994499999999994,5.302052617073059,0.2115612030029297,0.003997969329243567
bn_n20_w2_uncertain_moderate.bif,20,2,uncertain_moderate,0.25,0.7,X3,1,0.7296483691482293,0.010017633438110352,0.19958114624023438,0.7352000000000001,0.0002873600000000005,1.313171935081482,0.08238410949707031,0.005551630851770795,0.7319999999999999,0.00012780000000000023,5.563871669769287,0.2198314666748047,0.002351630851770592
bn_n20_w2_uncertain_moderate.bif,20,2,uncertain_moderate,0.25,0.8,X3,1,0.7962642590800355,0.009932279586791992,0.20158004760742188,0.7917,0.00018220999999999965,1.2590645551681519,0.09137916564941406,0.004564259080035549,0.7979999999999999,0.00014699999999999978,5.02553699016571,0.2115612030029297,0.0017357409199644236
bn_n20_w2_uncertain_moderate.bif,20,2,uncertain_moderate,0.25,0.9,X3,1,0.9433526424885194,0.01151418685913086,0.21782302856445312,0.9461999999999999,3.396000000000006e-05,1.3567973613739013,0.09349250793457031,0.002847357511480575,0.9417,7.720999999999927e-05,5.549934196472168,0.2279644012451172,0.0016526424885193736
bn_n20_w2_uncertain_moderate.bif,20,2,uncertain_moderate,0.25,1.0,X3,1,0.9999999999999999,0.009441375732421875,0.17673110961914062,1.0,0.0,0.8432982444763184,0.07066535949707031,1.1102230246251565e-16,1.0,0.0,3.558956027030945,0.14462852478027344,1.1102230246251565e-16
bn_n20_w2_uncertain_strong.bif,20,2,uncertain_strong,0.25,0.6,X1,1,0.6291431292646739,0.009069442749023438,0.18004226684570312,0.6236,0.00014944000000000028,0.9014690160751343,0.07116889953613281,0.005543129264673818,0.6309,0.00025729000000000046,3.3993982315063476,0.1467266082763672,0.0017568707353261548
bn_n20_w2_uncertain_strong.bif,20,2,uncertain_strong,0.25,0.7,X1,1,0.7016620510057283,0.011206388473510742,0.2164306640625,0.7086,6.424000000000012e-05,1.389548945426941,0.09610176086425781,0.006937948994271692,0.7041,0.00014308999999999963,6.080490255355835,0.2045269012451172,0.0024379489942716326
bn_n20_w2_uncertain_strong.bif,20,2,uncertain_strong,0.25,0.8,X1,1,0.7611650650441102,0.009749174118041992,0.18884658813476562,0.7567,0.0003352100000000006,1.004550075531006,0.07651710510253906,0.00446506504411015,0.7613,6.521000000000012e-05,3.873470592498779,0.1671733856201172,0.0001349349558897872
bn_n20_w2_uncertain_strong.bif,20,2,uncertain_strong,0.25,0.9,X1,1,0.8647915987241599,0.007248878479003906,0.20854568481445312,0.8672000000000001,0.0001035600000000002,1.0167044878005982,0.08265876770019531,0.0024084012758401885,0.8606,4.344000000000008e-05,4.282684707641602,0.1834239959716797,0.004191598724159862
bn_n20_w2_uncertain_strong.bif,20,2,uncertain_strong,0.25,1.0,X1,1,1.0,0.009499311447143555,0.18265914916992188,1.0,0.0,0.985483980178833,0.08017158508300781,0.0,1.0,0.0,4.212594366073608,0.1857128143310547,0.0
bn_n20_w2_uniform.bif,20,2,uniform,0.25,0.4,X3,1,0.38440554343490296,0.009940385818481445,0.20476150512695312,0.3869,0.0002540899999999999,1.1825945854187012,0.08085060119628906,0.0024944565650970585,0.3916,0.0003392399999999999,4.432862758636475,0.1843547821044922,0.0071944565650970405
bn_n20_w2_uniform.bif,20,2,uniform,0.25,0.5,X3,1,0.5243863461555095,0.013078689575195312,0.22886276245117188,0.5213,0.00022441000000000035,1.22091965675354,0.08867073059082031,0.0030863461555095117,0.5212,0.0002235600000000004,5.198861837387085,0.2236003875732422,0.0031863461555095007
bn_n20_w2_uniform.bif,20,2,uniform,0.25,0.6,X3,1,0.6302023418569018,0.01028895378112793,0.19887161254882812,0.6251,0.0001816900000000003,0.9191738843917847,0.07661628723144531,0.0051023418569018375,0.6347999999999999,0.0001699600000000003,3.762435698509216,0.1635875701904297,0.004597658143098093
bn_n20_w2_uniform.bif,20,2,uniform,0.25,0.7,X3,1,0.6621984188437346,0.012055635452270508,0.22552871704101562,0.6645000000000001,0.0001116500000000002,1.2201266765594483,0.09126472473144531,0.002301581156265442,0.6599999999999999,0.00015120000000000026,5.268497443199157,0.2152996063232422,0.0021984188437347285
bn_n20_w2_uniform.bif,20,2,uniform,0.25,0.8,X3,1,0.7659712848041901,0.011276960372924805,0.18815231323242188,0.7654,0.0003392400000000006,0.8802592754364014,0.07447242736816406,0.0005712848041901086,0.7582000000000001,0.00020216000000000035,3.518887448310852,0.1434612274169922,0.007771284804189982
bn_n20_w2_uniform.bif,20,2,uniform,0.25,0.9,X3,1,0.9049188821381803,0.01093149185180664,0.20962142944335938,0.9052,0.0001131600000000002,1.2090317726135253,0.08494758605957031,0.0002811178618197241,0.9046,7.144000000000012e-05,5.074230074882507,0.2047252655029297,0.00031888213818032085
bn_n20_w2_uniform.bif,20,2,uniform,0.25,1.0,X3,1,1.0,0.010245800018310547,0.19399642944335938,1.0,0.0,1.0332028150558472,0.07702064514160156,0.0,1.0,0.0,4.241953301429748,0.1700878143310547,0.0
bn_n20_w6_concentrated_bias_low.bif,20,6,concentrated_bias_low,0.25,0.4,X13,1,0.4449288121004957,0.013926029205322266,0.2621726989746094,0.43970000000000004,0.00044460999999999996,1.6710935831069946,0.11993598937988281,0.005228812100495639,0.4508000000000001,0.00018976000000000005,7.091080093383789,0.2876110076904297,0.005871187899504415
bn_n20_w6_concentrated_bias_low.bif,20,6,concentrated_bias_low,0.25,0.6,X13,1,0.6399204770134824,0.012942790985107422,0.2635679244995117,0.6409,0.00012529000000000023,1.3859956026077271,0.09811592102050781,0.0009795229865176003,0.6417999999999999,0.0001255600000000002,5.921663737297058,0.2686290740966797,0.0018795229865175012
bn_n20_w6_concentrated_bias_low.bif,20,6,concentrated_bias_low,0.25,0.7,X13,1,0.688007280210166,0.012297868728637695,0.23685836791992188,0.6869,0.00014008999999999934,1.2306546926498414,0.09321022033691406,0.0011072802101660395,0.6842,0.00015835999999999896,5.265846610069275,0.2195415496826172,0.003807280210165964
bn_n20_w6_concentrated_bias_low.bif,20,6,concentrated_bias_low,0.25,0.8,X13,1,0.7714734644148982,0.014285802841186523,0.2565193176269531,0.7787000000000001,0.00016721000000000026,1.4609487771987915,0.10174751281738281,0.00722653558510189,0.7638,0.00023036000000000042,6.257322168350219,0.2685222625732422,0.007673464414898135
bn_n20_w6_concentrated_bias_low.bif,20,6,concentrated_bias_low,0.25,0.9,X13,1,0.9239012866614055,0.012085437774658203,0.24151992797851562,0.9235999999999999,4.6439999999999704e-05,1.239850687980652,0.08899879455566406,0.00030128666140560867,0.9253,3.0610000000000054e-05,5.376062202453613,0.20264339447021484,0.0013987133385945372
bn_n20_w6_concentrated_bias_low.bif,20,6,concentrated_bias_low,0.25,1.0,X13,1,0.9987664495356998,0.013542890548706055,0.26256561279296875,0.9987,1.2100000000000022e-06,1.5913987159729004,0.10495185852050781,6.644953569978629e-05,0.999,1.0000000000000019e-06,6.78814549446106,0.2820568084716797,0.00023355046430018067
bn_n20_w6_concentrated_bias_high.bif,20,6,concentrated_bias_high,0.25,0.4,X2,1,0.36835318003132966,0.012237310409545898,0.24458694458007812,0.37070000000000003,0.00021081000000000002,1.2936322689056396,0.10012245178222656,0.002346819968670366,0.3752,0.0001141600000000002,5.518153214454651,0.2486095428466797,0.006846819968670315
bn_n20_w6_concentrated_bias_high.bif,20,6,concentrated_bias_high,0.25,0.5,X2,1,0.48408902139136517,0.012987136840820312,0.24392318725585938,0.4817,0.00021400999999999972,0.9716903448104859,0.07995033264160156,0.0023890213913651537,0.483,0.0001484,4.136894488334656,0.1827373504638672,0.0010890213913651858
bn_n20_w6_concentrated_bias_high.bif,20,6,concentrated_bias_high,0.25,0.6,X2,1,0.58326243041332,0.014622688293457031,0.2880096435546875,0.5758999999999999,0.00028928999999999896,1.9429184198379517,0.13167762756347656,0.007362430413320187,0.5763999999999999,0.00037463999999999976,8.347423839569093,0.3762798309326172,0.006862430413320131
bn_n20_w6_concentrated_bias_high.bif,20,6,concentrated_bias_high,0.25,0.7,X2,1,0.6813266116219133,0.01361703872680664,0.2641448974609375,0.6805000000000001,0.00017544999999999939,1.9470710754394531,0.11888313293457031,0.0008266116219132202,0.6754,0.0002766399999999995,8.43662350177765,0.3497600555419922,0.005926611621913325
bn_n20_w6_concentrated_bias_high.bif,20,6,concentrated_bias_high,0.25,0.8,X2,1,0.8110351376859636,0.012967348098754883,0.2865333557128906,0.8059000000000001,0.00010668999999999952,1.7912328004837037,0.11749458312988281,0.00513513768596352,0.8132999999999999,9.440999999999928e-05,7.6818722009658815,0.3358440399169922,0.002264862314036331
bn_n20_w6_concentrated_bias_high.bif,20,6,concentrated_bias_high,0.25,0.9,X2,1,0.9165533333457948,0.014835119247436523,0.28221893310546875,0.9167000000000002,7.561000000000015e-05,1.9338422536849975,0.12442207336425781,0.00014666665420537406,0.9171999999999999,2.676000000000005e-05,8.644100642204284,0.3564281463623047,0.000646666654205097
bn_n20_w6_concentrated_bias_high.bif,20,6,concentrated_bias_high,0.25,1.0,X2,1,1.0,0.012392759323120117,0.2513236999511719,1.0,0.0,1.5593007802963257,0.10354804992675781,0.0,1.0,0.0,6.777055096626282,0.2886028289794922,0.0
bn_n20_w6_rigid_extreme.bif,20,6,rigid_extreme,0.25,0.4,X13,1,0.35359783802953026,0.014490604400634766,0.2671470642089844,0.3449,0.0002572899999999998,1.8679900169372559,0.12510108947753906,0.00869783802953028,0.35420000000000007,0.00038756,7.98492841720581,0.3646068572998047,0.0006021619704698056
bn_n20_w6_rigid_extreme.bif,20,6,rigid_extreme,0.25,0.5,X13,1,0.5274547030988203,0.011995077133178711,0.2161712646484375,0.5314,0.00017784000000000034,1.052809476852417,0.09026527404785156,0.003945296901179729,0.5246999999999999,0.0002702100000000005,4.5430224418640135,0.1959056854248047,0.0027547030988203103
bn_n20_w6_rigid_extreme.bif,20,6,rigid_extreme,0.25,0.6,X13,1,0.5965239287678941,0.015417337417602539,0.2705039978027344,0.5925,0.0001300500000000002,1.7601656913757324,0.12066078186035156,0.004023928767894036,0.5886,0.00040463999999999984,7.491058731079102,0.3202953338623047,0.00792392876789405
bn_n20_w6_rigid_extreme.bif,20,6,rigid_extreme,0.25,0.7,X13,1,0.6819193201008105,0.01496124267578125,0.268951416015625,0.6834,7.86399999999996e-05,1.487112855911255,0.09994697570800781,0.001480679899189541,0.679,0.0002781999999999993,6.351241326332092,0.2933940887451172,0.0029193201008104186
bn_n20_w6_rigid_extreme.bif,20,6,rigid_extreme,0.25,0.8,X13,1,0.7890345040886415,0.013253927230834961,0.2570610046386719,0.7897000000000001,6.161000000000011e-05,1.2749228477478027,0.09494209289550781,0.0006654959113585601,0.7869000000000002,3.5690000000000067e-05,5.484153199195862,0.2386150360107422,0.0021345040886413535
bn_n20_w6_rigid_extreme.bif,20,6,rigid_extreme,0.25,0.9,X13,1,0.8701104385261093,0.013733148574829102,0.250640869140625,0.8714000000000001,0.00013724000000000022,1.3596229314804078,0.09415626525878906,0.00128956147389081,0.8704000000000001,9.624000000000018e-05,5.834369421005249,0.2494792938232422,0.0002895614738908092
bn_n20_w6_rigid_extreme.bif,20,6,rigid_extreme,0.25,1.0,X13,1,0.999876890014624,0.01484227180480957,0.24668502807617188,0.9997,4.1000000000000084e-07,0.9914080142974854,0.08208656311035156,0.00017689001462395382,1.0,0.0,4.240433692932129,0.18935203552246094,0.00012310998537601314
bn_n20_w6_rigid_moderate.bif,20,6,rigid_moderate,0.25,0.4,X14,1,0.3558667138173619,0.01615452766418457,0.3127326965332031,0.36350000000000005,9.685000000000019e-05,1.8764204740524293,0.12169837951660156,0.007633286182638144,0.35009999999999997,8.908999999999972e-05,8.008376383781433,0.33420372009277344,0.005766713817361935
bn_n20_w6_rigid_moderate.bif,20,6,rigid_moderate,0.25,0.5,X14,1,0.49539958882795504,0.018374204635620117,0.3147621154785156,0.49420000000000003,0.00020616000000000042,2.4456457138061523,0.13727760314941406,0.0011995888279550115,0.4944,0.00025104000000000044,9.759072327613831,0.40663719177246094,0.0009995888279550336
bn_n20_w6_rigid_moderate.bif,20,6,rigid_moderate,0.25,0.6,X14,1,0.5862957497001102,0.01612710952758789,0.2808837890625,0.5828999999999999,0.00034828999999999985,1.0894358158111572,0.08328437805175781,0.003395749700110362,0.5913,0.0001870100000000003,4.549318790435791,0.19356346130371094,0.005004250299889823
bn_n20_w6_rigid_moderate.bif,20,6,rigid_moderate,0.25,0.7,X14,1,0.6879095207139723,0.01760554313659668,0.30709075927734375,0.6914999999999999,6.864999999999964e-05,1.759743070602417,0.11001014709472656,0.0035904792860276258,0.689,0.00024759999999999913,7.1408909320831295,0.29219627380371094,0.001090479286027679
bn_n20_w6_rigid_moderate.bif,20,6,rigid_moderate,0.25,0.8,X14,1,0.7506789249242395,0.018604040145874023,0.31475830078125,0.754,0.00020380000000000037,2.2453715801239014,0.1339893341064453,0.0033210750757605156,0.7475999999999999,0.00021364000000000035,9.88529930114746,0.40573692321777344,0.0030789249242395567
bn_n20_w6_rigid_moderate.bif,20,6,rigid_moderate,0.25,0.9,X14,1,0.9237985338262913,0.017538070678710938,0.29053497314453125,0.9217000000000002,6.041000000000011e-05,2.2639955043792725,0.1256122589111328,0.0020985338262911046,0.9216000000000001,7.303999999999973e-05,9.546027565002442,0.39166831970214844,0.0021985338262912046
bn_n20_w6_rigid_moderate.bif,20,6,rigid_moderate,0.25,1.0,X14,1,1.0,0.0145111083984375,0.28603363037109375,1.0,0.0,1.4777343034744264,0.11326789855957031,0.0,1.0,0.0,6.349125456809998,0.27034568786621094,0.0
bn_n20_w6_spread_bias_low.bif,20,6,spread_bias_low,0.25,0.4,X11,1,0.4028025085912948,0.012639999389648438,0.264923095703125,0.4035,0.0003040499999999998,1.1283066511154174,0.08526039123535156,0.0006974914087052309,0.4142,0.00011015999999999981,4.783136415481567,0.21303367614746094,0.011397491408705218
bn_n20_w6_spread_bias_low.bif,20,6,spread_bias_low,0.25,0.5,X11,1,0.5472179233307083,0.01331186294555664,0.26633453369140625,0.55,0.0002397999999999997,1.6483883142471314,0.11881446838378906,0.0027820766692917553,0.5418999999999999,0.00023828999999999978,7.020031833648682,0.30107688903808594,0.005317923330708352
bn_n20_w6_spread_bias_low.bif,20,6,spread_bias_low,0.25,0.6,X11,1,0.5807327903339791,0.013096332550048828,0.2696037292480469,0.5786,0.0002230399999999997,1.9493765354156494,0.11649513244628906,0.002132790333979062,0.5791999999999999,0.00012215999999999968,8.361022543907165,0.35959434509277344,0.0015327903339791282
bn_n20_w6_spread_bias_low.bif,20,6,spread_bias_low,0.25,0.7,X11,1,0.6946680270867415,0.01412343978881836,0.2817802429199219,0.6980000000000001,0.0001635999999999991,1.517800259590149,0.10739326477050781,0.0033319729132585962,0.6882999999999999,7.500999999999938e-05,6.464077615737915,0.28304100036621094,0.006368027086741557
bn_n20_w6_spread_bias_low.bif,20,6,spread_bias_low,0.25,0.8,X11,1,0.8308738308569973,0.016049861907958984,0.28437042236328125,0.8310000000000001,0.00012360000000000024,1.5861137151718139,0.11309242248535156,0.0001261691430027856,0.8337,9.641000000000017e-05,6.7937373399734495,0.29706382751464844,0.0028261691430027103
bn_n20_w6_spread_bias_low.bif,20,6,spread_bias_low,0.25,0.9,X11,1,0.9346683116111988,0.011689186096191406,0.22742843627929688,0.933,2.859999999999972e-05,0.8276573419570923,0.07191658020019531,0.0016683116111987362,0.9312999999999999,5.360999999999952e-05,3.533870577812195,0.15563011169433594,0.003368311611198882
bn_n20_w6_spread_bias_low.bif,20,6,spread_bias_low,0.25,1.0,X11,1,1.0,0.011278390884399414,0.22269821166992188,1.0,0.0,1.4326445579528808,0.09050941467285156,0.0,1.0,0.0,6.070597243309021,0.27327537536621094,0.0
bn_n20_w6_spread_bias_high.bif,20,6,spread_bias_high,0.25,0.4,X2,1,0.39578838583913967,0.015018701553344727,0.2895317077636719,0.3988,0.00024175999999999972,1.9281697750091553,0.1349201202392578,0.003011614160860321,0.3922,0.00039915999999999986,8.313730669021606,0.3895092010498047,0.003588385839139674
bn_n20_w6_spread_bias_high.bif,20,6,spread_bias_high,0.25,0.5,X2,1,0.5062421853401823,0.015286684036254883,0.2891654968261719,0.502,0.0001054000000000002,1.8666882276535035,0.11340522766113281,0.004242185340182281,0.5079999999999999,0.00021740000000000035,8.001959538459777,0.33681297302246094,0.0017578146598176136
bn_n20_w6_spread_bias_high.bif,20,6,spread_bias_high,0.25,0.6,X2,1,0.6469576116255877,0.014203310012817383,0.2875404357910156,0.6441999999999999,0.0003239600000000006,1.7546269655227662,0.11669349670410156,0.0027576116255878524,0.6442,0.00013736000000000022,7.477348375320434,0.3168926239013672,0.0027576116255877414
bn_n20_w6_spread_bias_high.bif,20,6,spread_bias_high,0.25,0.7,X2,1,0.7340190156416471,0.015456914901733398,0.2880363464355469,0.7348,0.00013396000000000024,2.027771162986755,0.1409626007080078,0.000780984358352943,0.7315999999999999,8.524000000000017e-05,8.550734090805054,0.3904094696044922,0.0024190156416471487
bn_n20_w6_spread_bias_high.bif,20,6,spread_bias_high,0.25,0.8,X2,1,0.8302758614144077,0.015481233596801758,0.2897796630859375,0.8317,0.0001850099999999998,2.0527196645736696,0.1342792510986328,0.001424138585592316,0.8285,0.0001106500000000002,8.903656959533691,0.3922405242919922,0.0017758614144076645
bn_n20_w6_spread_bias_high.bif,20,6,spread_bias_high,0.25,0.9,X2,1,0.8751074031221491,0.014814376831054688,0.279510498046875,0.8771000000000001,0.00019269000000000038,1.801649522781372,0.11673164367675781,0.0019925968778510272,0.8738999999999999,9.509000000000018e-05,7.805514478683472,0.3312511444091797,0.0012074031221491754
bn_n20_w6_spread_bias_high.bif,20,6,spread_bias_high,0.25,1.0,X2,1,0.9999471787755311,0.016791105270385742,0.28540802001953125,0.9999,9.000000000000017e-08,1.9210554122924806,0.12009620666503906,4.7178775531064865e-05,1.0,0.0,8.180865669250489,0.3546886444091797,5.282122446892412e-05
bn_n20_w6_uncertain_moderate.bif,20,6,uncertain_moderate,0.25,0.4,X0,1,0.36995960190550703,0.017118453979492188,0.31616973876953125,0.3734,0.00027864000000000046,2.2220645427703856,0.1374378204345703,0.00344039809449298,0.37160000000000004,0.00021944000000000038,9.459074139595032,0.43013572692871094,0.0016403980944930119
bn_n20_w6_uncertain_moderate.bif,20,6,uncertain_moderate,0.25,0.5,X0,1,0.46551242707351953,0.014961719512939453,0.2874259948730469,0.4666,0.0004894399999999997,2.28101007938385,0.14653968811035156,0.0010875729264804845,0.4753,0.0002752099999999998,9.83065037727356,0.4093503952026367,0.00978757292648047
bn_n20_w6_uncertain_moderate.bif,20,6,uncertain_moderate,0.25,0.6,X0,1,0.5680141741397127,0.014729499816894531,0.2841606140136719,0.5679,0.00024488999999999886,1.5407524585723877,0.11560249328613281,0.00011417413971270829,0.557,8.659999999999953e-05,6.5827470302581785,0.2878093719482422,0.011014174139712618
bn_n20_w6_uncertain_moderate.bif,20,6,uncertain_moderate,0.25,0.7,X0,1,0.6998801554476652,0.016541481018066406,0.3130912780761719,0.6988,0.00015935999999999937,2.016643834114075,0.13053321838378906,0.0010801554476652653,0.7043999999999999,0.00014983999999999955,8.736226463317871,0.39131736755371094,0.004519844552334673
bn_n20_w6_uncertain_moderate.bif,20,6,uncertain_moderate,0.25,0.8,X0,1,0.8171233858966579,0.01604294776916504,0.293060302734375,0.8214,8.523999999999968e-05,1.8547353267669677,0.11498451232910156,0.0042766141033421246,0.8219999999999998,6.339999999999977e-05,8.065508198738097,0.34316062927246094,0.0048766141033419474
bn_n20_w6_uncertain_moderate.bif,20,6,uncertain_moderate,0.25,0.9,X0,1,0.9285114183882841,0.018732547760009766,0.3131065368652344,0.9352,4.2359999999999554e-05,1.6476370096206665,0.10146522521972656,0.006688581611715927,0.9272,9.33599999999999e-05,7.175683498382568,0.30512046813964844,0.0013114183882840802
bn_n20_w6_uncertain_moderate.bif,20,6,uncertain_moderate,0.25,1.0,X0,1,1.0,0.014050960540771484,0.2579002380371094,1.0,0.0,1.2842450618743897,0.09257698059082031,0.0,1.0,0.0,5.491135120391846,0.23711204528808594,0.0
bn_n50_w2_concentrated_bias_high.bif,50,2,concentrated_bias_high,0.25,0.4,X1,1,0.41395174465871143,0.025347471237182617,0.42130279541015625,0.4168,0.00022595999999999982,1.039258646965027,0.10483074188232422,0.0028482553412885747,0.4123,0.00016620999999999972,4.343796801567078,0.21617794036865234,0.0016517446587114293
bn_n50_w2_concentrated_bias_high.bif,50,2,concentrated_bias_high,0.25,0.5,X1,1,0.491717132397749,0.022925615310668945,0.430328369140625,0.4923,0.00011541000000000021,0.8967681884765625,0.09618663787841797,0.0005828676022510137,0.4909,0.00031729000000000024,3.8267867803573608,0.19310665130615234,0.0008171323977489986
bn_n50_w2_concentrated_bias_high.bif,50,2,concentrated_bias_high,0.25,0.6,X1,1,0.5651334433333399,0.02367258071899414,0.4165191650390625,0.5667,0.000331209999999999,0.9871920824050904,0.09958934783935547,0.0015665566666600572,0.5637000000000001,0.00014040999999999915,4.150029873847961,0.20674800872802734,0.0014334433333398344
bn_n50_w2_concentrated_bias_high.bif,50,2,concentrated_bias_high,0.25,0.7,X1,1,0.7063820071500282,0.024498939514160156,0.4185609817504883,0.7046,0.00024043999999999948,0.845151138305664,0.09356975555419922,0.0017820071500281864,0.7005,0.00015284999999999973,3.5916439056396485,0.18239498138427734,0.005882007150028179
bn_n50_w2_concentrated_bias_high.bif,50,2,concentrated_bias_high,0.25,0.8,X1,1,0.8293619183176412,0.021938323974609375,0.42226123809814453,0.8256,5.72400000000001e-05,0.9979405403137207,0.10169506072998047,0.0037619183176411664,0.8236000000000001,0.00014303999999999971,4.256931853294373,0.21152400970458984,0.005761918317641057
bn_n50_w2_concentrated_bias_high.bif,50,2,concentrated_bias_high,0.25,0.9,X1,1,0.8746099771019122,0.022781848907470703,0.411346435546875,0.8757999999999999,2.8760000000000053e-05,1.013274574279785,0.10250377655029297,0.0011900228980876726,0.8737,0.0001248100000000002,4.327111411094665,0.21756649017333984,0.0009099771019122072
bn_n50_w2_concentrated_bias_high.bif,50,2,concentrated_bias_high,0.25,1.0,X1,1,0.9999999999999999,0.02812361717224121,0.41167449951171875,1.0,0.0,1.0844425439834595,0.10566234588623047,1.1102230246251565e-16,1.0,0.0,4.561260056495667,0.22304439544677734,1.1102230246251565e-16
bn_n20_w6_uncertain_strong.bif,20,6,uncertain_strong,0.25,0.4,X12,1,0.4381589465087947,0.01891160011291504,0.28076171875,0.43390000000000006,0.00043229000000000027,2.0309162855148317,0.13729286193847656,0.004258946508794659,0.4343,0.00038081000000000025,8.65862305164337,0.37579917907714844,0.003858946508794703
bn_n20_w6_uncertain_strong.bif,20,6,uncertain_strong,0.25,0.5,X12,1,0.49145178209024404,0.014617681503295898,0.2863731384277344,0.4894,0.00027144000000000023,1.96194007396698,0.11509132385253906,0.0020517820902440365,0.49269999999999997,0.00039560999999999996,8.138921117782592,0.35181236267089844,0.0012482179097559332
bn_n20_w6_uncertain_strong.bif,20,6,uncertain_strong,0.25,0.6,X12,1,0.6014701382183383,0.013424158096313477,0.2588081359863281,0.6051,0.00016469000000000027,1.2090706825256348,0.08902168273925781,0.003629861781661692,0.6018,0.0002687600000000005,5.156758713722229,0.22559165954589844,0.0003298617816617222
bn_n20_w6_uncertain_strong.bif,20,6,uncertain_strong,0.25,0.7,X12,1,0.7058502849397843,0.01372671127319336,0.2779273986816406,0.7089,7.329000000000013e-05,1.640258550643921,0.11493110656738281,0.003049715060215674,0.7107999999999999,0.00018176000000000032,7.02806441783905,0.30006980895996094,0.004949715060215576
bn_n20_w6_uncertain_strong.bif,20,6,uncertain_strong,0.25,0.8,X12,1,0.847351763620443,0.016107797622680664,0.3147697448730469,0.8480000000000001,0.00013400000000000025,2.2350513696670533,0.12137031555175781,0.0006482363795571322,0.8452999999999999,0.00012721000000000024,9.398054361343384,0.3811931610107422,0.0020517636204430145
bn_n20_w6_uncertain_strong.bif,20,6,uncertain_strong,0.25,0.9,X12,1,0.8812309017576551,0.014765024185180664,0.2862396240234375,0.8804000000000001,3.324000000000006e-05,1.9093759059906006,0.11470222473144531,0.0008309017576549893,0.8775999999999999,8.964000000000015e-05,8.028361868858337,0.35141563415527344,0.003630901757655125
bn_n20_w6_uncertain_strong.bif,20,6,uncertain_strong,0.25,1.0,X12,1,1.0,0.012239217758178711,0.23888397216796875,1.0,0.0,1.7346089839935304,0.11653327941894531,0.0,1.0,0.0,7.417591977119446,0.33003807067871094,0.0
bn_n50_w2_concentrated_bias_low.bif,50,2,concentrated_bias_low,0.25,0.4,X11,1,0.42119448933536574,0.019512176513671875,0.41121387481689453,0.418,0.00023799999999999985,0.9902840375900268,0.10142040252685547,0.0031944893353657577,0.429,0.00020540000000000011,4.231656837463379,0.20900630950927734,0.007805510664634252
bn_n50_w2_concentrated_bias_low.bif,50,2,concentrated_bias_low,0.25,0.5,X11,1,0.4982949496856507,0.024503231048583984,0.4001007080078125,0.4897,0.0004140100000000001,1.0131155729293824,0.09792613983154297,0.008594949685650666,0.5039,0.00018409000000000033,4.3059123992919925,0.21224117279052734,0.005605050314349325
bn_n50_w2_concentrated_bias_low.bif,50,2,concentrated_bias_low,0.25,0.7,X11,1,0.7395718228756477,0.024327754974365234,0.395294189453125,0.7449,0.0002178900000000004,0.8510552644729614,0.09241771697998047,0.005328177124352296,0.7363999999999999,8.684000000000015e-05,3.5421437978744508,0.17900753021240234,0.0031718228756477673
bn_n50_w2_concentrated_bias_low.bif,50,2,concentrated_bias_low,0.25,0.8,X11,1,0.8493095542928019,0.02377176284790039,0.46381378173828125,0.8449,0.0001678900000000003,0.9970848798751831,0.10058879852294922,0.004409554292801876,0.8532,0.00023076000000000037,4.237633848190308,0.20635128021240234,0.003890445707198098
bn_n50_w2_concentrated_bias_low.bif,50,2,concentrated_bias_low,0.25,0.9,X11,1,0.9043962662830767,0.022852659225463867,0.4184236526489258,0.9048,0.0001043600000000002,0.9746429443359375,0.10002422332763672,0.00040373371692337123,0.9069,0.00011669000000000021,4.128068971633911,0.2044820785522461,0.002503733716923362
bn_n50_w2_concentrated_bias_low.bif,50,2,concentrated_bias_low,0.25,1.0,X11,1,1.0,0.024845123291015625,0.3946990966796875,1.0,0.0,1.1016910076141357,0.09996318817138672,0.0,1.0,0.0,4.691932654380798,0.2294301986694336,0.0
bn_n20_w6_uniform.bif,20,6,uniform,0.25,0.4,X4,1,0.3855556854199358,0.0176241397857666,0.3132743835449219,0.37510000000000004,0.00048449000000000007,2.477419710159302,0.15706825256347656,0.010455685419935745,0.3899,0.0002300900000000002,10.534616184234618,0.4484844207763672,0.004344314580064235
bn_n20_w6_uniform.bif,20,6,uniform,0.25,0.5,X4,1,0.5251857768238604,0.012887716293334961,0.2578392028808594,0.5187999999999999,0.00020556000000000038,1.4232410192489624,0.09970283508300781,0.006385776823860434,0.5242000000000001,0.00013256000000000024,5.894220566749572,0.2608470916748047,0.0009857768238602516
bn_n20_w6_uniform.bif,20,6,uniform,0.25,0.6,X4,1,0.6082377616621776,0.016432523727416992,0.30725860595703125,0.6149000000000001,0.0005812899999999997,1.8703839302062988,0.1283740997314453,0.006662238337822535,0.6063,1.2610000000000025e-05,8.077689361572265,0.3505535125732422,0.0019377616621776284
bn_n20_w6_uniform.bif,20,6,uniform,0.25,0.7,X4,1,0.716081216093238,0.014557361602783203,0.2848777770996094,0.7123999999999999,0.00014004000000000027,2.1324098348617553,0.12561988830566406,0.0036812160932381266,0.7274,0.00013804000000000024,9.01353874206543,0.4140758514404297,0.011318783906761998
bn_n20_w6_uniform.bif,20,6,uniform,0.25,0.8,X4,1,0.7764752895748032,0.014943361282348633,0.2884101867675781,0.7718,0.00011636000000000021,2.1069350719451903,0.12647438049316406,0.004675289574803121,0.778,0.0001800000000000003,8.855630874633789,0.3766918182373047,0.0015247104251968624
bn_n20_w6_uniform.bif,20,6,uniform,0.25,0.9,X4,1,0.9092559986633498,0.015666723251342773,0.3120231628417969,0.9146000000000001,0.00015544000000000026,2.5951949834823607,0.1531085968017578,0.00534400133665025,0.9074000000000002,2.364000000000004e-05,11.225722694396973,0.47287559509277344,0.0018559986633496228
bn_n20_w6_uniform.bif,20,6,uniform,0.25,1.0,X4,1,1.0,0.01207423210144043,0.23563766479492188,1.0,0.0,0.9154330015182495,0.07327461242675781,0.0,1.0,0.0,3.858943510055542,0.1693859100341797,0.0
bn_n50_w2_rigid_extreme.bif,50,2,rigid_extreme,0.25,0.4,X41,1,0.44336600492268957,0.020648479461669922,0.42450714111328125,0.4438000000000001,0.00019056000000000034,0.8802090644836426,0.09369945526123047,0.0004339950773105117,0.43950000000000006,0.0001606500000000003,3.719791555404663,0.19042110443115234,0.0038660049226895143
bn_n50_w2_rigid_extreme.bif,50,2,rigid_extreme,0.25,0.5,X41,1,0.5252401267123396,0.020015239715576172,0.46489715576171875,0.5262,0.00024336000000000046,1.099591064453125,0.10779094696044922,0.000959873287660451,0.5326000000000001,0.00014744000000000026,4.634907293319702,0.21973323822021484,0.007359873287660523
bn_n50_w2_rigid_extreme.bif,50,2,rigid_extreme,0.25,0.6,X41,1,0.6495970080025466,0.0220639705657959,0.4176483154296875,0.6485000000000001,0.00018125000000000034,1.0780171155929565,0.10206890106201172,0.001097008002546529,0.6472,6.456000000000011e-05,4.546882200241089,0.22696590423583984,0.002397008002546608
bn_n50_w2_rigid_extreme.bif,50,2,rigid_extreme,0.25,0.7,X41,1,0.740580790800413,0.02391791343688965,0.42510223388671875,0.74,0.00014600000000000027,0.9797156572341919,0.10189342498779297,0.0005807908004129558,0.7412,0.00019736000000000032,4.126177835464477,0.2075338363647461,0.000619209199587023
bn_n50_w2_rigid_extreme.bif,50,2,rigid_extreme,0.25,0.8,X41,1,0.777728341898876,0.023754119873046875,0.46955108642578125,0.7662000000000001,0.00019396000000000035,0.9150062799453735,0.09806346893310547,0.01152834189887586,0.7785,0.00013205000000000026,3.8869874477386475,0.1952505111694336,0.0007716581011240065
bn_n50_w2_rigid_extreme.bif,50,2,rigid_extreme,0.25,0.9,X41,1,0.8916305045268375,0.021355628967285156,0.40146636962890625,0.8916000000000002,0.00010044000000000018,0.879590368270874,0.09317302703857422,3.0504526837282775e-05,0.8917999999999999,5.9760000000000105e-05,3.7112437009811403,0.19132137298583984,0.00016949547316247315
bn_n50_w2_rigid_extreme.bif,50,2,rigid_extreme,0.25,1.0,X41,1,0.9995039548333493,0.026047945022583008,0.42884063720703125,0.9993000000000001,6.100000000000011e-07,0.864203405380249,0.09287548065185547,0.00020395483334922915,0.9996,2.400000000000004e-07,3.6903544425964356,0.18268489837646484,9.604516665073781e-05
bn_n50_w2_rigid_moderate.bif,50,2,rigid_moderate,0.25,0.4,X20,1,0.3573752855561517,0.025017261505126953,0.44024658203125,0.3578,0.00023855999999999994,0.9774925470352173,0.09803295135498047,0.00042471444384828416,0.3551,0.0002910899999999999,4.054047036170959,0.2013540267944336,0.002275285556151696
bn_n50_w2_rigid_moderate.bif,50,2,rigid_moderate,0.25,0.5,X20,1,0.5185390254215567,0.02209925651550293,0.41797637939453125,0.5235000000000001,0.0009496500000000018,0.9518544912338257,0.09789562225341797,0.004960974578443356,0.5182,0.0002991600000000005,3.922671389579773,0.1985464096069336,0.00033902542155672677
bn_n50_w2_rigid_moderate.bif,50,2,rigid_moderate,0.25,0.6,X20,1,0.6243534373512047,0.02106451988220215,0.39958953857421875,0.6288,0.00019516000000000037,0.8575312614440918,0.09080028533935547,0.0044465626487952825,0.6293,6.06100000000001e-05,3.526611065864563,0.1820211410522461,0.0049465626487952274
bn_n50_w2_rigid_moderate.bif,50,2,rigid_moderate,0.25,0.7,X20,1,0.690663647677515,0.02130579948425293,0.411834716796875,0.691,0.0003135999999999989,0.7863758563995361,0.09285259246826172,0.0003363523224849674,0.6933999999999999,0.0002076399999999991,3.244681239128113,0.1664571762084961,0.002736352322484925
bn_n50_w2_rigid_moderate.bif,50,2,rigid_moderate,0.25,0.8,X20,1,0.8044970103928459,0.023747682571411133,0.43451690673828125,0.7991999999999999,0.00016695999999999928,0.9637391567230225,0.09971904754638672,0.005297010392846024,0.8016,9.203999999999955e-05,4.037634682655335,0.19844722747802734,0.0028970103928459556
bn_n50_w2_rigid_moderate.bif,50,2,rigid_moderate,0.25,0.9,X20,1,0.9025132836706199,0.022385120391845703,0.4269256591796875,0.8973000000000001,1.8810000000000035e-05,0.9299472570419312,0.09654521942138672,0.005213283670619795,0.9057000000000001,0.00010381000000000019,3.8899483919143676,0.19676876068115234,0.003186716329380168
bn_n50_w2_rigid_moderate.bif,50,2,rigid_moderate,0.25,1.0,X20,1,0.9998382397608482,0.024827241897583008,0.4069061279296875,0.9999,9.000000000000016e-08,0.9196834325790405,0.09744548797607422,6.176023915183126e-05,1.0,0.0,3.8145556449890137,0.1894979476928711,0.00016176023915182025
bn_n50_w2_spread_bias_high.bif,50,2,spread_bias_high,0.25,0.4,X2,1,0.4201395602303307,0.018472909927368164,0.41535186767578125,0.4183,0.00021780999999999998,1.111207365989685,0.10386180877685547,0.0018395602303307168,0.42210000000000003,0.0004076899999999998,4.642367553710938,0.22612667083740234,0.0019604397696693088
bn_n50_w2_spread_bias_high.bif,50,2,spread_bias_high,0.25,0.5,X2,1,0.4815693067362908,0.028090238571166992,0.431304931640625,0.47759999999999997,5.403999999999987e-05,1.0847517013549806,0.10029888153076172,0.003969306736290812,0.4706,0.00012343999999999975,4.559974026679993,0.21700191497802734,0.010969306736290763
bn_n50_w2_spread_bias_high.bif,50,2,spread_bias_high,0.25,0.6,X2,1,0.6021247742697791,0.02492070198059082,0.4357452392578125,0.6014999999999999,0.00021065000000000038,0.9619771718978882,0.09946727752685547,0.0006247742697791381,0.5997,0.00019861000000000038,3.984420967102051,0.1970357894897461,0.002424774269779051
bn_n50_w2_spread_bias_high.bif,50,2,spread_bias_high,0.25,0.7,X2,1,0.6653057732888613,0.021485090255737305,0.420745849609375,0.6688000000000001,0.00019135999999999988,0.9317178010940552,0.09665203094482422,0.003494226711138748,0.6613,0.00018721000000000032,3.9022847414016724,0.1990652084350586,0.004005773288861314
bn_n50_w2_spread_bias_high.bif,50,2,spread_bias_high,0.25,0.8,X2,1,0.8203244136610364,0.024273395538330078,0.4084014892578125,0.8244,0.00014903999999999948,0.9730729341506958,0.09976482391357422,0.004075586338963655,0.8177,0.00012580999999999923,4.066850352287292,0.2062520980834961,0.0026244136610363844
bn_n50_w2_spread_bias_high.bif,50,2,spread_bias_high,0.25,0.9,X2,1,0.921830377807745,0.022936582565307617,0.4178466796875,0.9211,5.549000000000011e-05,1.2426394939422607,0.11039257049560547,0.0007303778077449863,0.9204000000000001,6.264000000000012e-05,5.315444469451904,0.25859737396240234,0.0014303778077449092
bn_n50_w2_spread_bias_high.bif,50,2,spread_bias_high,0.25,1.0,X2,1,1.0,0.02107524871826172,0.39286041259765625,1.0,0.0,0.8619552373886108,0.09437084197998047,0.0,1.0,0.0,3.5909086227416993,0.1818685531616211,0.0
bn_n50_w2_spread_bias_low.bif,50,2,spread_bias_low,0.25,0.4,X28,1,0.37520524076105677,0.022894620895385742,0.44452667236328125,0.3745,0.00010845000000000017,1.0788218021392821,0.10385417938232422,0.000705240761056769,0.37860000000000005,0.00017504,4.458535122871399,0.2174673080444336,0.003394759238943279
bn_n50_w2_spread_bias_low.bif,50,2,spread_bias_low,0.25,0.5,X28,1,0.5304265102388934,0.025220632553100586,0.4813232421875,0.5362,9.236000000000017e-05,1.0924047946929931,0.10447216033935547,0.005773489761106587,0.5212,0.00012996000000000023,4.587068033218384,0.2330465316772461,0.009226510238893426
bn_n50_w2_spread_bias_low.bif,50,2,spread_bias_low,0.25,0.6,X28,1,0.5769949322041987,0.019815683364868164,0.43717193603515625,0.5839,0.00017308999999999974,1.0071113586425782,0.10052776336669922,0.006905067795801245,0.5789000000000001,0.0005808899999999997,4.211318516731263,0.2132101058959961,0.0019050677958013518
bn_n50_w2_spread_bias_low.bif,50,2,spread_bias_low,0.25,0.7,X28,1,0.734399338266955,0.022788286209106445,0.44647979736328125,0.7391,0.00018729000000000033,1.1386731386184692,0.10395336151123047,0.004700661733044953,0.7363999999999999,0.00010064000000000019,4.740832066535949,0.22695064544677734,0.0020006617330449172
bn_n50_w2_spread_bias_low.bif,50,2,spread_bias_low,0.25,0.8,X28,1,0.7891745286662032,0.021808147430419922,0.42868804931640625,0.7806,0.0002850399999999997,0.9484869003295898,0.09903240203857422,0.00857452866620323,0.8011000000000001,0.00035368999999999966,3.9614984035491942,0.2010030746459961,0.011925471333796955
bn_n50_w2_spread_bias_low.bif,50,2,spread_bias_low,0.25,0.9,X28,1,0.9367207810910081,0.013399600982666016,0.42609405517578125,0.9404999999999999,4.304999999999966e-05,0.9478873014450073,0.09727001190185547,0.0037792189089917994,0.9362,5.515999999999932e-05,3.9794715881347655,0.20336055755615234,0.0005207810910080601
bn_n50_w2_spread_bias_low.bif,50,2,spread_bias_low,0.25,1.0,X28,1,1.0,0.02157878875732422,0.43032073974609375,1.0,0.0,0.9095082521438599,0.09635448455810547,0.0,1.0,0.0,3.7849129915237425,0.1901845932006836,0.0
bn_n50_w2_uncertain_moderate.bif,50,2,uncertain_moderate,0.25,0.5,X13,1,0.5362622117901381,0.027614116668701172,0.426361083984375,0.5376000000000001,0.00030523999999999986,0.9765071868896484,0.09984874725341797,0.0013377882098619676,0.5364,0.00035944000000000004,4.0686948776245115,0.2021780014038086,0.00013778820986187768
bn_n50_w2_uncertain_moderate.bif,50,2,uncertain_moderate,0.25,0.6,X13,1,0.5899787568534797,0.023595809936523438,0.38470458984375,0.5971,0.00011749000000000019,1.118818187713623,0.10887432098388672,0.007121243146520295,0.5909000000000001,0.0004818899999999994,4.682708430290222,0.2339468002319336,0.0009212431465204229
bn_n50_w2_uncertain_moderate.bif,50,2,uncertain_moderate,0.25,0.7,X13,1,0.7390864027813773,0.02377176284790039,0.438812255859375,0.7337999999999999,0.00017636000000000032,1.0303402423858643,0.09941387176513672,0.005286402781377375,0.7283,0.0001162100000000002,4.27568793296814,0.2128438949584961,0.010786402781377324
bn_n50_w2_uncertain_moderate.bif,50,2,uncertain_moderate,0.25,0.8,X13,1,0.819322263625752,0.020493507385253906,0.38086700439453125,0.8113000000000001,0.00011540999999999917,0.8810383558273316,0.09324932098388672,0.008022263625751869,0.8181,7.888999999999919e-05,3.7296534299850466,0.1843557357788086,0.0012222636257519515
bn_n50_w2_uncertain_moderate.bif,50,2,uncertain_moderate,0.25,0.9,X13,1,0.9372442966064252,0.022269248962402344,0.40544891357421875,0.9390000000000001,8.25999999999993e-05,0.9947356939315796,0.10275554656982422,0.0017557033935748922,0.9337000000000002,4.000999999999949e-05,4.19800591468811,0.2034749984741211,0.003544296606424968
bn_n50_w2_uncertain_moderate.bif,50,2,uncertain_moderate,0.25,1.0,X13,1,1.0,0.022088289260864258,0.4095001220703125,1.0,0.0,0.9400237083435059,0.09891796112060547,0.0,1.0,0.0,3.9074133396148683,0.1976156234741211,0.0
bn_n50_w2_uncertain_strong.bif,50,2,uncertain_strong,0.25,0.4,X2,1,0.44016521352298194,0.02280139923095703,0.44037628173828125,0.4351999999999999,0.00025656000000000013,0.9955591678619384,0.10067272186279297,0.004965213522982015,0.4407,0.0001046100000000002,4.133785510063172,0.2074422836303711,0.0005347864770180455
bn_n50_w2_uncertain_strong.bif,50,2,uncertain_strong,0.25,0.5,X2,1,0.527995986973576,0.023900747299194336,0.40606689453125,0.5273000000000001,0.00020141000000000034,0.985648798942566,0.10137462615966797,0.0006959869735758684,0.5342,0.00015196000000000027,3.970472979545593,0.1952505111694336,0.006204013026424038
bn_n50_w2_uncertain_strong.bif,50,2,uncertain_strong,0.25,0.6,X2,1,0.6367652775794242,0.023911714553833008,0.45940399169921875,0.6325000000000001,0.0001690500000000003,1.2001275062561034,0.10693645477294922,0.004265277579424187,0.6420000000000001,0.00013660000000000023,5.052346515655517,0.2451162338256836,0.005234722420575877
bn_n50_w2_uncertain_strong.bif,50,2,uncertain_strong,0.25,0.7,X2,1,0.7358440750637215,0.022429227828979492,0.42232227325439453,0.7311,6.609000000000012e-05,0.9564222812652587,0.09829235076904297,0.004744075063721542,0.7341,7.369000000000014e-05,3.9426169395446777,0.1955251693725586,0.0017440750637215396
bn_n50_w2_uncertain_strong.bif,50,2,uncertain_strong,0.25,0.8,X2,1,0.7618800582456302,0.024672746658325195,0.4234466552734375,0.7618,0.00025376000000000044,1.0127549648284913,0.10173320770263672,8.005824563017683e-05,0.7563,0.00015461000000000028,4.236088919639587,0.2078084945678711,0.005580058245630237
bn_n50_w2_uncertain_strong.bif,50,2,uncertain_strong,0.25,0.9,X2,1,0.858243514649111,0.024279117584228516,0.40123748779296875,0.8583999999999999,0.00021664000000000042,0.8745460748672486,0.09503459930419922,0.00015648535088896853,0.8596,0.00016064000000000028,3.6153192043304445,0.1794881820678711,0.0013564853508890584
bn_n50_w2_uncertain_strong.bif,50,2,uncertain_strong,0.25,1.0,X2,1,1.0,0.02502608299255371,0.41608428955078125,1.0,0.0,1.0214150905609132,0.09971904754638672,0.0,1.0,0.0,4.249230122566223,0.2128896713256836,0.0
bn_n50_w2_uniform.bif,50,2,uniform,0.25,0.4,X3,1,0.3598142242615501,0.02093195915222168,0.41211414337158203,0.3707,0.00031061000000000055,1.0313640117645264,0.10082530975341797,0.010885775738449899,0.3608,0.00021395999999999994,4.348352932929993,0.2168874740600586,0.0009857757384499344
bn_n50_w2_uniform.bif,50,2,uniform,0.25,0.5,X3,1,0.4728070554966227,0.02290058135986328,0.40966033935546875,0.47350000000000003,0.0001268499999999998,0.9446685314178467,0.09904766082763672,0.000692944503377313,0.47309999999999997,0.00011928999999999979,3.960442543029785,0.19876766204833984,0.000292944503377246
bn_n50_w2_uniform.bif,50,2,uniform,0.25,0.6,X3,1,0.6288247851889353,0.023680686950683594,0.41360950469970703,0.6222000000000001,0.00032976000000000056,0.97084641456604,0.10134410858154297,0.006624785188935167,0.6388,7.976000000000014e-05,4.07683424949646,0.2006826400756836,0.009975214811064781
bn_n50_w2_uniform.bif,50,2,uniform,0.25,0.7,X3,1,0.733189952418956,0.020555496215820312,0.37872314453125,0.7384,0.0001044400000000002,0.9282917976379395,0.09859752655029297,0.005210047581043931,0.7301,0.0002330900000000004,3.8661125898361206,0.1944417953491211,0.0030899524189560434
bn_n50_w2_uniform.bif,50,2,uniform,0.25,0.8,X3,1,0.7708511562902487,0.02300238609313965,0.41135120391845703,0.7835000000000001,0.00014045000000000024,0.9458122491836548,0.09533977508544922,0.01264884370975139,0.7658999999999999,6.349000000000011e-05,4.00915002822876,0.2072896957397461,0.0049511562902487816
bn_n50_w2_uniform.bif,50,2,uniform,0.25,0.9,X3,1,0.9343691472767268,0.023899316787719727,0.4139251708984375,0.9334999999999999,1.364999999999988e-05,1.0623466491699218,0.10585308074951172,0.0008691472767269337,0.9372999999999999,4.900999999999941e-05,4.485781145095825,0.2164449691772461,0.002930852723273092
bn_n50_w2_uniform.bif,50,2,uniform,0.25,1.0,X3,1,0.9737697235163092,0.020861148834228516,0.4094085693359375,0.9708,3.796000000000007e-05,0.8969226837158203,0.09666728973388672,0.0029697235163091973,0.9708,1.0160000000000018e-05,3.7584163904190064,0.1934499740600586,0.0029697235163091973
bn_n50_w6_concentrated_bias_low.bif,50,6,concentrated_bias_low,0.25,0.5,X45,1,0.5490944133973125,0.03169584274291992,0.5836563110351562,0.5429,6.349000000000011e-05,1.724191951751709,0.14078044891357422,0.006194413397312415,0.5511,0.00024008999999999917,7.429815745353698,0.34426021575927734,0.00200558660268757
bn_n50_w6_concentrated_bias_low.bif,50,6,concentrated_bias_low,0.25,0.6,X45,1,0.5934509642482173,0.034551143646240234,0.5882797241210938,0.5924,0.00013384000000000025,1.7145235776901244,0.14853191375732422,0.0010509642482172676,0.5907,0.00010841000000000019,7.362411832809448,0.3392324447631836,0.0027509642482173025
bn_n50_w6_concentrated_bias_low.bif,50,6,concentrated_bias_low,0.25,0.7,X45,1,0.6841288956217177,0.036730289459228516,0.6975631713867188,0.6823,6.04099999999998e-05,1.810195255279541,0.14999675750732422,0.00182889562171773,0.6785,0.00010944999999999952,7.7912723302841185,0.3499288558959961,0.0056288956217177555
bn_n50_w6_concentrated_bias_low.bif,50,6,concentrated_bias_low,0.25,0.8,X45,1,0.8392620839280376,0.03084254264831543,0.5943984985351562,0.8333999999999999,0.00012004000000000021,1.2074171781539917,0.12559032440185547,0.005862083928037665,0.8385999999999999,0.00018544000000000034,5.206137633323669,0.2691183090209961,0.0006620839280376822
bn_n50_w6_concentrated_bias_low.bif,50,6,concentrated_bias_low,0.25,0.9,X45,1,0.9436285250577243,0.03763413429260254,0.722686767578125,0.9442,5.655999999999959e-05,1.5424299716949463,0.14187145233154297,0.0005714749422757182,0.9423999999999999,3.283999999999966e-05,6.574210977554321,0.3160696029663086,0.0012285250577244167
bn_n50_w6_concentrated_bias_low.bif,50,6,concentrated_bias_low,0.25,1.0,X45,1,0.9963696317512668,0.035225629806518555,0.6040725708007812,0.9972999999999999,8.100000000000012e-07,1.4162930965423584,0.12688732147216797,0.0009303682487330489,0.9972,1.3600000000000022e-06,6.041412568092346,0.29430294036865234,0.0008303682487331709
bn_n50_w6_concentrated_bias_high.bif,50,6,concentrated_bias_high,0.25,0.4,X11,1,0.39560264830110525,0.02959156036376953,0.6418380737304688,0.3902,6.316000000000011e-05,1.419066882133484,0.12777996063232422,0.005402648301105262,0.3879,0.00016229000000000007,5.901932740211487,0.2869558334350586,0.0077026483011052305
bn_n50_w6_concentrated_bias_high.bif,50,6,concentrated_bias_high,0.25,0.5,X11,1,0.5046853468245676,0.03194713592529297,0.664581298828125,0.5122000000000001,0.00012436000000000023,1.4713456869125365,0.12753582000732422,0.00751465317543254,0.5035000000000001,0.00028685000000000055,6.268748426437378,0.3062582015991211,0.0011853468245675014
bn_n50_w6_concentrated_bias_high.bif,50,6,concentrated_bias_high,0.25,0.6,X11,1,0.639352794405165,0.032427072525024414,0.6544418334960938,0.6334,0.00034824000000000064,1.418233609199524,0.13451671600341797,0.005952794405165052,0.635,0.00029560000000000057,6.013307905197143,0.2985830307006836,0.004352794405165006
bn_n50_w6_concentrated_bias_high.bif,50,6,concentrated_bias_high,0.25,0.7,X11,1,0.6901090952627312,0.03380537033081055,0.6847076416015625,0.6855,0.0002980499999999991,1.6207303524017334,0.14047527313232422,0.004609095262731233,0.6916,9.923999999999944e-05,6.870000886917114,0.3443889617919922,0.0014909047372687612
bn_n50_w6_concentrated_bias_high.bif,50,6,concentrated_bias_high,0.25,0.8,X11,1,0.811295776460186,0.03187894821166992,0.6275787353515625,0.8186,0.00013563999999999953,1.538997745513916,0.12978649139404297,0.00730422353981397,0.8154999999999999,9.484999999999943e-05,6.5255896806716915,0.3421926498413086,0.004204223539813867
bn_n50_w6_concentrated_bias_high.bif,50,6,concentrated_bias_high,0.25,0.9,X11,1,0.9114642958600968,0.034734249114990234,0.7254638671875,0.9136000000000001,6.444000000000011e-05,1.4756183862686156,0.12417888641357422,0.0021357041399032717,0.9133000000000001,4.681000000000008e-05,6.244367861747742,0.3106985092163086,0.0018357041399033047
bn_n50_w6_concentrated_bias_high.bif,50,6,concentrated_bias_high,0.25,1.0,X11,1,0.9813649396335627,0.023538827896118164,0.6902694702148438,0.9801,6.290000000000011e-06,2.138340449333191,0.17686748504638672,0.0012649396335627783,0.9809999999999999,3.500000000000006e-05,9.11145260334015,0.47371959686279297,0.0003649396335628774
bn_n50_w6_rigid_moderate.bif,50,6,rigid_moderate,0.25,0.4,X15,1,0.37267698352360573,0.029108762741088867,0.594512939453125,0.3777,0.0001954099999999999,1.5418702840805054,0.13591289520263672,0.005023016476394249,0.3681,0.00019189000000000036,6.57303569316864,0.31664180755615234,0.004576983523605749
bn_n50_w6_rigid_moderate.bif,50,6,rigid_moderate,0.25,0.5,X15,1,0.548853036815553,0.03162217140197754,0.6256027221679688,0.5400000000000001,0.00028699999999999993,1.6267972946166993,0.14232158660888672,0.008853036815552828,0.5480000000000002,0.00018119999999999993,6.963117146492005,0.3423147201538086,0.0008530368155528212
bn_n50_w6_rigid_moderate.bif,50,6,rigid_moderate,0.25,0.6,X15,1,0.6135543268149036,0.027323246002197266,0.5030975341796875,0.6210000000000001,0.0003500000000000006,1.2383008003234863,0.12013530731201172,0.00744567318509648,0.6162,0.00012256000000000024,5.321334028244019,0.25774288177490234,0.002645673185096342
bn_n50_w6_rigid_moderate.bif,50,6,rigid_moderate,0.25,0.7,X15,1,0.6667592034101197,0.031884193420410156,0.6532821655273438,0.6673,0.00027621,1.6280499696731567,0.13457012176513672,0.0005407965898802658,0.668,0.0004648000000000002,7.054923558235169,0.3241262435913086,0.0012407965898802997
bn_n50_w6_rigid_moderate.bif,50,6,rigid_moderate,0.25,0.8,X15,1,0.7620441715705772,0.03107452392578125,0.639862060546875,0.7594999999999998,0.00014305000000000028,1.3996435880661011,0.12192821502685547,0.0025441715705774026,0.7614,0.00014564000000000027,5.992400288581848,0.30263423919677734,0.0006441715705772788
bn_n50_w6_rigid_moderate.bif,50,6,rigid_moderate,0.25,0.9,X15,1,0.9226043474774879,0.03642129898071289,0.6674575805664062,0.9254000000000001,0.00017543999999999947,1.6843689680099487,0.15355968475341797,0.0027956525225122375,0.9211000000000003,0.00016148999999999984,7.241130805015564,0.3786191940307617,0.001504347477487622
bn_n50_w6_rigid_moderate.bif,50,6,rigid_moderate,0.25,1.0,X15,1,0.9945120442349552,0.03682065010070801,0.6395111083984375,0.9941000000000001,1.4900000000000027e-06,1.4537044286727905,0.13312816619873047,0.0004120442349551112,0.9938,4.160000000000007e-06,6.207955980300904,0.31264400482177734,0.0007120442349551892
bn_n50_w6_rigid_extreme.bif,50,6,rigid_extreme,0.25,0.4,X33,1,0.3531361775701249,0.03364419937133789,0.5978927612304688,0.37109999999999993,0.00481049,1.4366349220275878,0.12291240692138672,0.017963822429875043,0.3518,0.0003015599999999999,6.1622706890106205,0.2972097396850586,0.0013361775701248857
bn_n50_w6_rigid_extreme.bif,50,6,rigid_extreme,0.25,0.5,X33,1,0.5299846465431994,0.03663039207458496,0.7064361572265625,0.5330999999999999,0.01497249,1.7722017765045166,0.13295269012451172,0.0031153534568004737,0.5329,0.0005906899999999998,7.618725991249084,0.34496593475341797,0.0029153534568006068
bn_n50_w6_rigid_extreme.bif,50,6,rigid_extreme,0.25,0.6,X33,1,0.6039965633428572,0.03482365608215332,0.6598052978515625,0.6045,0.00015505000000000027,1.6361065626144409,0.14148998260498047,0.0005034366571428084,0.6028,0.00011856000000000019,6.972860980033874,0.3271780014038086,0.0011965633428572264
bn_n50_w6_rigid_extreme.bif,50,6,rigid_extreme,0.25,0.7,X33,1,0.7116378463397127,0.03942251205444336,0.6985321044921875,0.7157,0.0004074099999999997,2.0884021282196046,0.16280651092529297,0.004062153660287282,0.7152999999999999,0.00014641000000000025,8.905587673187256,0.4246044158935547,0.003662153660287215
bn_n50_w6_rigid_extreme.bif,50,6,rigid_extreme,0.25,0.8,X33,1,0.8406500593244719,0.0320432186126709,0.5993576049804688,0.8343,2.8610000000000046e-05,1.571828579902649,0.13943004608154297,0.006350059324471857,0.8378,0.0001037600000000002,6.728646397590637,0.3199911117553711,0.0028500593244719097
bn_n50_w6_rigid_extreme.bif,50,6,rigid_extreme,0.25,0.9,X33,1,0.8719022062740109,0.03485918045043945,0.6469497680664062,0.7418,0.12046516,1.9500025510787964,0.14824199676513672,0.13010220627401092,0.8721,0.00013089000000000023,8.424440693855285,0.40035533905029297,0.00019779372598904832
bn_n50_w6_rigid_extreme.bif,50,6,rigid_extreme,0.25,1.0,X33,1,1.0,0.026937007904052734,0.5058059692382812,1.0,0.0,1.5383993864059449,0.13353252410888672,0.0,1.0,0.0,6.548684120178223,0.30246639251708984,0.0
bn_n50_w6_spread_bias_low.bif,50,6,spread_bias_low,0.25,0.6,X6,1,0.6283289238162028,0.033476829528808594,0.8907699584960938,0.633,0.0002676000000000005,1.619207215309143,0.14284038543701172,0.004671076183797251,0.6251,7.649000000000013e-05,6.912497115135193,0.34986019134521484,0.0032289238162027667
bn_n50_w6_spread_bias_low.bif,50,6,spread_bias_low,0.25,0.7,X6,1,0.6768902642057797,0.03793835639953613,0.8956222534179688,0.6773,0.00020740999999999953,1.9621354579925536,0.14853954315185547,0.0004097357942203228,0.6745,0.00014364999999999978,8.367285871505738,0.40116024017333984,0.002390264205779702
bn_n50_w6_spread_bias_low.bif,50,6,spread_bias_low,0.25,0.8,X6,1,0.7788565193007562,0.031010866165161133,0.535797119140625,0.7746999999999999,0.00016141000000000029,1.4296118497848511,0.13063335418701172,0.004156519300756223,0.7811,0.00031549000000000057,6.047336483001709,0.2938680648803711,0.0022434806992438494
bn_n50_w6_spread_bias_low.bif,50,6,spread_bias_low,0.25,0.9,X6,1,0.9424256475996756,0.02970266342163086,0.5969085693359375,0.9448000000000001,0.00011455999999999919,1.3653259038925172,0.11135387420654297,0.0023743524003244643,0.9428000000000001,2.1559999999999712e-05,5.766605496406555,0.2606649398803711,0.0003743524003244625
bn_n50_w6_spread_bias_low.bif,50,6,spread_bias_low,0.25,1.0,X6,1,0.9997708287648589,0.03165268898010254,0.6258163452148438,0.9997000000000001,4.1000000000000073e-07,1.5546263933181763,0.12164592742919922,7.082876485875467e-05,0.9998000000000001,1.600000000000003e-07,6.614493727684021,0.33724021911621094,2.917123514123432e-05
bn_n50_w6_spread_bias_high.bif,50,6,spread_bias_high,0.25,0.4,X17,1,0.44308349171904327,0.031645774841308594,0.6445770263671875,0.44320000000000004,0.00027356000000000017,1.4657777070999145,0.13344097137451172,0.00011650828095677301,0.45,0.00018360000000000032,6.2636322498321535,0.31098079681396484,0.006916508280956746
bn_n50_w6_spread_bias_high.bif,50,6,spread_bias_high,0.25,0.5,X17,1,0.5103904436041612,0.03696084022521973,0.7057113647460938,0.5063,0.00013661000000000025,1.8822477817535401,0.14681529998779297,0.00409044360416122,0.5176000000000001,0.0003028400000000005,8.0995192527771,0.37150096893310547,0.0072095563958388675
bn_n50_w6_spread_bias_high.bif,50,6,spread_bias_high,0.25,0.6,X17,1,0.6449454094762217,0.03362226486206055,0.6776657104492188,0.6458000000000002,0.0001713600000000003,1.4661866664886474,0.13373851776123047,0.0008545905237784535,0.6442,0.0003061600000000006,6.3145370244979855,0.31798458099365234,0.0007454094762217034
bn_n50_w6_spread_bias_high.bif,50,6,spread_bias_high,0.25,0.7,X17,1,0.6805114214516546,0.030824899673461914,0.5959091186523438,0.6897,0.0001904099999999991,1.5409554481506347,0.13831615447998047,0.009188578548345427,0.6695000000000001,0.0001930499999999999,6.581139278411865,0.3189992904663086,0.011011421451654457
bn_n50_w6_spread_bias_high.bif,50,6,spread_bias_high,0.25,0.8,X17,1,0.7733244179283433,0.028612852096557617,0.5680923461914062,0.7757000000000001,0.0001552100000000003,1.3041009664535523,0.12386608123779297,0.002375582071656779,0.7726000000000001,0.00020044000000000035,5.578115296363831,0.2785634994506836,0.0007244179283432128
bn_n50_w6_spread_bias_high.bif,50,6,spread_bias_high,0.25,0.9,X17,1,0.9484955404472719,0.028189897537231445,0.5247650146484375,0.953,2.3000000000000037e-05,1.5279345273971559,0.14593029022216797,0.004504459552728046,0.9493,3.8810000000000064e-05,6.580688333511352,0.2965688705444336,0.0008044595527281206
bn_n50_w6_spread_bias_high.bif,50,6,spread_bias_high,0.25,1.0,X17,1,0.9973628979888667,0.030203819274902344,0.5459136962890625,0.9970999999999999,2.290000000000004e-06,1.2821084976196289,0.12258434295654297,0.00026289798886680593,0.9977,1.8100000000000034e-06,5.488978338241577,0.2794332504272461,0.00033710201113335003
bn_n50_w6_uncertain_moderate.bif,50,6,uncertain_moderate,0.25,0.4,X1,1,0.41060327050654644,0.02895522117614746,0.5226058959960938,0.4101,0.00034368999999999974,1.2782093048095704,0.12153911590576172,0.000503270506546416,0.41209999999999997,0.00025248999999999985,5.322066426277161,0.2666006088256836,0.0014967294934535302
bn_n50_w6_uncertain_moderate.bif,50,6,uncertain_moderate,0.25,0.5,X1,1,0.5237749116030698,0.02813863754272461,0.523834228515625,0.521,0.00022380000000000043,1.4949321031570435,0.13195323944091797,0.002774911603069752,0.5203,0.00036121000000000064,6.245576119422912,0.31207942962646484,0.0034749116030697857
bn_n50_w6_uncertain_moderate.bif,50,6,uncertain_moderate,0.25,0.6,X1,1,0.5912610988424912,0.0351099967956543,0.6771240234375,0.59,0.00013820000000000027,1.5286697626113892,0.13341045379638672,0.0012610988424912595,0.5978999999999999,0.0002572900000000004,6.439485573768616,0.3350667953491211,0.006638901157508648
bn_n50_w6_uncertain_moderate.bif,50,6,uncertain_moderate,0.25,0.7,X1,1,0.7200684345679007,0.0335087776184082,0.5958633422851562,0.7217,0.00017881000000000033,1.3463771104812623,0.12333965301513672,0.0016315654320993023,0.7183999999999999,0.0003414399999999998,5.720727801322937,0.3223705291748047,0.0016684345679007784
bn_n50_w6_uncertain_moderate.bif,50,6,uncertain_moderate,0.25,0.8,X1,1,0.7652897322638536,0.0337214469909668,0.6610794067382812,0.763,3.280000000000005e-05,1.6092298030853271,0.13047313690185547,0.002289732263853539,0.7662000000000001,0.00014976000000000025,6.814147901535034,0.3424863815307617,0.0009102677361465528
bn_n50_w6_uncertain_moderate.bif,50,6,uncertain_moderate,0.25,0.9,X1,1,0.9478963130976418,0.030162811279296875,0.5692520141601562,0.9452000000000002,8.55599999999995e-05,1.2734781980514527,0.12242412567138672,0.0026963130976416227,0.9469999999999998,1.9600000000000036e-05,5.315672969818115,0.2945280075073242,0.000896313097641932
bn_n50_w6_uncertain_moderate.bif,50,6,uncertain_moderate,0.25,1.0,X1,1,0.9588971410367898,0.03258681297302246,0.5410308837890625,0.9591999999999998,2.276000000000004e-05,1.5499537467956543,0.13514232635498047,0.0003028589632100287,0.9557,1.1010000000000018e-05,6.5729567289352415,0.36525630950927734,0.003197141036789808
bn_n50_w6_uncertain_strong.bif,50,6,uncertain_strong,0.25,0.4,X24,1,0.41991948149733827,0.03879904747009277,0.7352142333984375,0.4204,0.00016284000000000003,1.8980970621109008,0.15052318572998047,0.0004805185026617309,0.4208,0.0002271599999999999,8.009610033035278,0.3762044906616211,0.0008805185026617424
bn_n50_w6_uncertain_strong.bif,50,6,uncertain_strong,0.25,0.5,X24,1,0.46215509127895593,0.031250715255737305,0.5904617309570312,0.4702,0.00031975999999999977,1.1898874282836913,0.11817455291748047,0.008044908721044075,0.4574,0.0003216399999999999,4.948679137229919,0.2499532699584961,0.0047550912789559585
bn_n50_w6_uncertain_strong.bif,50,6,uncertain_strong,0.25,0.6,X24,1,0.6435984946486194,0.03883957862854004,0.7350082397460938,0.6437,0.00027921000000000055,1.8290459156036376,0.13573741912841797,0.00010150535138064853,0.6447,0.0002584100000000005,7.689721584320068,0.35541439056396484,0.0011015053513806494
bn_n50_w6_uncertain_strong.bif,50,6,uncertain_strong,0.25,0.7,X24,1,0.6691981162152714,0.03451991081237793,0.6975021362304688,0.6662,0.00039335999999999945,1.4272688388824464,0.13051128387451172,0.0029981162152713514,0.6800000000000002,0.00019399999999999957,6.006148362159729,0.2978782653808594,0.010801883784728794
bn_n50_w6_uncertain_strong.bif,50,6,uncertain_strong,0.25,0.8,X24,1,0.7585263971740721,0.02965831756591797,0.58514404296875,0.7547,6.601000000000011e-05,1.3335266590118409,0.15049266815185547,0.0038263971740720715,0.7647999999999999,0.00018836000000000032,5.585750102996826,0.2635917663574219,0.006273602825927815
bn_n50_w6_uncertain_strong.bif,50,6,uncertain_strong,0.25,0.9,X24,1,0.8622135689690333,0.03628659248352051,0.736602783203125,0.8567,5.6610000000000103e-05,1.8758248090744019,0.18630123138427734,0.005513568969033322,0.8633,0.00011701000000000021,7.966688418388367,0.3591728210449219,0.001086431030966617
bn_n50_w6_uncertain_strong.bif,50,6,uncertain_strong,0.25,1.0,X24,1,1.0,0.030744314193725586,0.6563796997070312,1.0,0.0,1.3760972261428832,0.16309261322021484,0.0,1.0,0.0,5.74455692768097,0.2918205261230469,0.0
bn_n50_w6_uniform.bif,50,6,uniform,0.25,0.4,X44,1,0.4077173066853116,0.03650188446044922,0.6605300903320312,0.403,0.00012639999999999966,1.6556652784347534,0.14487743377685547,0.004717306685311562,0.4151000000000001,0.00032568999999999995,7.063584709167481,0.3410940170288086,0.007382693314688493
bn_n50_w6_uniform.bif,50,6,uniform,0.25,0.5,X44,1,0.5223863470968457,0.02854156494140625,0.5518341064453125,0.523,0.0002754000000000005,1.4201651334762573,0.13537883758544922,0.0006136529031542937,0.5242000000000001,0.00017996000000000033,6.031037306785583,0.3004179000854492,0.0018136529031543835
bn_n50_w6_uniform.bif,50,6,uniform,0.25,0.6,X44,1,0.602858216696658,0.027910709381103516,0.5729656219482422,0.6018,0.00015856000000000027,1.424883246421814,0.12672710418701172,0.0010582166966579543,0.6003000000000001,0.00018301000000000032,6.004428744316101,0.2859373092651367,0.0025582166966579
bn_n50_w6_uniform.bif,50,6,uniform,0.25,0.7,X44,1,0.6787832513914442,0.03574180603027344,0.8989381790161133,0.6698000000000001,0.0002353599999999995,1.8371606349945069,0.1445150375366211,0.00898325139144418,0.6809,0.00012828999999999944,7.802027320861816,0.4000053405761719,0.0021167486085557075
bn_n50_w6_uniform.bif,50,6,uniform,0.25,0.8,X44,1,0.8483425079586474,0.031733036041259766,0.6266708374023438,0.851,6.760000000000011e-05,1.3554176568984986,0.12060070037841797,0.0026574920413525716,0.8507,9.361000000000016e-05,5.711633682250977,0.3006324768066406,0.0023574920413526046
bn_n50_w6_uniform.bif,50,6,uniform,0.25,0.9,X44,1,0.911002117255154,0.03870964050292969,0.6768341064453125,0.9136,0.00014224000000000026,1.7508212089538575,0.17935466766357422,0.0025978827448459585,0.9100999999999999,7.529000000000013e-05,7.518972110748291,0.37559032440185547,0.0009021172551541001
bn_n50_w6_uniform.bif,50,6,uniform,0.25,1.0,X44,1,0.9988442788303901,0.0369877815246582,0.6739501953125,0.9985999999999999,1.040000000000002e-06,1.8710075855255126,0.19667339324951172,0.0002442788303901322,0.9986,8.400000000000015e-07,7.804875278472901,0.38000011444091797,0.0002442788303900212
