Network,N_Nodes,Density,Rigidity,Hidden_Ratio,Target_Bucket,Target_Node,Target_Value,Exact_SDP,Exact_Time_sec,Exact_Peak_Memory_MB_Python,Exact_Peak_Memory_MB_RSS,MCMC_Mean_SDP,MCMC_Variance,MCMC_Avg_Time_sec,MCMC_Peak_Memory_MB_Python,MCMC_Peak_Memory_MB_RSS,Absolute_Error,PT_MCMC_Mean_SDP,PT_MCMC_Variance,PT_MCMC_Avg_Time_sec,PT_Peak_Memory_MB_Python,PT_Peak_Memory_MB_RSS,PT_Absolute_Error
bn_n100_w2_concentrated_bias_high.bif,100,2,concentrated_bias_high,0.25,0.4,X4,1,0.409848018643303,0.06865644454956055,0.8229265213012695,0.0,0.40490000000000004,0.0003080899999999998,0.9940458536148071,0.16942596435546875,0.0,0.004948018643302965,0.40920000000000006,0.00024435999999999973,4.324754047393799,0.287506103515625,0.0,0.0006480186433029389
bn_n100_w2_concentrated_bias_high.bif,100,2,concentrated_bias_high,0.25,0.9,X4,1,0.8521289918624688,0.05705547332763672,0.7931947708129883,0.0,0.8571,0.00015349000000000027,1.1042492151260377,0.1721658706665039,0.0,0.004971008137531152,0.8457999999999999,7.396000000000013e-05,4.586282253265381,0.2903261184692383,0.0,0.006328991862468936
bn_n100_w2_concentrated_bias_high.bif,100,2,concentrated_bias_high,0.25,1.0,X4,1,1.0,0.062361955642700195,0.7846193313598633,0.0,1.0,0.0,1.088711714744568,0.16938114166259766,0.0,0.0,1.0,0.0,4.208769583702088,0.3199748992919922,0.0,0.0
bn_n100_w2_concentrated_bias_high.bif,100,2,concentrated_bias_high,0.5,0.9,X4,1,0.9440435563557789,0.030315399169921875,0.6581401824951172,0.0,0.9438999999999999,8.928999999999957e-05,1.04691641330719,0.17482948303222656,0.0,0.0001435563557790065,0.9424999999999999,0.00011024999999999932,4.094355773925781,0.28975772857666016,0.0,0.0015435563557789633
bn_n100_w2_concentrated_bias_high.bif,100,2,concentrated_bias_high,0.5,1.0,X4,1,0.9520122788135503,0.03729104995727539,0.6948223114013672,0.0,0.9504999999999999,4.825000000000009e-05,0.9659544467926026,0.1758747100830078,0.0,0.0015122788135504273,0.9555,2.0850000000000036e-05,3.8007751226425173,0.28992557525634766,0.0,0.003487721186449688
bn_n100_w2_concentrated_bias_low.bif,100,2,concentrated_bias_low,0.25,0.5,X65,1,0.5175279762079869,0.06366229057312012,0.8091707229614258,0.0,0.5108,0.0002765600000000005,1.1212952375411986,0.17263031005859375,0.0,0.006727976207986819,0.5218,0.00028276000000000055,4.598375678062439,0.28639984130859375,0.0,0.004272023792013191
bn_n100_w2_concentrated_bias_low.bif,100,2,concentrated_bias_low,0.25,0.7,X65,1,0.7107677922963295,0.07107400894165039,0.8004426956176758,0.0,0.7101,0.00015489000000000027,1.0366575956344604,0.16951847076416016,0.0,0.0006677922963295169,0.7121999999999999,0.00032376000000000063,4.309622740745544,0.28479480743408203,0.0,0.001432207703670474
bn_n100_w2_concentrated_bias_low.bif,100,2,concentrated_bias_low,0.25,0.9,X65,1,0.8872640466389679,0.05469703674316406,0.788334846496582,0.0,0.8878,6.116000000000011e-05,1.1058039665222168,0.16989994049072266,0.0,0.000535953361032182,0.8848,9.336000000000015e-05,4.2068171262741085,0.28515625,0.0,0.0024640466389678206
bn_n100_w2_concentrated_bias_low.bif,100,2,concentrated_bias_low,0.25,1.0,X65,1,1.0,0.07001256942749023,0.7823772430419922,0.0,1.0,0.0,0.9291204214096069,0.16634559631347656,0.0,0.0,1.0,0.0,3.8220107316970826,0.27042484283447266,0.0,0.0
bn_n100_w2_concentrated_bias_low.bif,100,2,concentrated_bias_low,0.5,0.4,X65,1,0.44989423150448443,0.0344548225402832,0.6245326995849609,0.0,0.44610000000000005,0.00018209000000000004,1.0749336004257202,0.17870521545410156,0.0,0.00379423150448438,0.4394,0.00022323999999999998,4.377127528190613,0.31841468811035156,0.0,0.01049423150448442
bn_n100_w2_concentrated_bias_low.bif,100,2,concentrated_bias_low,0.5,0.5,X65,1,0.5115077605308996,0.04712224006652832,0.5944728851318359,0.0,0.5058,0.00015656000000000025,1.1256212711334228,0.1786823272705078,0.0,0.005707760530899608,0.5085,0.00021325000000000039,4.295068693161011,0.2980823516845703,0.0,0.0030077605308996835
bn_n100_w2_concentrated_bias_low.bif,100,2,concentrated_bias_low,0.5,0.7,X65,1,0.7269604380442017,0.06559872627258301,9.42963981628418,16.4375,0.7268,0.00015136000000000026,1.0616727352142334,0.1764240264892578,0.0,0.00016043804420173835,0.7205,0.0003266500000000006,4.364244437217712,0.3130178451538086,0.0,0.006460438044201711
bn_n100_w2_concentrated_bias_low.bif,100,2,concentrated_bias_low,0.5,0.9,X65,1,0.9401347914223902,0.16982674598693848,36.43782615661621,90.6875,0.9442999999999999,2.9209999999999664e-05,1.1708706855773925,0.18203163146972656,0.0,0.004165208577609714,0.9365,4.2849999999999456e-05,4.661617588996887,0.3016948699951172,0.0,0.0036347914223902045
bn_n100_w2_concentrated_bias_low.bif,100,2,concentrated_bias_low,0.5,1.0,X65,1,1.0,0.07057738304138184,0.6454601287841797,0.0,1.0,0.0,1.0725294589996337,0.1768512725830078,0.0,0.0,1.0,0.0,4.023427176475525,0.29522037506103516,0.0,0.0
bn_n100_w2_rigid_moderate.bif,100,2,rigid_moderate,0.25,0.4,X44,1,0.43350723502983346,0.06881976127624512,0.7770366668701172,0.0,0.4382,0.0002545600000000001,0.9559232234954834,0.1677875518798828,0.0,0.004692764970166519,0.42919999999999997,0.0005063599999999998,4.072446393966675,0.3116598129272461,0.0,0.004307235029833489
bn_n100_w2_rigid_moderate.bif,100,2,rigid_moderate,0.25,0.5,X44,1,0.4908979350561259,0.05869269371032715,0.7974834442138672,0.0,0.49349999999999994,0.00013864999999999998,1.0169100999832152,0.1662158966064453,0.0,0.0026020649438740495,0.49250000000000005,0.00023465000000000045,4.065556383132934,0.2737712860107422,0.0,0.0016020649438741597
bn_n100_w2_rigid_moderate.bif,100,2,rigid_moderate,0.25,0.7,X44,1,0.6907179520332517,0.07841944694519043,0.8149013519287109,0.0,0.698,0.00012939999999999946,1.0367689847946167,0.16794776916503906,0.0,0.007282047966748251,0.6873,0.00018600999999999918,4.045789027214051,0.28133487701416016,0.0,0.003417952033251681
bn_n100_w2_rigid_moderate.bif,100,2,rigid_moderate,0.25,0.9,X44,1,0.8846419120238329,0.06322407722473145,0.7758235931396484,0.0,0.8859,0.00015169000000000028,0.9896240472793579,0.16869544982910156,0.0,0.0012580879761671104,0.8864000000000001,8.464000000000015e-05,4.189827966690063,0.3036670684814453,0.0,0.0017580879761671664
bn_n100_w2_rigid_moderate.bif,100,2,rigid_moderate,0.25,1.0,X44,1,1.0,0.028554916381835938,0.7631893157958984,0.0,1.0,0.0,0.9804983377456665,0.1652545928955078,0.0,0.0,1.0,0.0,4.147195172309876,0.27210330963134766,0.0,0.0
bn_n100_w2_rigid_moderate.bif,100,2,rigid_moderate,0.5,0.4,X44,1,0.4295483957098119,0.03250432014465332,1.3591899871826172,0.0,0.4201,0.0003182899999999998,1.1046640396118164,0.17782020568847656,0.0,0.00944839570981193,0.43019999999999997,0.00025876000000000013,4.230578517913818,0.3010416030883789,0.0,0.0006516042901880681
bn_n100_w2_rigid_moderate.bif,100,2,rigid_moderate,0.5,0.5,X44,1,0.4795218703232253,0.06721615791320801,2.6736812591552734,0.0,0.47539999999999993,0.00012643999999999974,0.9785054683685303,0.1767749786376953,0.0,0.004121870323225363,0.48,0.00027519999999999975,4.082095289230347,0.2949810028076172,0.0,0.00047812967677468565
bn_n100_w2_rigid_moderate.bif,100,2,rigid_moderate,0.5,0.7,X44,1,0.6750243635173901,0.24537205696105957,144.42831993103027,408.5625,0.6768,0.00022035999999999944,1.0838839769363404,0.1799335479736328,0.0,0.0017756364826098103,0.671,0.00021179999999999997,4.4758450269699095,0.3269224166870117,0.0,0.004024363517390106
bn_n100_w2_rigid_moderate.bif,100,2,rigid_moderate,0.5,0.9,X44,1,0.915154159869322,0.0325472354888916,1.5497112274169922,0.0,0.9166000000000001,7.304000000000013e-05,1.0767139434814452,0.17656898498535156,0.0,0.0014458401306780555,0.9185000000000001,8.465000000000015e-05,4.19369158744812,0.32007503509521484,0.0,0.0033458401306780683
bn_n100_w2_rigid_moderate.bif,100,2,rigid_moderate,0.5,1.0,X44,1,1.0,0.07859277725219727,36.41425132751465,70.0625,1.0,0.0,1.122688603401184,0.17661476135253906,0.0,0.0,1.0,0.0,4.5181868314743046,0.30568790435791016,0.0,0.0
bn_n100_w2_rigid_extreme.bif,100,2,rigid_extreme,0.25,0.4,X76,1,0.42036695285522635,0.06466937065124512,0.7822704315185547,0.0,0.4297000000000001,0.008563410000000004,1.0552602767944337,0.1689624786376953,0.0,0.009333047144773732,0.41800000000000004,0.0023626000000000003,4.368451404571533,0.28447818756103516,0.0,0.002366952855226312
bn_n100_w2_rigid_extreme.bif,100,2,rigid_extreme,0.25,0.5,X76,1,0.4943432775123714,0.06961894035339355,0.8064022064208984,0.0,0.4952,0.0005591600000000006,1.104984951019287,0.1687183380126953,0.0,0.0008567224876285806,0.48840000000000006,0.0003438400000000003,4.439030742645263,0.3258810043334961,0.0,0.005943277512371337
bn_n100_w2_rigid_extreme.bif,100,2,rigid_extreme,0.25,0.7,X76,1,0.6577914071981941,0.06094813346862793,0.8003444671630859,0.0,0.6544000000000001,6.564000000000012e-05,1.0552335500717163,0.16666603088378906,0.0,0.003391407198193974,0.6508999999999999,0.00015629000000000028,4.071574854850769,0.2861347198486328,0.0,0.006891407198194144
bn_n100_w2_rigid_extreme.bif,100,2,rigid_extreme,0.25,0.9,X76,1,0.9072780190565074,0.06535506248474121,0.7765712738037109,0.0,0.9057000000000001,2.3410000000000042e-05,1.0812860250473022,0.1705799102783203,0.0,0.0015780190565073404,0.9113,6.481000000000012e-05,4.795762252807617,0.28910160064697266,0.0,0.004021980943492598
bn_n100_w2_rigid_extreme.bif,100,2,rigid_extreme,0.25,1.0,X76,1,0.9999999999999999,0.054435014724731445,0.7728071212768555,0.0,1.0,0.0,1.0869216918945312,0.16883277893066406,0.0,1.1102230246251565e-16,1.0,0.0,4.102512979507447,0.3094320297241211,0.0,1.1102230246251565e-16
bn_n100_w2_rigid_extreme.bif,100,2,rigid_extreme,0.5,0.4,X76,1,0.4308527432210028,0.029383420944213867,0.5656566619873047,0.0,0.43149999999999994,0.0003360500000000001,1.0847282409667969,0.1773548126220703,0.0,0.0006472567789971295,0.4345,0.0003006500000000001,4.254312562942505,0.2861795425415039,0.0,0.0036472567789971877
bn_n100_w2_rigid_extreme.bif,100,2,rigid_extreme,0.5,0.5,X76,1,0.4995325517964128,27.554296731948853,0.9095516204833984,0.0,0.5013,0.0005066100000000009,1.1228394985198975,0.17855262756347656,0.0,0.001767448203587152,0.497,0.0003920000000000003,4.085620713233948,0.29505252838134766,0.0,0.0025325517964128186
bn_n100_w2_rigid_extreme.bif,100,2,rigid_extreme,0.5,0.7,X76,1,0.7357954912618545,0.027066469192504883,2.6761837005615234,0.0,0.7391,0.001086490000000002,0.9986641883850098,0.1773090362548828,0.0,0.003304508738145473,0.7413000000000001,0.0006682100000000013,4.272654891014099,0.30043888092041016,0.0,0.005504508738145564
bn_n100_w2_rigid_extreme.bif,100,2,rigid_extreme,0.5,0.9,X76,1,0.8731589054984589,0.0575871467590332,0.5582332611083984,0.0,0.8765000000000001,0.00015165000000000027,1.0361654043197632,0.17591285705566406,0.0,0.0033410945015411864,0.8728999999999999,0.00010449000000000019,4.104901647567749,0.2872171401977539,0.0,0.00025890549845897226
bn_n100_w2_rigid_extreme.bif,100,2,rigid_extreme,0.5,1.0,X76,1,1.0,0.04414176940917969,0.6447429656982422,0.0,1.0,0.0,1.081015658378601,0.2048625946044922,0.0,0.0,1.0,0.0,4.047617983818054,0.29723167419433594,0.0,0.0
bn_n100_w2_spread_bias_low.bif,100,2,spread_bias_low,0.25,0.7,X11,1,0.7368386471189896,0.06216883659362793,0.7764415740966797,0.0,0.7368999999999999,7.189000000000013e-05,0.9203572034835815,0.1656055450439453,0.0,6.135288101027925e-05,0.7405999999999999,0.00018964000000000036,4.135512733459473,0.3103628158569336,0.0,0.003761352881010316
bn_n100_w2_spread_bias_low.bif,100,2,spread_bias_low,0.25,0.9,X11,1,0.9108017321945778,0.05899453163146973,0.7730922698974609,0.0,0.9126,8.244000000000017e-05,1.0550276041030884,0.16652870178222656,0.0,0.001798267805422138,0.9105000000000001,6.405000000000012e-05,4.237509155273438,0.27314090728759766,0.0,0.0003017321945777418
bn_n100_w2_spread_bias_low.bif,100,2,spread_bias_low,0.25,1.0,X11,1,0.9720621549476595,0.0626523494720459,0.7886791229248047,0.0,0.9720000000000001,2.0000000000000032e-05,0.9876323461532592,0.1648273468017578,0.0,6.215494765937635e-05,0.9759,1.3690000000000023e-05,4.232273650169373,0.3095235824584961,0.0,0.003837845052340527
bn_n100_w2_spread_bias_low.bif,100,2,spread_bias_low,0.5,0.7,X11,1,0.7052537234063149,0.04461193084716797,2.6737422943115234,0.0,0.7081,8.209000000000014e-05,1.0364138603210449,0.1782550811767578,0.0,0.002846276593685082,0.705,0.0003018,4.33376944065094,0.2952127456665039,0.0,0.00025372340631490964
bn_n100_w2_spread_bias_low.bif,100,2,spread_bias_low,0.5,0.9,X11,1,0.9297612253695731,0.05018115043640137,0.7742290496826172,0.0,0.9259000000000001,7.368999999999983e-05,1.0996400117874146,0.1801929473876953,0.0,0.003861225369573007,0.9303000000000001,5.920999999999977e-05,4.295550870895386,0.30087852478027344,0.0,0.0005387746304270635
bn_n100_w2_spread_bias_low.bif,100,2,spread_bias_low,0.5,1.0,X11,1,0.9876597406522274,0.1423192024230957,18.426671981811523,8.1875,0.9876000000000001,1.4040000000000021e-05,0.9544910192489624,0.1755390167236328,0.0,5.9740652227247004e-05,0.9879000000000001,8.690000000000015e-06,4.028594970703125,0.29967689514160156,0.0,0.00024025934777271996
bn_n100_w2_spread_bias_high.bif,100,2,spread_bias_high,0.25,0.4,X2,1,0.40116697581670085,0.05317401885986328,0.7694606781005859,0.0,0.4084,0.0001982399999999997,1.087868881225586,0.16910743713378906,0.0,0.0072330241832991304,0.3925,0.00034385000000000004,4.260515332221985,0.2806529998779297,0.0,0.00866697581670084
bn_n100_w2_spread_bias_high.bif,100,2,spread_bias_high,0.25,0.5,X2,1,0.5221328296539364,0.06084918975830078,0.7660503387451172,0.0,0.5199999999999999,0.0002790000000000005,0.9638920068740845,0.1643390655517578,0.0,0.0021328296539364633,0.5249,0.00020309000000000033,4.008090257644653,0.28014183044433594,0.0,0.002767170346063663
bn_n100_w2_spread_bias_high.bif,100,2,spread_bias_high,0.25,0.7,X2,1,0.6718126745285649,0.06332659721374512,0.8205242156982422,0.0,0.6718000000000001,0.0002887599999999997,1.1455870628356934,0.1726551055908203,0.0,1.2674528564793341e-05,0.6703000000000001,0.00015000999999999987,4.6408896207809445,0.2978067398071289,0.0,0.0015126745285647392
bn_n100_w2_spread_bias_high.bif,100,2,spread_bias_high,0.25,0.9,X2,1,0.94519149449828,0.05370044708251953,0.7817821502685547,0.0,0.9449,5.488999999999981e-05,1.0811139583587646,0.1703052520751953,0.0,0.0002914944982800316,0.9484999999999999,4.2049999999999816e-05,4.125522971153259,0.2791423797607422,0.0,0.003308505501719905
bn_n100_w2_spread_bias_high.bif,100,2,spread_bias_high,0.25,1.0,X2,1,1.0,0.071258544921875,0.7761745452880859,0.0,1.0,0.0,0.9378333806991577,0.1646747589111328,0.0,0.0,1.0,0.0,3.872747611999512,0.3002490997314453,0.0,0.0
bn_n100_w2_spread_bias_high.bif,100,2,spread_bias_high,0.5,0.4,X2,1,0.39378529365798776,0.043290138244628906,0.6800060272216797,0.0,0.3937,7.96099999999999e-05,1.1246814727783203,0.1803913116455078,0.0,8.529365798776167e-05,0.3845,0.00031225000000000014,4.462244772911072,0.29769229888916016,0.0,0.009285293657987748
bn_n100_w2_spread_bias_high.bif,100,2,spread_bias_high,0.5,0.5,X2,1,0.49393057663251494,0.05465865135192871,0.6429195404052734,0.0,0.4934,0.0005524400000000003,1.0437378406524658,0.1776752471923828,0.0,0.0005305766325149341,0.4907,0.0002842100000000001,4.14543514251709,0.29305362701416016,0.0,0.0032305766325149143
bn_n100_w2_spread_bias_high.bif,100,2,spread_bias_high,0.5,0.7,X2,1,0.7385144378408044,0.06402778625488281,0.6530513763427734,0.0,0.7469,0.0016818900000000032,1.0493563413619995,0.1799945831298828,0.0,0.008385562159195614,0.7343,0.0012218100000000024,4.482052206993103,0.3054676055908203,0.0,0.004214437840804441
bn_n100_w2_spread_bias_high.bif,100,2,spread_bias_high,0.5,0.9,X2,1,0.919705988111282,0.07638263702392578,1.5354290008544922,0.0,0.9190000000000002,8.140000000000014e-05,1.1418939590454102,0.17557716369628906,0.0,0.0007059881112818633,0.9226000000000001,7.864000000000014e-05,4.5521560430526735,0.30484867095947266,0.0,0.0028940118887180732
bn_n100_w2_spread_bias_high.bif,100,2,spread_bias_high,0.5,1.0,X2,1,1.0,0.03066229820251465,0.5709590911865234,0.0,1.0,0.0,0.9994837284088135,0.1745471954345703,0.0,0.0,1.0,0.0,3.8368136644363404,0.29229068756103516,0.0,0.0
bn_n100_w2_uncertain_moderate.bif,100,2,uncertain_moderate,0.25,0.4,X3,1,0.40864701910623813,0.06639432907104492,0.7739009857177734,0.0,0.4172999999999999,0.00033080999999999996,0.9892235994338989,0.16735267639160156,0.0,0.008652980893761764,0.41689999999999994,0.00022188999999999982,3.9753338575363157,0.26683902740478516,0.0,0.008252980893761808
bn_n100_w2_uncertain_moderate.bif,100,2,uncertain_moderate,0.25,0.5,X3,1,0.457796035908021,0.06571626663208008,0.7907390594482422,0.0,0.4593,0.0002012099999999998,1.113996720314026,0.1697101593017578,0.0,0.0015039640919790043,0.4585,0.0004440499999999999,4.351191186904908,0.2929086685180664,0.0,0.0007039640919790369
bn_n100_w2_uncertain_moderate.bif,100,2,uncertain_moderate,0.25,0.7,X3,1,0.7121942723931578,0.06877756118774414,0.7735500335693359,0.0,0.7155,0.00016644999999999963,1.1118796348571778,0.1754932403564453,0.0,0.0033057276068422237,0.7239,0.0003110900000000006,4.579156064987183,0.3332386016845703,0.0,0.011705727606842187
bn_n100_w2_uncertain_moderate.bif,100,2,uncertain_moderate,0.25,0.9,X3,1,0.9189237541223418,0.066192626953125,0.8605403900146484,0.0,0.9193000000000001,6.861000000000012e-05,1.1802299976348878,0.1715869903564453,0.0,0.00037624587765827666,0.9172000000000002,2.656000000000005e-05,4.948203182220459,0.31402015686035156,0.0,0.001723754122341603
bn_n100_w2_uncertain_moderate.bif,100,2,uncertain_moderate,0.25,1.0,X3,1,1.0,0.05573582649230957,0.7570705413818359,0.0,1.0,0.0,1.0362221002578735,0.16649818420410156,0.0,0.0,1.0,0.0,3.9241852521896363,0.2756509780883789,0.0,0.0
bn_n100_w2_uncertain_moderate.bif,100,2,uncertain_moderate,0.5,0.4,X3,1,0.4277044508266918,0.06250309944152832,0.6760463714599609,0.0,0.43150000000000005,0.00031744999999999994,1.057080054283142,0.17801856994628906,0.0,0.003795549173308266,0.4208,0.0001283599999999998,4.424574398994446,0.2993183135986328,0.0,0.006904450826691777
bn_n100_w2_uncertain_moderate.bif,100,2,uncertain_moderate,0.5,0.5,X3,1,0.5164025446329604,0.060593366622924805,0.6675701141357422,0.0,0.5109,0.0004354900000000003,1.1112569570541382,0.17945289611816406,0.0,0.005502544632960404,0.5222,0.00046195999999999987,4.452858710289002,0.29811954498291016,0.0,0.005797455367039572
bn_n100_w2_uncertain_moderate.bif,100,2,uncertain_moderate,0.5,0.7,X3,1,0.6521389127639091,0.055104970932006836,0.5773067474365234,0.0,0.6516000000000001,0.00014724000000000028,1.0467623233795167,0.17452430725097656,0.0,0.0005389127639090496,0.6508999999999999,0.00036289000000000064,3.956195521354675,0.3151836395263672,0.0,0.0012389127639091946
bn_n100_w2_uncertain_moderate.bif,100,2,uncertain_moderate,0.5,0.9,X3,1,0.9058887977477427,0.06246352195739746,0.6263027191162109,0.0,0.9087999999999999,8.356000000000016e-05,0.9765268564224243,0.1742115020751953,0.0,0.0029112022522572722,0.9059000000000001,0.00015169000000000028,4.116871118545532,0.2848520278930664,0.0,1.1202252257480616e-05
bn_n100_w2_uncertain_moderate.bif,100,2,uncertain_moderate,0.5,1.0,X3,1,0.9514947694473884,0.05360770225524902,1.539724349975586,0.0,0.9507999999999999,4.136000000000007e-05,1.0374722957611084,0.17595863342285156,0.0,0.0006947694473885546,0.9517,4.341000000000008e-05,4.225527954101563,0.32257747650146484,0.0,0.0002052305526115683
bn_n100_w2_uncertain_strong.bif,100,2,uncertain_strong,0.25,0.5,X42,1,0.5454865943658322,0.06730079650878906,0.7771739959716797,0.0,0.5561999999999999,0.00023515999999999902,1.0321942090988159,0.16663551330566406,0.0,0.010713405634167672,0.5467000000000001,0.00021840999999999945,4.228949737548828,0.2768869400024414,0.0,0.00121340563416783
bn_n100_w2_uncertain_strong.bif,100,2,uncertain_strong,0.25,0.7,X42,1,0.6651132787082781,0.05790996551513672,0.7776699066162109,0.0,0.6596000000000001,0.0002898400000000005,1.072590947151184,0.1654529571533203,0.0,0.005513278708278002,0.6731,0.00031228999999999963,4.068834829330444,0.2724008560180664,0.0,0.007986721291721954
bn_n100_w2_uncertain_strong.bif,100,2,uncertain_strong,0.25,1.0,X42,1,0.9999999999999999,0.06845784187316895,0.8306427001953125,0.0,1.0,0.0,0.9430280447006225,0.16759681701660156,0.0,1.1102230246251565e-16,1.0,0.0,3.804925560951233,0.2883777618408203,0.0,1.1102230246251565e-16
bn_n100_w2_uncertain_strong.bif,100,2,uncertain_strong,0.5,0.7,X42,1,0.7319101739677532,0.0652775764465332,0.5781278610229492,0.0,0.7391,0.00032709000000000053,1.0858059406280518,0.17704200744628906,0.0,0.007189826032246827,0.7323,0.00016301000000000027,4.279250144958496,0.2917490005493164,0.0,0.00038982603224679835
bn_n100_w2_uncertain_strong.bif,100,2,uncertain_strong,0.5,1.0,X42,1,1.0,0.05583810806274414,0.5779561996459961,0.0,1.0,0.0,0.9976311922073364,0.17636394500732422,0.0,0.0,1.0,0.0,4.1874140977859495,0.29172706604003906,0.0,0.0
bn_n100_w2_uniform.bif,100,2,uniform,0.25,0.4,X18,1,0.39800272813115717,0.058984994888305664,0.7924022674560547,0.0,0.3963,0.00028120999999999984,1.0270915508270264,0.1670398712158203,0.0,0.001702728131157183,0.39809999999999995,0.00043689,3.9086340427398683,0.27350711822509766,0.0,9.727186884278538e-05
bn_n100_w2_uniform.bif,100,2,uniform,0.25,0.5,X18,1,0.5010416002986993,0.0695641040802002,0.7714748382568359,0.0,0.506,0.00028760000000000043,0.9344673395156861,0.16678810119628906,0.0,0.004958399701300742,0.5002000000000001,0.0004819600000000003,3.9947097063064576,0.2805032730102539,0.0,0.0008416002986991744
bn_n100_w2_uniform.bif,100,2,uniform,0.25,0.7,X18,1,0.655002939742733,0.07545065879821777,0.7719793319702148,0.0,0.6588999999999999,7.029000000000011e-05,1.0425079107284545,0.16695690155029297,0.0,0.003897060257266882,0.6558,0.0002529600000000004,4.36533420085907,0.2859983444213867,0.0,0.0007970602572670016
bn_n100_w2_uniform.bif,100,2,uniform,0.25,0.9,X18,1,0.9172378282981206,0.061805009841918945,0.7796468734741211,0.0,0.9137000000000001,4.9610000000000096e-05,1.1145402908325195,0.16894817352294922,0.0,0.003537828298120549,0.9103,0.00018301000000000032,4.349074006080627,0.3131980895996094,0.0,0.0069378282981206185
bn_n100_w2_uniform.bif,100,2,uniform,0.25,1.0,X18,1,1.0,0.06361603736877441,0.7985811233520508,0.0,1.0,0.0,1.0447664737701416,0.16557598114013672,0.0,0.0,1.0,0.0,4.247994017601013,0.29787731170654297,0.0,0.0
bn_n100_w2_uniform.bif,100,2,uniform,0.5,0.4,X18,1,0.4483733196841622,0.06028580665588379,9.399214744567871,4.0625,0.4483,0.00036320999999999977,1.1464471817016602,0.17968273162841797,0.0,7.331968416224299e-05,0.4534000000000001,0.0003086399999999997,4.691956734657287,0.316680908203125,0.0,0.0050266803158378615
bn_n100_w2_uniform.bif,100,2,uniform,0.5,0.5,X18,1,0.5443548431137993,0.05447101593017578,0.9586248397827148,0.0,0.5425,0.0003414499999999997,1.081288743019104,0.17861461639404297,0.0,0.0018548431137993537,0.5445999999999999,0.00030523999999999927,4.235563611984253,0.3237152099609375,0.0,0.000245156886200526
bn_n100_w2_uniform.bif,100,2,uniform,0.5,0.7,X18,1,0.708072941787914,0.0610201358795166,2.7450332641601562,0.0,0.7021,0.00015248999999999938,1.040101981163025,0.17913341522216797,0.0,0.005972941787914077,0.707,0.00015659999999999977,4.3642847537994385,0.30335426330566406,0.0,0.0010729417879140613
bn_n100_w2_uniform.bif,100,2,uniform,0.5,0.9,X18,1,0.8982721368334181,0.05465126037597656,0.6858129501342773,0.0,0.8954000000000001,6.244000000000011e-05,1.090835452079773,0.18078899383544922,0.0,0.0028721368334180264,0.8940000000000001,5.360000000000009e-05,4.4950266122818,0.3005695343017578,0.0,0.004272136833417983
bn_n100_w2_uniform.bif,100,2,uniform,0.5,1.0,X18,1,0.9692342505519838,0.08095121383666992,0.6176137924194336,0.0,0.9692999999999999,4.0610000000000074e-05,1.0837352752685547,0.17960643768310547,0.0,6.574944801618354e-05,0.9710000000000001,3.500000000000006e-05,4.105916309356689,0.32625865936279297,0.0,0.0017657494480163294
bn_n100_w6_concentrated_bias_low.bif,100,6,concentrated_bias_low,0.25,0.9,X99,1,0.9103730675489141,0.07158899307250977,0.9692916870117188,0.0,0.9125,4.065000000000007e-05,1.440032386779785,0.19687175750732422,0.0,0.002126932451085861,0.9042000000000001,6.756000000000012e-05,6.241450691223145,0.36796092987060547,0.0,0.006173067548914002
bn_n100_w6_concentrated_bias_low.bif,100,6,concentrated_bias_low,0.25,1.0,X99,1,1.0,0.06982183456420898,0.9259328842163086,0.0,1.0,0.0,1.4328701496124268,0.19584178924560547,0.0,0.0,1.0,0.0,5.636302852630616,0.36507606506347656,0.0,0.0
bn_n100_w6_concentrated_bias_high.bif,100,6,concentrated_bias_high,0.25,0.4,X62,1,0.36741022911615534,0.06230878829956055,0.9259328842163086,0.0,0.36819999999999997,8.316000000000015e-05,1.2503967523574828,0.18100261688232422,0.0,0.0007897708838446316,0.3659,8.249000000000014e-05,5.289621424674988,0.31810951232910156,0.0,0.0015102291161553372
bn_n100_w6_concentrated_bias_high.bif,100,6,concentrated_bias_high,0.25,0.5,X62,1,0.45293244398900645,0.08934831619262695,1.0991859436035156,0.0,0.44939999999999997,0.00022944000000000016,1.3749519109725952,0.19228649139404297,0.0,0.003532443989006484,0.45100000000000007,0.00022160000000000013,5.527650690078735,0.3582935333251953,0.0,0.0019324439890063827
bn_n100_w6_concentrated_bias_high.bif,100,6,concentrated_bias_high,0.25,0.7,X62,1,0.7388684231682723,0.0765538215637207,0.9871664047241211,0.0,0.7411,0.0001634900000000003,1.2669788122177124,0.18618297576904297,0.0,0.0022315768317276996,0.7424000000000001,2.4640000000000045e-05,5.436718058586121,0.33135414123535156,0.0,0.0035315768317277785
bn_n100_w6_concentrated_bias_high.bif,100,6,concentrated_bias_high,0.25,0.9,X62,1,0.9471573494147094,0.07531237602233887,0.9305791854858398,0.0,0.9459000000000002,3.1489999999999836e-05,1.3719432592391967,0.18561077117919922,0.0,0.0012573494147092301,0.9454,4.644000000000008e-05,5.412730550765991,0.3401966094970703,0.0,0.001757349414709397
bn_n100_w6_concentrated_bias_high.bif,100,6,concentrated_bias_high,0.25,1.0,X62,1,1.0,0.06898307800292969,0.9417943954467773,0.0,1.0,0.0,1.1696141004562377,0.18648052215576172,0.0,0.0,1.0,0.0,5.177032709121704,0.3268575668334961,0.0,0.0
bn_n100_w6_concentrated_bias_high.bif,100,6,concentrated_bias_high,0.5,0.4,X62,1,0.37480926708300344,0.04846644401550293,18.490843772888184,24.6875,0.3785,0.00030045000000000055,1.3432555198669434,0.19621562957763672,0.0,0.003690732916996564,0.3601,0.00034369000000000007,5.652092504501343,0.35186195373535156,0.0,0.014709267083003463
bn_n100_w6_concentrated_bias_high.bif,100,6,concentrated_bias_high,0.5,0.7,X62,1,0.7495602592631216,0.08788228034973145,24.474967002868652,28.8125,0.7528,0.0001959600000000003,1.32522292137146,0.19935894012451172,0.0,0.0032397407368783826,0.7527999999999999,0.00016636000000000032,5.564377093315125,0.35624122619628906,0.0,0.0032397407368782716
bn_n100_w6_concentrated_bias_high.bif,100,6,concentrated_bias_high,0.5,0.9,X62,1,0.9120927889446502,0.1363990306854248,144.46765041351318,396.375,0.909,7.460000000000013e-05,1.3655867338180543,0.20157146453857422,0.0,0.003092788944650149,0.9131,6.909000000000014e-05,5.82817018032074,0.3596363067626953,0.0,0.0010072110553498437
bn_n100_w6_concentrated_bias_high.bif,100,6,concentrated_bias_high,0.5,1.0,X62,1,1.0,0.07176041603088379,5.09683895111084,0.0,1.0,0.0,1.2328367710113526,0.19600963592529297,0.0,0.0,1.0,0.0,5.0565509557723995,0.33800697326660156,0.0,0.0
bn_n100_w6_rigid_extreme.bif,100,6,rigid_extreme,0.25,0.7,X77,1,0.6933857150792089,0.06862401962280273,1.0282812118530273,0.0,0.6972999999999999,0.00020060999999999934,1.300407075881958,0.18654918670654297,0.0,0.003914284920791045,0.6975,0.00014664999999999944,5.45139582157135,0.32869911193847656,0.0,0.004114284920791134
bn_n100_w6_rigid_extreme.bif,100,6,rigid_extreme,0.25,0.9,X77,1,0.8583580614632103,0.06672358512878418,0.9673986434936523,0.0,0.8678000000000001,0.0002905600000000005,1.3015665292739869,0.18667125701904297,0.0,0.009441938536789873,0.8573000000000001,0.0001120100000000002,5.102169394493103,0.3281116485595703,0.0,0.0010580614632101915
bn_n100_w6_rigid_extreme.bif,100,6,rigid_extreme,0.25,1.0,X77,1,1.0,0.06837058067321777,0.9127721786499023,0.0,1.0,0.0,1.1604900598526,0.17982769012451172,0.0,0.0,1.0,0.0,5.129477047920227,0.32233619689941406,0.0,0.0
bn_n100_w6_rigid_extreme.bif,100,6,rigid_extreme,0.5,0.7,X77,1,0.7023905469840572,0.04573678970336914,9.549757957458496,12.3125,0.7182999999999999,0.0013246099999999995,1.2291074752807618,0.18928050994873047,0.0,0.01590945301594271,0.7046000000000001,0.0011270399999999984,4.78651978969574,0.32161617279052734,0.0,0.002209453015942886
bn_n100_w6_rigid_extreme.bif,100,6,rigid_extreme,0.5,0.9,X77,1,0.8958839887487873,0.06135725975036621,5.029791831970215,0.0,0.8935000000000001,0.00015445000000000026,1.1575417280197144,0.18842601776123047,0.0,0.0023839887487872025,0.8942,5.7560000000000106e-05,5.082774209976196,0.33146095275878906,0.0,0.0016839887487872796
bn_n100_w6_rigid_extreme.bif,100,6,rigid_extreme,0.5,1.0,X77,1,0.9818572434750348,0.1105201244354248,2.7239065170288086,0.0,0.9833000000000001,2.5210000000000045e-05,1.2652734518051147,0.19556713104248047,0.0,0.001442756524965283,0.9815999999999999,1.9640000000000032e-05,5.235018730163574,0.3359088897705078,0.0,0.0002572434750348629
bn_n100_w6_rigid_moderate.bif,100,6,rigid_moderate,0.25,0.4,X23,1,0.40316815837910863,0.07097077369689941,0.9812154769897461,0.0,0.3953,0.0003360099999999998,1.3071327686309815,0.19633769989013672,0.0,0.007868158379108647,0.40729999999999994,0.00010100999999999969,5.711057591438293,0.3392505645751953,0.0,0.004131841620891308
bn_n100_w6_rigid_moderate.bif,100,6,rigid_moderate,0.25,0.5,X23,1,0.5056984667026715,0.07321739196777344,0.9917287826538086,0.0,0.49879999999999997,0.0004347600000000008,1.3511367797851563,0.19192028045654297,0.0,0.006898466702671524,0.502,0.00014960000000000028,5.408355736732483,0.34305572509765625,0.0,0.003698466702671488
bn_n100_w6_rigid_moderate.bif,100,6,rigid_moderate,0.25,0.7,X23,1,0.7081382789144375,0.08110356330871582,1.0491523742675781,0.0,0.7121999999999999,0.00012396000000000022,1.46687912940979,0.20411205291748047,0.0,0.004061721085562464,0.7066999999999999,0.0002536100000000004,6.570998477935791,0.38903331756591797,0.0,0.0014382789144375963
bn_n100_w6_rigid_moderate.bif,100,6,rigid_moderate,0.25,0.9,X23,1,0.8958403037144299,0.06521224975585938,1.032820701599121,0.0,0.8945000000000001,0.00013825000000000024,1.4616454362869262,0.19844341278076172,0.0,0.0013403037144298358,0.8975,4.1250000000000074e-05,5.909655213356018,0.35750484466552734,0.0,0.0016596962855700559
bn_n100_w6_rigid_moderate.bif,100,6,rigid_moderate,0.25,1.0,X23,1,0.9999999999999999,0.07617831230163574,0.9321737289428711,0.0,1.0,0.0,1.313147735595703,0.19007396697998047,0.0,1.1102230246251565e-16,1.0,0.0,5.763586783409119,0.3348865509033203,0.0,1.1102230246251565e-16
bn_n100_w6_rigid_moderate.bif,100,6,rigid_moderate,0.5,0.5,X23,1,0.5104845745091804,0.08659648895263672,18.47385311126709,24.6875,0.5071999999999999,0.00024436000000000043,1.4181116819381714,0.20016956329345703,0.0,0.0032845745091805156,0.5113,0.0004246100000000008,5.440939116477966,0.3624439239501953,0.0,0.0008154254908195879
bn_n100_w6_rigid_moderate.bif,100,6,rigid_moderate,0.5,0.7,X23,1,0.7309518007724111,0.27515459060668945,144.48616695404053,395.625,0.7309,0.00040589000000000076,1.2751477718353272,0.20496654510498047,0.0,5.1800772411070284e-05,0.7311,8.889000000000016e-05,5.921214270591736,0.3581686019897461,0.0,0.0001481992275889077
bn_n100_w6_rigid_moderate.bif,100,6,rigid_moderate,0.5,0.9,X23,1,0.8888018599733714,0.12011575698852539,144.48978328704834,395.125,0.8846,0.0002486400000000004,1.3934307098388672,0.20038890838623047,0.0,0.0042018599733713025,0.8907999999999999,9.196000000000016e-05,5.67794291973114,0.38724422454833984,0.0,0.00199814002662857
bn_n100_w6_rigid_moderate.bif,100,6,rigid_moderate,0.5,1.0,X23,1,0.994186347454876,2.3080694675445557,2304.477229118347,6632.0,0.9945,6.45000000000001e-06,1.3135498285293579,0.19961071014404297,0.0,0.0003136525451240546,0.9946000000000002,8.640000000000016e-06,5.903977870941162,0.36453819274902344,0.0,0.0004136525451241546
bn_n100_w6_spread_bias_low.bif,100,6,spread_bias_low,0.25,0.7,X89,1,0.7236847586449053,0.07147026062011719,0.930018424987793,0.0,0.7273,0.00017461000000000034,1.3429987192153932,0.18365001678466797,0.0,0.0036152413550946116,0.7224999999999999,0.0002068500000000004,5.24604434967041,0.3279399871826172,0.0,0.0011847586449054148
bn_n100_w6_spread_bias_low.bif,100,6,spread_bias_low,0.25,0.9,X89,1,0.901253881348406,0.07068657875061035,0.927088737487793,0.0,0.9019999999999999,0.00014140000000000024,1.112639021873474,0.18164348602294922,0.0,0.0007461186515939078,0.9046,8.124000000000014e-05,4.929886960983277,0.32485294342041016,0.0,0.0033461186515939545
bn_n100_w6_spread_bias_low.bif,100,6,spread_bias_low,0.25,1.0,X89,1,0.9872498638990873,0.07202816009521484,0.9468412399291992,0.0,0.986,1.660000000000003e-05,1.3781597137451171,0.18757915496826172,0.0,0.0012498638990873223,0.9894999999999999,1.0500000000000018e-06,5.7628085851669315,0.3306560516357422,0.0,0.0022501361009126253
bn_n100_w6_spread_bias_low.bif,100,6,spread_bias_low,0.5,1.0,X89,1,1.0,0.06360006332397461,1.0869169235229492,0.0,1.0,0.0,1.226768159866333,0.19318675994873047,0.0,0.0,1.0,0.0,5.211283087730408,0.33614158630371094,0.0,0.0
bn_n100_w6_spread_bias_high.bif,100,6,spread_bias_high,0.25,0.4,X43,1,0.44439810297031096,0.07063603401184082,0.9949712753295898,0.0,0.44560000000000005,0.0002168400000000004,1.289819860458374,0.19008159637451172,0.0,0.0012018970296890918,0.44279999999999997,0.0001691600000000003,5.607261919975281,0.34476661682128906,0.0,0.0015981029703109884
bn_n100_w6_spread_bias_high.bif,100,6,spread_bias_high,0.25,0.5,X43,1,0.4769469206090659,0.06694340705871582,1.018965721130371,0.0,0.4862,0.00012335999999999974,1.4422497749328613,0.19536876678466797,0.0,0.009253079390934116,0.4755,0.00016584999999999967,6.117357897758484,0.3590412139892578,0.0,0.001446920609065927
bn_n100_w6_spread_bias_high.bif,100,6,spread_bias_high,0.25,0.7,X43,1,0.6723120833356804,0.0509793758392334,1.008223533630371,0.0,0.6692,0.0001907599999999998,1.3960294723510742,0.19579601287841797,0.0,0.00311208333568036,0.6717,0.0002120099999999996,5.887711858749389,0.3648090362548828,0.0,0.0006120833356804134
bn_n100_w6_spread_bias_high.bif,100,6,spread_bias_high,0.25,0.9,X43,1,0.8731041423971018,0.07048201560974121,0.9878072738647461,0.0,0.8780999999999999,0.00018969000000000033,1.1842854261398315,0.18776988983154297,0.0,0.004995857602898113,0.8697000000000001,0.00010361000000000018,5.146312522888183,0.3544807434082031,0.0,0.0034041423971016282
bn_n100_w6_spread_bias_high.bif,100,6,spread_bias_high,0.25,1.0,X43,1,0.9974143727695457,0.0802755355834961,1.0311803817749023,0.0,0.9984,2.440000000000004e-06,1.4452542543411255,0.20386028289794922,0.0,0.0009856272304542557,0.9976,1.4400000000000027e-06,5.835506272315979,0.35410499572753906,0.0,0.00018562723045434382
bn_n100_w6_spread_bias_high.bif,100,6,spread_bias_high,0.5,0.7,X43,1,0.6752716601101558,0.1192324161529541,36.501296043395996,70.0625,0.6786999999999999,0.00035280999999999914,1.337723445892334,0.20366954803466797,0.0,0.0034283398898440343,0.6801,0.0002718899999999991,5.645160818099976,0.3876800537109375,0.0,0.004828339889844213
bn_n100_w6_spread_bias_high.bif,100,6,spread_bias_high,0.5,0.9,X43,1,0.9167738730109676,0.06872200965881348,2.3764867782592773,0.0,0.9144,0.0001036400000000002,1.2295434951782227,0.20113658905029297,0.0,0.0023738730109675865,0.9218,0.0001337600000000002,5.163403415679932,0.3417987823486328,0.0,0.005026126989032376
bn_n100_w6_spread_bias_high.bif,100,6,spread_bias_high,0.5,1.0,X43,1,0.9997460892046817,0.10940694808959961,18.49002742767334,28.8125,0.9998000000000001,1.600000000000003e-07,1.3651031494140624,0.2007884979248047,0.0,5.3910795318468097e-05,0.9997,2.1000000000000037e-07,5.8064757823944095,0.35718727111816406,0.0,4.608920468163191e-05
bn_n100_w6_uncertain_strong.bif,100,6,uncertain_strong,0.25,0.4,X78,1,0.4347365572163766,0.06404852867126465,0.9343938827514648,0.0,0.4316999999999999,0.00014441000000000025,1.216248369216919,0.18249797821044922,0.0,0.0030365572163766896,0.4412999999999999,0.0002442100000000001,5.3168415307998655,0.3462858200073242,0.0,0.006563442783623308
bn_n100_w6_uncertain_strong.bif,100,6,uncertain_strong,0.25,0.5,X78,1,0.4977817860148895,0.07252621650695801,0.9587545394897461,0.0,0.5024,0.00032104000000000014,1.4130691528320312,0.18973064422607422,0.0,0.004618213985110475,0.5050999999999999,0.00011229000000000021,5.945851922035217,0.3391742706298828,0.0,0.0073182139851104
bn_n100_w6_uncertain_strong.bif,100,6,uncertain_strong,0.25,0.7,X78,1,0.7253884718811708,0.07364940643310547,0.9730901718139648,0.0,0.72,0.00014980000000000023,1.3352739334106445,0.18860149383544922,0.0,0.005388471881170864,0.7181,0.0002204900000000004,5.223291230201721,0.33809852600097656,0.0,0.007288471881170877
bn_n100_w6_uncertain_strong.bif,100,6,uncertain_strong,0.25,1.0,X78,1,1.0,0.07521581649780273,0.8893804550170898,0.0,1.0,0.0,1.3580549001693725,0.19002819061279297,0.0,0.0,1.0,0.0,6.002219080924988,0.3386707305908203,0.0,0.0
bn_n100_w6_uncertain_strong.bif,100,6,uncertain_strong,0.5,0.4,X78,1,0.37985682436626117,1.1305880546569824,2304.488917350769,6642.5,0.38710000000000006,8.009000000000014e-05,1.3102532863616942,0.20766735076904297,0.0,0.007243175633738885,0.3916,0.00022383999999999997,5.6226338148117065,0.35693931579589844,0.0,0.011743175633738834
bn_n100_w6_uncertain_strong.bif,100,6,uncertain_strong,0.5,0.5,X78,1,0.5282765919480726,0.707611083984375,145.2707052230835,0.0,0.527,0.00013760000000000025,1.3545672178268433,0.19528484344482422,0.0,0.001276591948072614,0.5288,0.0001753600000000003,5.7100330829620365,0.3572254180908203,0.0,0.0005234080519274098
bn_n100_w6_uncertain_strong.bif,100,6,uncertain_strong,0.5,0.7,X78,1,0.7215060765562075,0.06631112098693848,36.463019371032715,65.9375,0.7192999999999999,0.0001854100000000003,1.3266644954681397,0.19260692596435547,0.0,0.0022060765562075257,0.7177999999999999,0.0003861599999999998,5.338155055046082,0.34685707092285156,0.0,0.0037060765562075826
bn_n100_w6_uncertain_strong.bif,100,6,uncertain_strong,0.5,1.0,X78,1,1.0,0.16768765449523926,288.47179317474365,828.1875,1.0,0.0,1.3664658784866333,0.20125865936279297,0.0,0.0,1.0,0.0,5.813080430030823,0.3686695098876953,0.0,0.0
bn_n100_w6_uncertain_moderate.bif,100,6,uncertain_moderate,0.25,0.4,X54,1,0.4486296938555929,0.06865477561950684,1.0028295516967773,0.0,0.4463000000000001,0.00020681000000000006,1.4323457479476929,0.19214153289794922,0.0,0.0023296938555928404,0.44820000000000004,0.00014296000000000027,5.659761619567871,0.3349781036376953,0.0,0.0004296938555928831
bn_n100_w6_uncertain_moderate.bif,100,6,uncertain_moderate,0.25,0.5,X54,1,0.5130712948018616,0.08565473556518555,1.0947942733764648,0.0,0.5098,0.0003305600000000006,1.4094359159469605,0.19432353973388672,0.0,0.003271294801861613,0.5098999999999999,0.00013269000000000025,5.820926547050476,0.3579425811767578,0.0,0.003171294801861735
bn_n100_w6_uncertain_moderate.bif,100,6,uncertain_moderate,0.25,0.7,X54,1,0.6673144211780744,0.07338809967041016,0.9700994491577148,0.0,0.6638000000000001,0.00027715999999999993,1.407453227043152,0.19066143035888672,0.0,0.003514421178074323,0.6743,0.00014100999999999968,5.71922538280487,0.3448047637939453,0.0,0.006985578821925631
bn_n100_w6_uncertain_moderate.bif,100,6,uncertain_moderate,0.25,0.9,X54,1,0.8562438163927337,0.0708611011505127,0.9741048812866211,0.0,0.8603999999999999,0.0001106400000000002,1.2129016399383545,0.18824291229248047,0.0,0.004156183607266217,0.8535,0.00010445000000000018,4.823530101776123,0.3172016143798828,0.0,0.002743816392733689
bn_n100_w6_uncertain_moderate.bif,100,6,uncertain_moderate,0.25,1.0,X54,1,0.9999999999999999,0.07811856269836426,1.0252065658569336,0.0,1.0,0.0,1.1895886659622192,0.18342876434326172,0.0,1.1102230246251565e-16,1.0,0.0,4.999382352828979,0.3106403350830078,0.0,1.1102230246251565e-16
bn_n100_w6_uncertain_moderate.bif,100,6,uncertain_moderate,0.5,0.5,X54,1,0.4999716692480476,0.04126739501953125,0.8602209091186523,0.0,0.512,0.00029500000000000045,1.1802292585372924,0.19481945037841797,0.0,0.01202833075195242,0.507,0.00028060000000000053,5.106691551208496,0.3585624694824219,0.0,0.007028330751952416
bn_n100_w6_uncertain_moderate.bif,100,6,uncertain_moderate,0.5,0.7,X54,1,0.6960693225181918,0.5141410827636719,72.48938655853271,181.4375,0.7,0.00024699999999999934,1.4453994989395142,0.19756603240966797,0.0,0.003930677481808198,0.6951,0.0001386899999999992,5.626771736145019,0.35930824279785156,0.0,0.0009693225181917065
bn_n100_w6_uncertain_moderate.bif,100,6,uncertain_moderate,0.5,0.9,X54,1,0.8989044262875744,21.53859806060791,72.6747579574585,181.4375,0.9033,3.861000000000007e-05,1.4154410362243652,0.20337963104248047,0.0,0.0043955737124256045,0.9037000000000001,6.841000000000011e-05,5.291175985336304,0.35170936584472656,0.0,0.004795573712425671
bn_n100_w6_uncertain_moderate.bif,100,6,uncertain_moderate,0.5,1.0,X54,1,1.0,0.11874580383300781,96.48294734954834,279.9375,1.0,0.0,1.3173720359802246,0.20155620574951172,0.0,0.0,1.0,0.0,5.792341017723084,0.35024452209472656,0.0,0.0
bn_n100_w6_uniform.bif,100,6,uniform,0.25,0.4,X97,1,0.4096052347711064,0.06256580352783203,0.9349050521850586,0.0,0.4135,0.00044905,1.1961680889129638,0.17935466766357422,0.0,0.003894765228893593,0.41,0.00022819999999999985,4.75574038028717,0.3122425079345703,0.0,0.0003947652288935899
bn_n100_w6_uniform.bif,100,6,uniform,0.25,0.5,X97,1,0.4683222929696241,0.0747525691986084,0.925994873046875,0.0,0.4742,0.00019595999999999963,1.1358051776885987,0.18143749237060547,0.0,0.005877707030375934,0.4747,0.00049821,4.968905949592591,0.31247901916503906,0.0,0.006377707030375934
bn_n100_w6_uniform.bif,100,6,uniform,0.25,0.7,X97,1,0.6776811095046673,0.07201123237609863,0.9348897933959961,0.0,0.6816,0.00018703999999999916,1.473528552055359,0.18377971649169922,0.0,0.003918890495332672,0.6799000000000001,0.000289289999999999,5.500506448745727,0.36676788330078125,0.0,0.002218890495332748
bn_n100_w6_uniform.bif,100,6,uniform,0.25,0.9,X97,1,0.9326566714929986,0.07209515571594238,0.9273595809936523,0.0,0.9347999999999999,5.61599999999995e-05,1.3368032693862915,0.19249248504638672,0.0,0.002143328507001274,0.9292999999999999,4.82099999999999e-05,5.721141672134399,0.35369014739990234,0.0,0.003356671492998675
bn_n100_w6_uniform.bif,100,6,uniform,0.25,1.0,X97,1,1.0,0.06452465057373047,0.8886022567749023,0.0,1.0,0.0,1.2649364471435547,0.18872356414794922,0.0,0.0,1.0,0.0,5.443989109992981,0.32608985900878906,0.0,0.0
bn_n100_w6_uniform.bif,100,6,uniform,0.5,0.9,X97,1,0.9446556061766802,0.09714198112487793,11.070952415466309,0.0,0.9517,7.581000000000013e-05,1.29760844707489,0.19832134246826172,0.0,0.007044393823319783,0.9461999999999999,5.135999999999979e-05,5.314766144752502,0.34182167053222656,0.0,0.001544393823319723
bn_n100_w6_uniform.bif,100,6,uniform,0.5,1.0,X97,1,0.9999999999999999,0.16700267791748047,288.4582815170288,825.3125,1.0,0.0,1.348775601387024,0.19677257537841797,0.0,1.1102230246251565e-16,1.0,0.0,5.677371263504028,0.3396320343017578,0.0,1.1102230246251565e-16
bn_n200_w2_concentrated_bias_low.bif,200,2,concentrated_bias_low,0.25,1.0,X14,1,0.9901881873454201,0.11536812782287598,1.4764471054077148,0.0,0.9911999999999999,7.1600000000000145e-06,1.0254434108734132,0.32828521728515625,0.0,0.0010118126545797246,0.9914,1.844000000000003e-05,4.64738519191742,0.40680885314941406,0.0,0.0012118126545798136
bn_n200_w2_concentrated_bias_high.bif,200,2,concentrated_bias_high,0.25,0.5,X105,1,0.544126246552211,0.11695623397827148,1.4428167343139648,0.0,0.5404,3.5640000000000065e-05,0.9453599214553833,0.3275909423828125,0.0,0.0037262465522109878,0.5419000000000002,0.00021368999999999983,4.108366966247559,0.39847755432128906,0.0,0.00222624655221082
bn_n200_w2_concentrated_bias_high.bif,200,2,concentrated_bias_high,0.25,0.7,X105,1,0.7328711791872471,0.07982826232910156,1.499220848083496,0.0,0.7369000000000001,0.0002936900000000005,1.0551695585250855,0.29996776580810547,0.0,0.00402882081275302,0.7345,0.00036185000000000064,4.359500575065613,0.44422149658203125,0.0,0.0016288208127529513
bn_n200_w2_concentrated_bias_high.bif,200,2,concentrated_bias_high,0.25,0.9,X105,1,0.8942688409972361,0.12945866584777832,1.4895286560058594,0.0,0.8926999999999999,0.0001166100000000002,0.9933096647262574,0.29674816131591797,0.0,0.0015688409972361983,0.9031,2.5090000000000046e-05,3.921342468261719,0.40290260314941406,0.0,0.008831159002763878
bn_n200_w2_concentrated_bias_high.bif,200,2,concentrated_bias_high,0.25,1.0,X105,1,1.0,0.11574172973632812,1.5055885314941406,0.0,1.0,0.0,0.9456588745117187,0.2986631393432617,0.0,0.0,1.0,0.0,4.1268699884414675,0.4061450958251953,0.0,0.0
bn_n200_w2_concentrated_bias_high.bif,200,2,concentrated_bias_high,0.5,0.4,X105,1,0.3947326178496605,0.10965800285339355,1.078383445739746,0.0,0.3791,0.0010332900000000003,1.0315909147262574,0.3161602020263672,0.0,0.015632617849660524,0.39269999999999994,0.0010374100000000003,4.186932992935181,0.4226551055908203,0.0,0.0020326178496605785
bn_n200_w2_concentrated_bias_high.bif,200,2,concentrated_bias_high,0.5,0.5,X105,1,0.46101996401378986,0.36517834663391113,576.7631940841675,1587.3125,0.45890000000000003,0.00016449000000000002,0.9568619728088379,0.3170042037963867,0.0,0.0021199640137898323,0.45909999999999995,0.00022588999999999978,3.874303102493286,0.4340076446533203,0.0,0.0019199640137899099
bn_n200_w2_concentrated_bias_high.bif,200,2,concentrated_bias_high,0.5,0.7,X105,1,0.7039678935908176,0.10968327522277832,1.4412298202514648,0.0,0.7029,0.0005562899999999994,0.9888407230377197,0.3176603317260742,0.0,0.0010678935908176035,0.7066,0.00043683999999999927,4.324826598167419,0.4328174591064453,0.0,0.002632106409182433
bn_n200_w2_concentrated_bias_high.bif,200,2,concentrated_bias_high,0.5,0.9,X105,1,0.9182803921953353,0.11897420883178711,1.5558843612670898,0.0,0.9202000000000001,7.936000000000013e-05,1.0602611541748046,0.3194713592529297,0.0,0.0019196078046648246,0.9104000000000001,0.00013264000000000025,4.316865277290344,0.43613624572753906,0.0,0.007880392195335206
bn_n200_w2_concentrated_bias_high.bif,200,2,concentrated_bias_high,0.5,1.0,X105,1,0.9698678881167832,0.11156344413757324,3.200751304626465,0.0,0.9663,3.401000000000006e-05,0.9715741872787476,0.31728172302246094,0.0,0.0035678881167831022,0.9639999999999999,5.740000000000011e-05,3.906807613372803,0.4269580841064453,0.0,0.005867888116783293
bn_n200_w2_rigid_extreme.bif,200,2,rigid_extreme,0.25,0.5,X113,1,0.5063541948340833,0.10654497146606445,1.4742345809936523,0.0,0.5027,0.0003904100000000007,0.9149906396865845,0.29853343963623047,0.0,0.0036541948340832464,0.5043,0.00036061000000000063,3.9197572231292725,0.40204620361328125,0.0,0.0020541948340833116
bn_n200_w2_rigid_extreme.bif,200,2,rigid_extreme,0.25,0.7,X113,1,0.7474894824897942,0.1101217269897461,1.5004491806030273,0.0,0.6518,0.07278016000000001,1.0165788650512695,0.29699230194091797,0.0,0.09568948248979414,0.7861,0.011988889999999999,4.24933545589447,0.4007434844970703,0.0,0.03861051751020583
bn_n200_w2_rigid_extreme.bif,200,2,rigid_extreme,0.25,0.9,X113,1,0.8801638855124877,0.1096184253692627,1.4832830429077148,0.0,0.9342,0.004896759999999998,1.0654869318008422,0.30153942108154297,0.0,0.05403611448751233,0.8502000000000001,0.004906960000000004,4.105721879005432,0.41311073303222656,0.0,0.02996388551248763
bn_n200_w2_rigid_extreme.bif,200,2,rigid_extreme,0.25,1.0,X113,1,0.9908760762454379,0.10990476608276367,1.4811391830444336,0.0,0.9904,9.240000000000017e-06,0.9231522798538208,0.29976940155029297,0.0,0.0004760762454379952,0.9915,1.5250000000000027e-05,3.8242911815643312,0.4082784652709961,0.0,0.0006239237545621057
bn_n200_w2_rigid_extreme.bif,200,2,rigid_extreme,0.5,0.5,X113,1,0.5203650669602763,0.05789351463317871,1.1292181015014648,0.0,0.5673999999999999,0.035643640000000004,0.9549922466278076,0.31922435760498047,0.0,0.047034933039723614,0.5886000000000001,0.035330240000000006,3.9403965711593627,0.4309253692626953,0.0,0.06823493303972383
bn_n200_w2_rigid_extreme.bif,200,2,rigid_extreme,0.5,0.7,X113,1,0.7055242413023959,0.10243749618530273,1.3465690612792969,0.0,0.7113,0.09227881000000002,0.9596165657043457,0.32000255584716797,0.0,0.005775758697604161,0.6576,0.14891164,3.942076230049133,0.4369678497314453,0.0,0.04792424130239592
bn_n200_w2_rigid_extreme.bif,200,2,rigid_extreme,0.5,0.9,X113,1,0.8573576738632827,0.09965205192565918,9.85880184173584,0.0,0.8167,0.09542701,0.9676806688308716,0.3171567916870117,0.0,0.04065767386328267,0.8205,0.11124704999999999,3.994443154335022,0.43447303771972656,0.0,0.03685767386328265
bn_n200_w2_rigid_extreme.bif,200,2,rigid_extreme,0.5,1.0,X113,1,0.9974164264790885,0.11043620109558105,18.796401023864746,0.0,0.9974999999999999,6.6500000000000126e-06,0.9564879894256592,0.31937694549560547,0.0,8.357352091148407e-05,0.9946999999999999,4.010000000000007e-06,3.9359416007995605,0.44074440002441406,0.0,0.0027164264790885406
bn_n200_w2_rigid_moderate.bif,200,2,rigid_moderate,0.25,0.4,X113,1,0.42839304294432073,0.09548521041870117,1.5105962753295898,0.0,0.44299999999999995,0.0018864000000000005,1.0383668184280395,0.29716014862060547,0.0,0.014606957055679215,0.4282,0.0017277599999999996,4.184506440162659,0.42199230194091797,0.0,0.00019304294432070934
bn_n200_w2_rigid_moderate.bif,200,2,rigid_moderate,0.25,0.5,X113,1,0.5281664021648461,0.1067965030670166,1.5155630111694336,0.0,0.5168,0.0003601600000000007,1.0920118808746337,0.2983121871948242,0.0,0.011366402164846079,0.5397000000000001,8.241000000000014e-05,4.3120016813278195,0.4414215087890625,0.0,0.011533597835153953
bn_n200_w2_rigid_moderate.bif,200,2,rigid_moderate,0.25,0.7,X113,1,0.6850845306360748,0.11889410018920898,1.5261220932006836,0.0,0.6811,0.00028948999999999945,1.0282999992370605,0.30234813690185547,0.0,0.003984530636074735,0.6846000000000001,6.683999999999946e-05,4.205555629730225,0.41599464416503906,0.0,0.00048453063607467595
bn_n200_w2_rigid_moderate.bif,200,2,rigid_moderate,0.25,0.9,X113,1,0.8713580064005082,0.11850357055664062,1.5108709335327148,0.0,0.8734,8.524000000000014e-05,0.9686876535415649,0.29720115661621094,0.0,0.0020419935994917537,0.8783,9.401000000000017e-05,3.925208306312561,0.40705108642578125,0.0,0.006941993599491769
bn_n200_w2_rigid_moderate.bif,200,2,rigid_moderate,0.25,1.0,X113,1,1.0,0.10672783851623535,1.4849395751953125,0.0,1.0,0.0,1.006625509262085,0.30010509490966797,0.0,0.0,1.0,0.0,4.084761834144592,0.4152069091796875,0.0,0.0
bn_n200_w2_rigid_moderate.bif,200,2,rigid_moderate,0.5,0.4,X113,1,0.4375374659500945,0.09073185920715332,1.228621482849121,0.0,0.4542999999999999,0.0020696100000000004,1.016946029663086,0.3504180908203125,0.0,0.01676253404990541,0.4349,0.0022114899999999995,4.132348299026489,0.43692970275878906,0.0,0.0026374659500945086
bn_n200_w2_rigid_moderate.bif,200,2,rigid_moderate,0.5,0.5,X113,1,0.5466199326393172,0.11226892471313477,1.167067527770996,0.0,0.5561,0.0019644899999999993,0.9888157844543457,0.31780147552490234,0.0,0.009480067360682853,0.5435000000000001,0.0007826499999999991,3.9771313190460207,0.4325714111328125,0.0,0.003119932639317091
bn_n200_w2_rigid_moderate.bif,200,2,rigid_moderate,0.5,0.7,X113,1,0.6662902948628042,0.10927438735961914,1.919569969177246,0.0,0.6494000000000001,0.006290839999999999,1.0035549640655517,0.31850242614746094,0.0,0.016890294862804134,0.6395,0.0026746500000000015,4.038729190826416,0.4327259063720703,0.0,0.026790294862804265
bn_n200_w2_rigid_moderate.bif,200,2,rigid_moderate,0.5,0.9,X113,1,0.9017771252282327,0.10747933387756348,1.1304388046264648,0.0,0.9055,0.0001124500000000002,0.9975261211395263,0.3199748992919922,0.0,0.0037228747717672483,0.8981,0.00021209000000000042,4.0642475366592405,0.4583320617675781,0.0,0.003677125228232714
bn_n200_w2_rigid_moderate.bif,200,2,rigid_moderate,0.5,1.0,X113,1,0.9868016343940987,0.10763812065124512,1.1458120346069336,0.0,0.9870999999999999,1.9490000000000035e-05,0.9815867662429809,0.31641197204589844,0.0,0.0002983656059011297,0.9872000000000002,2.336000000000004e-05,3.9703065872192385,0.4287900924682617,0.0,0.00039836560590145176
bn_n200_w2_spread_bias_low.bif,200,2,spread_bias_low,0.25,0.7,X71,1,0.7020304455952253,0.11456632614135742,1.459822654724121,0.0,0.6994999999999999,0.00027784999999999946,1.0561237573623656,0.2977428436279297,0.0,0.002530445595225417,0.6996999999999999,0.00016440999999999946,4.085806369781494,0.4308004379272461,0.0,0.002330445595225439
bn_n200_w2_spread_bias_low.bif,200,2,spread_bias_low,0.25,0.9,X71,1,0.8887200644243466,0.11700057983398438,1.478987693786621,0.0,0.8908000000000001,0.0002397600000000004,1.0478877544403076,0.2983074188232422,0.0,0.0020799355756535576,0.8862,9.676000000000016e-05,4.129971551895141,0.40712928771972656,0.0,0.002520064424346602
bn_n200_w2_spread_bias_low.bif,200,2,spread_bias_low,0.25,1.0,X71,1,0.9999999999999999,0.11722230911254883,1.472273826599121,0.0,1.0,0.0,1.0510699510574342,0.29836082458496094,0.0,1.1102230246251565e-16,1.0,0.0,4.144711923599243,0.4375419616699219,0.0,1.1102230246251565e-16
bn_n200_w2_spread_bias_low.bif,200,2,spread_bias_low,0.5,0.7,X71,1,0.7226110659862734,0.1243584156036377,72.82533168792725,181.4375,0.7252,0.0002753600000000005,1.0398954153060913,0.35064697265625,0.0,0.002588934013726507,0.7228999999999999,0.00020089000000000036,4.051887106895447,0.4342212677001953,0.0,0.00028893401372642735
bn_n200_w2_spread_bias_low.bif,200,2,spread_bias_low,0.5,0.9,X71,1,0.9110216662024956,0.10419583320617676,1.278182029724121,0.0,0.9022,0.00025216000000000046,1.0219401121139526,0.35178375244140625,0.0,0.008821666202495582,0.9095000000000001,0.00036525000000000067,3.9855591297149657,0.42830944061279297,0.0,0.0015216662024954974
bn_n200_w2_spread_bias_low.bif,200,2,spread_bias_low,0.5,1.0,X71,1,0.9730991137827719,0.1106419563293457,1.9249563217163086,0.0,0.9747,2.4210000000000044e-05,1.051180648803711,0.3192424774169922,0.0,0.0016008862172280924,0.9728999999999999,6.289000000000011e-05,4.088864588737488,0.46201324462890625,0.0,0.0001991137827720424
bn_n200_w2_spread_bias_high.bif,200,2,spread_bias_high,0.25,0.5,X17,1,0.4962061327726832,0.11299991607666016,1.4432134628295898,0.0,0.49879999999999997,0.00015356000000000026,0.9451227903366088,0.32028865814208984,0.0,0.0025938672273167485,0.4981999999999999,0.00029436000000000056,3.8281866312026978,0.40217018127441406,0.0,0.0019938672273167035
bn_n200_w2_spread_bias_high.bif,200,2,spread_bias_high,0.25,0.7,X17,1,0.7474312013940798,0.08447551727294922,1.4527578353881836,0.0,0.7464000000000001,0.0001686400000000003,0.9557288885116577,0.29706859588623047,0.0,0.0010312013940797504,0.7534,0.0003364400000000006,3.8105391025543214,0.4030780792236328,0.0,0.005968798605920145
bn_n200_w2_spread_bias_high.bif,200,2,spread_bias_high,0.25,0.9,X17,1,0.9441541651355447,0.11231088638305664,1.4496068954467773,0.0,0.9397,0.00015420999999999916,0.9322880506515503,0.29638195037841797,0.0,0.004454165135544752,0.9437999999999999,0.00011615999999999959,3.7570266008377073,0.3968372344970703,0.0,0.0003541651355448705
bn_n200_w2_spread_bias_high.bif,200,2,spread_bias_high,0.25,1.0,X17,1,1.0,0.11371946334838867,1.423201560974121,0.0,1.0,0.0,0.9853008985519409,0.2969236373901367,0.0,0.0,1.0,0.0,3.950675702095032,0.4104938507080078,0.0,0.0
bn_n200_w2_spread_bias_high.bif,200,2,spread_bias_high,0.5,0.7,X17,1,0.7255126458497503,0.10603761672973633,9.78653621673584,12.3125,0.7255,0.00027225000000000046,0.9734715938568115,0.31762218475341797,0.0,1.2645849750247962e-05,0.7257,0.00012561000000000023,3.871538281440735,0.4327716827392578,0.0,0.00018735415024973
bn_n200_w2_spread_bias_high.bif,200,2,spread_bias_high,0.5,0.9,X17,1,0.8974284034468317,0.10432910919189453,1.0984182357788086,0.0,0.8982000000000001,9.156000000000016e-05,0.9753402471542358,0.3171520233154297,0.0,0.0007715965531683855,0.8924000000000001,0.00016504000000000028,3.911290168762207,0.42351722717285156,0.0,0.005028403446831642
bn_n200_w2_spread_bias_high.bif,200,2,spread_bias_high,0.5,1.0,X17,1,1.0,0.10683560371398926,1.1172704696655273,0.0,1.0,0.0,0.9807240962982178,0.31754589080810547,0.0,0.0,1.0,0.0,3.873581790924072,0.42879772186279297,0.0,0.0
bn_n200_w2_uncertain_moderate.bif,200,2,uncertain_moderate,0.25,0.4,X147,1,0.3835882072682934,0.11118316650390625,1.4694585800170898,0.0,0.3893,0.00042340999999999993,1.0262978315353393,0.3006162643432617,0.0,0.0057117927317065775,0.3823,8.501000000000015e-05,4.194084024429321,0.4026975631713867,0.0,0.0012882072682934287
bn_n200_w2_uncertain_moderate.bif,200,2,uncertain_moderate,0.25,0.5,X147,1,0.5090624278488212,0.11945295333862305,1.507756233215332,0.0,0.5102,0.00020136000000000034,0.948728609085083,0.2957487106323242,0.0,0.0011375721511788228,0.5183,0.00013401000000000024,3.857485461235046,0.39649200439453125,0.0,0.009237572151178819
bn_n200_w2_uncertain_moderate.bif,200,2,uncertain_moderate,0.25,0.7,X147,1,0.7315448042617535,0.11111211776733398,1.4754705429077148,0.0,0.7362,0.0002217600000000004,0.9915186882019043,0.32861328125,0.0,0.004655195738246465,0.7285999999999999,0.0002076400000000004,4.04247088432312,0.4339790344238281,0.0,0.0029448042617535863
bn_n200_w2_uncertain_moderate.bif,200,2,uncertain_moderate,0.25,0.9,X147,1,0.939465052858722,0.11856412887573242,1.503218650817871,0.0,0.942,3.259999999999969e-05,0.9225123643875122,0.3185873031616211,0.0,0.002534947141277999,0.9419000000000001,0.00010568999999999928,3.746236038208008,0.39161109924316406,0.0,0.002434947141278121
bn_n200_w2_uncertain_moderate.bif,200,2,uncertain_moderate,0.25,1.0,X147,1,1.0,0.1155693531036377,1.451308250427246,0.0,1.0,0.0,0.9430219888687134,0.2969341278076172,0.0,0.0,1.0,0.0,3.8385805606842043,0.39905452728271484,0.0,0.0
bn_n200_w2_uncertain_moderate.bif,200,2,uncertain_moderate,0.5,0.4,X147,1,0.3530053684730469,0.06508278846740723,5.861090660095215,0.0,0.35819999999999996,0.00040336000000000007,0.9743259906768799,0.3168773651123047,0.0,0.005194631526953042,0.3503,0.00039461,3.925853157043457,0.4298114776611328,0.0,0.0027053684730469207
bn_n200_w2_uncertain_moderate.bif,200,2,uncertain_moderate,0.5,0.5,X147,1,0.5330454088866619,0.12919855117797852,1.1949224472045898,0.0,0.5290000000000001,0.00028100000000000054,0.950559425354004,0.3187389373779297,0.0,0.004045408886661717,0.5367,0.00028481000000000047,3.8471367359161377,0.44985198974609375,0.0,0.0036545911133381015
bn_n200_w2_uncertain_moderate.bif,200,2,uncertain_moderate,0.5,0.7,X147,1,0.7307255664803937,0.08107662200927734,1.1253728866577148,0.0,0.7371999999999999,0.00036876000000000064,0.9636746883392334,0.3478889465332031,0.0,0.006474433519606193,0.7274999999999999,0.00025705000000000053,3.9153806447982786,0.453704833984375,0.0,0.003225566480393738
bn_n200_w2_uncertain_moderate.bif,200,2,uncertain_moderate,0.5,0.9,X147,1,0.8892825324828114,0.11137270927429199,18.77950954437256,0.0,0.8957000000000003,8.041000000000013e-05,0.98133385181427,0.31549644470214844,0.0,0.006417467517188857,0.8859000000000001,0.00013949000000000025,3.905678391456604,0.42255592346191406,0.0,0.0033825324828112846
bn_n200_w2_uncertain_moderate.bif,200,2,uncertain_moderate,0.5,1.0,X147,1,0.9999999999999999,0.5285015106201172,1152.7684888839722,3304.5625,1.0,0.0,0.9419236660003663,0.31768226623535156,0.0,1.1102230246251565e-16,1.0,0.0,3.8673949241638184,0.4335794448852539,0.0,1.1102230246251565e-16
bn_n200_w2_uncertain_strong.bif,200,2,uncertain_strong,0.25,0.4,X172,1,0.3750160947866228,0.10645747184753418,1.479048728942871,0.0,0.37760000000000005,0.0001164400000000002,1.004132080078125,0.32210445404052734,0.0,0.0025839052133772578,0.37699999999999995,0.00020500000000000038,4.000996446609497,0.4236469268798828,0.0,0.0019839052133771573
bn_n200_w2_uncertain_strong.bif,200,2,uncertain_strong,0.25,0.5,X172,1,0.5483399458388603,0.11966538429260254,1.5055913925170898,0.0,0.5555,0.00013844999999999938,0.9720958232879638,0.2969846725463867,0.0,0.0071600541611397395,0.5529999999999999,0.00021539999999999922,3.79706015586853,0.4422445297241211,0.0,0.004660054161139682
bn_n200_w2_uncertain_strong.bif,200,2,uncertain_strong,0.25,0.7,X172,1,0.7281678369495439,0.11604022979736328,1.4639348983764648,0.0,0.7329999999999999,9.320000000000016e-05,1.0036910772323608,0.2998380661010742,0.0,0.004832163050455973,0.7293999999999999,0.00012064000000000023,4.007626390457153,0.43076515197753906,0.0,0.0012321630504560366
bn_n200_w2_uncertain_strong.bif,200,2,uncertain_strong,0.25,0.9,X172,1,0.9057658970842266,0.08585095405578613,1.487410545349121,0.0,0.9068000000000002,8.396000000000014e-05,0.9849458456039428,0.29831981658935547,0.0,0.0010341029157735493,0.9030999999999999,6.509000000000011e-05,3.9016143560409544,0.4222583770751953,0.0,0.0026658970842267093
bn_n200_w2_uncertain_strong.bif,200,2,uncertain_strong,0.25,1.0,X172,1,1.0,0.11465001106262207,1.4638586044311523,0.0,1.0,0.0,1.0006088733673095,0.2974119186401367,0.0,0.0,1.0,0.0,3.9975593090057373,0.4269428253173828,0.0,0.0
bn_n200_w2_uncertain_strong.bif,200,2,uncertain_strong,0.5,0.4,X172,1,0.43794126365717545,0.10596013069152832,1.1567068099975586,0.0,0.4386,0.0002066400000000004,0.9744482040405273,0.3191862106323242,0.0,0.0006587363428245396,0.43920000000000003,0.00025816000000000044,3.8329041719436647,0.4375171661376953,0.0,0.0012587363428245846
bn_n200_w2_uncertain_strong.bif,200,2,uncertain_strong,0.5,0.5,X172,1,0.4589910054851721,0.09941315650939941,3.0173635482788086,0.0,0.4567,0.00016281000000000005,0.9678472280502319,0.3195219039916992,0.0,0.002291005485172082,0.4588,0.0002493599999999999,3.8366286277771,0.44158363342285156,0.0,0.00019100548517209104
bn_n200_w2_uncertain_strong.bif,200,2,uncertain_strong,0.5,0.7,X172,1,0.7125330815234471,0.08244180679321289,1.3161611557006836,0.0,0.7088999999999999,0.00020549000000000037,0.9724249362945556,0.3201780319213867,0.0,0.0036330815234472125,0.7118,0.0003319599999999998,3.8565192222595215,0.4401569366455078,0.0,0.0007330815234470878
bn_n200_w2_uncertain_strong.bif,200,2,uncertain_strong,0.5,0.9,X172,1,0.8524793859261319,0.1150045394897461,1.188490867614746,0.0,0.8553999999999998,7.10400000000001e-05,0.9908488512039184,0.31774425506591797,0.0,0.0029206140738679,0.8542,8.436000000000016e-05,3.943213152885437,0.47193050384521484,0.0,0.001720614073868032
bn_n200_w2_uncertain_strong.bif,200,2,uncertain_strong,0.5,1.0,X172,1,1.0,0.15614557266235352,147.45485591888428,410.125,1.0,0.0,0.967397403717041,0.3184690475463867,0.0,0.0,1.0,0.0,3.8089733600616453,0.43863868713378906,0.0,0.0
bn_n200_w2_uniform.bif,200,2,uniform,0.25,0.4,X196,1,0.4415425020124298,0.10197830200195312,1.447047233581543,0.0,0.4365,0.0002202500000000004,0.9764366626739502,0.32011890411376953,0.0,0.005042502012429784,0.4413,0.00033541000000000056,3.8801076412200928,0.4308280944824219,0.0,0.00024250201242975722
bn_n200_w2_uniform.bif,200,2,uniform,0.25,0.5,X196,1,0.45081562116696305,0.11203908920288086,1.4309797286987305,0.0,0.45870000000000005,0.0001662099999999999,0.9607627868652344,0.2946805953979492,0.0,0.007884378833036998,0.45120000000000005,0.00016576000000000004,3.8156502723693846,0.4034690856933594,0.0,0.0003843788330369913
bn_n200_w2_uniform.bif,200,2,uniform,0.25,0.7,X196,1,0.652175677791641,0.1202397346496582,1.5076532363891602,0.0,0.6513,0.00013661000000000023,0.9703273773193359,0.3270111083984375,0.0,0.0008756777916409941,0.6593000000000001,0.00027760999999999986,3.843529796600342,0.39281272888183594,0.0,0.007124322208359124
bn_n200_w2_uniform.bif,200,2,uniform,0.25,0.9,X196,1,0.8866627950184731,0.11531472206115723,1.450678825378418,0.0,0.8824,5.84400000000001e-05,0.9750843048095703,0.3286590576171875,0.0,0.004262795018473153,0.8903000000000001,0.00012921000000000024,3.882979941368103,0.3996744155883789,0.0,0.003637204981526976
bn_n200_w2_uniform.bif,200,2,uniform,0.25,1.0,X196,1,1.0,0.1179664134979248,1.4926939010620117,0.0,1.0,0.0,0.9693656206130982,0.2962970733642578,0.0,0.0,1.0,0.0,3.8252497911453247,0.41970157623291016,0.0,0.0
bn_n200_w2_uniform.bif,200,2,uniform,0.5,0.4,X196,1,0.43181278888251495,0.06558847427368164,1.1139402389526367,0.0,0.43289999999999995,0.0001556900000000003,0.9883582115173339,0.350341796875,0.0,0.0010872111174849985,0.42840000000000006,0.0004944399999999999,3.9255414247512816,0.4289989471435547,0.0,0.0034127888825148944
bn_n200_w2_uniform.bif,200,2,uniform,0.5,0.5,X196,1,0.49213041232301413,0.10607504844665527,1.073481559753418,0.0,0.4899,0.0004754900000000002,0.9800772190093994,0.3389253616333008,0.0,0.0022304123230141304,0.4911,0.00022529000000000011,3.868364381790161,0.4239339828491211,0.0,0.0010304123230141515
bn_n200_w2_uniform.bif,200,2,uniform,0.5,0.7,X196,1,0.6670180498714771,0.10827326774597168,1.1153364181518555,0.0,0.6679,0.0005874899999999995,0.9954020738601684,0.3170490264892578,0.0,0.0008819501285229903,0.6671000000000001,0.00024048999999999967,3.9172053575515746,0.4564399719238281,0.0,8.195012852307837e-05
bn_n200_w2_uniform.bif,200,2,uniform,0.5,0.9,X196,1,0.9059086818006885,0.10040783882141113,1.1896696090698242,0.0,0.9118999999999999,7.709000000000014e-05,0.975851321220398,0.3484954833984375,0.0,0.005991318199311424,0.9042,0.0001053600000000002,3.8743123054504394,0.4216604232788086,0.0,0.0017086818006885052
bn_n200_w2_uniform.bif,200,2,uniform,0.5,1.0,X196,1,0.974591980751266,0.09188318252563477,1.1408567428588867,0.0,0.9786999999999999,2.3410000000000042e-05,0.9786635160446167,0.31754589080810547,0.0,0.004108019248733941,0.9727,2.901000000000005e-05,3.8650662660598756,0.4505653381347656,0.0,0.0018919807512659537
bn_n200_w6_concentrated_bias_low.bif,200,6,concentrated_bias_low,0.25,0.7,X136,1,0.6994289125316192,0.09276342391967773,1.5412168502807617,0.0,0.7009999999999998,0.0002613999999999993,1.0280467033386231,0.3073606491088867,0.0,0.0015710874683806386,0.7033,0.0002054099999999997,4.250451135635376,0.44319725036621094,0.0,0.0038710874683808294
bn_n200_w6_concentrated_bias_low.bif,200,6,concentrated_bias_low,0.25,0.9,X136,1,0.87341804679919,0.1159214973449707,1.5365476608276367,0.0,0.8685,8.685000000000016e-05,1.044250774383545,0.3054685592651367,0.0,0.004918046799189946,0.8762000000000001,0.00011916000000000021,4.308954071998596,0.4528636932373047,0.0,0.0027819532008100945
bn_n200_w6_concentrated_bias_low.bif,200,6,concentrated_bias_low,0.25,1.0,X136,1,1.0,0.11516141891479492,1.5343656539916992,0.0,1.0,0.0,1.0297987461090088,0.33719635009765625,0.0,0.0,1.0,0.0,4.235144686698914,0.4505596160888672,0.0,0.0
bn_n200_w6_concentrated_bias_low.bif,200,6,concentrated_bias_low,0.5,1.0,X136,1,0.9652518073307829,0.0847930908203125,2.027761459350586,0.0,0.9648,9.216000000000016e-05,1.0261006116867066,0.32140636444091797,0.0,0.00045180733078287183,0.9643999999999998,4.224000000000007e-05,4.231090092658997,0.46571922302246094,0.0,0.0008518073307830498
bn_n200_w6_concentrated_bias_high.bif,200,6,concentrated_bias_high,0.25,0.4,X103,1,0.38156891782186664,0.08060860633850098,1.5871038436889648,0.0,0.3816,0.00035104000000000016,1.0290825605392455,0.3075590133666992,0.0,3.108217813335701e-05,0.38730000000000003,0.0002886099999999999,4.238939237594605,0.45728492736816406,0.0,0.005731082178133395
bn_n200_w6_concentrated_bias_high.bif,200,6,concentrated_bias_high,0.25,0.5,X103,1,0.5011135220205896,0.11905527114868164,1.628706932067871,0.0,0.5054,0.00019704000000000032,1.0058342218399048,0.3070859909057617,0.0,0.004286477979410397,0.4978000000000001,0.0003703600000000007,4.2129932880401615,0.46076393127441406,0.0,0.0033135220205894877
bn_n200_w6_concentrated_bias_high.bif,200,6,concentrated_bias_high,0.25,0.7,X103,1,0.6804817395156284,0.11944341659545898,1.5719900131225586,0.0,0.6728999999999999,0.0003372899999999992,1.0049599647521972,0.3041105270385742,0.0,0.007581739515628461,0.6727,0.0002674099999999995,4.1407218217849735,0.45791053771972656,0.0,0.007781739515628439
bn_n200_w6_concentrated_bias_high.bif,200,6,concentrated_bias_high,0.25,0.9,X103,1,0.9476494673782495,0.1251523494720459,1.6849174499511719,0.0,0.9470999999999998,4.248999999999986e-05,1.0474976778030396,0.30897045135498047,0.0,0.0005494673782496795,0.9480000000000001,2.27999999999998e-05,4.374603009223938,0.46587562561035156,0.0,0.00035053262175055444
bn_n200_w6_concentrated_bias_high.bif,200,6,concentrated_bias_high,0.25,1.0,X103,1,1.0,0.12476849555969238,10.043402671813965,8.1875,1.0,0.0,1.0570198059082032,0.3071317672729492,0.0,0.0,1.0,0.0,4.421274971961975,0.4655170440673828,0.0,0.0
bn_n200_w6_concentrated_bias_high.bif,200,6,concentrated_bias_high,0.5,0.4,X103,1,0.37654487927834984,0.09474563598632812,8.313658714294434,0.0,0.3894,0.00021504000000000038,1.024829053878784,0.32689952850341797,0.0,0.012855120721650182,0.37249999999999994,0.0010612500000000001,4.19694197177887,0.48371315002441406,0.0,0.0040448792783499
bn_n200_w6_concentrated_bias_high.bif,200,6,concentrated_bias_high,0.5,0.5,X103,1,0.5317001765422452,9.531054019927979,9216.855074882507,26600.0625,0.535,0.0004554000000000002,1.038509202003479,0.32509899139404297,0.0,0.0032998234577548136,0.5262,0.0002207600000000004,4.231552171707153,0.4728221893310547,0.0,0.0055001765422452165
bn_n200_w6_concentrated_bias_high.bif,200,6,concentrated_bias_high,0.5,0.9,X103,1,0.8998527080384473,0.23633456230163574,288.832724571228,0.0,0.9070000000000003,0.00011840000000000021,1.0156619071960449,0.32575035095214844,0.0,0.0071472919615529484,0.9061999999999999,9.756000000000018e-05,4.252678179740906,0.48598670959472656,0.0,0.0063472919615525925
bn_n200_w6_concentrated_bias_high.bif,200,6,concentrated_bias_high,0.5,1.0,X103,1,1.0,2.531960964202881,4608.841731071472,13233.875,1.0,0.0,1.0349175930023193,0.32973766326904297,0.0,0.0,1.0,0.0,4.289555931091309,0.48174095153808594,0.0,0.0
bn_n200_w6_rigid_extreme.bif,200,6,rigid_extreme,0.25,0.4,X132,1,0.3758541276226478,0.12195229530334473,1.6287908554077148,0.0,0.38730000000000003,0.00013100999999999998,1.1050770998001098,0.3111753463745117,0.0,0.011445872377352229,0.3704,0.00018844000000000036,4.635868740081787,0.4791584014892578,0.0,0.0054541276226477975
bn_n200_w6_rigid_extreme.bif,200,6,rigid_extreme,0.25,0.5,X132,1,0.5125589440343364,0.12246203422546387,1.6161260604858398,0.0,0.5018,0.0031381599999999988,1.0496253490447998,0.3097105026245117,0.0,0.010758944034336415,0.5538000000000001,0.0026299599999999998,4.3599280834198,0.46976661682128906,0.0,0.04124105596566363
bn_n200_w6_rigid_extreme.bif,200,6,rigid_extreme,0.25,0.7,X132,1,0.7298961282841492,0.12193083763122559,1.6172704696655273,0.0,0.7387,0.00014861000000000025,1.0119354963302611,0.3095426559448242,0.0,0.008803871715850842,0.736,0.00023820000000000042,4.29761152267456,0.45699501037597656,0.0,0.006103871715850806
bn_n200_w6_rigid_extreme.bif,200,6,rigid_extreme,0.25,0.9,X132,1,0.8795643775631174,0.12011361122131348,1.6075506210327148,0.0,0.882,0.00020180000000000038,1.0579352140426637,0.3106107711791992,0.0,0.0024356224368825563,0.8722,0.0001693600000000003,4.449787926673889,0.4632740020751953,0.0,0.007364377563117475
bn_n200_w6_rigid_extreme.bif,200,6,rigid_extreme,0.25,1.0,X132,1,0.9699537096786816,0.12385010719299316,1.6773338317871094,0.0,0.9688999999999999,0.00013909000000000024,1.0544821977615357,0.3120756149291992,0.0,0.0010537096786816802,0.9685,0.00013824999999999957,4.408704710006714,0.46474647521972656,0.0,0.0014537096786815251
bn_n200_w6_rigid_extreme.bif,200,6,rigid_extreme,0.5,0.4,X132,1,0.4410521284612911,0.19140863418579102,288.8431158065796,816.5,0.39940000000000003,0.00281384,1.0321026563644409,0.33043956756591797,0.0,0.04165212846129107,0.4507999999999999,0.00842876,4.354749536514282,0.48618507385253906,0.0,0.009747871538708819
bn_n200_w6_rigid_extreme.bif,200,6,rigid_extreme,0.5,0.9,X132,1,0.8785329953408073,0.3224673271179199,576.8381452560425,1624.0,0.8827999999999999,0.00036916000000000065,1.0530048131942749,0.3269071578979492,0.0,0.004267004659192608,0.8719999999999999,9.620000000000018e-05,4.3854189157485965,0.4925518035888672,0.0,0.006532995340807424
bn_n200_w6_rigid_extreme.bif,200,6,rigid_extreme,0.5,1.0,X132,1,0.9833162290284325,0.1341109275817871,48.95258617401123,16.4375,0.984,3.940000000000007e-05,1.0704511404037476,0.3289670944213867,0.0,0.0006837709715674656,0.9823999999999999,7.244000000000013e-05,4.426215195655823,0.48039817810058594,0.0,0.0009162290284325803
bn_n200_w6_spread_bias_high.bif,200,6,spread_bias_high,0.25,0.4,X152,1,0.4453623089540948,0.09519624710083008,1.6281042098999023,0.0,0.44509999999999994,7.229000000000012e-05,1.0739480018615724,0.33092403411865234,0.0,0.00026230895409484756,0.4554,0.00016884000000000002,4.370651984214783,0.46865272521972656,0.0,0.01003769104590524
bn_n200_w6_spread_bias_high.bif,200,6,spread_bias_high,0.25,0.5,X152,1,0.5457677830312152,0.11470174789428711,1.604292869567871,0.0,0.5386,0.0003100399999999997,1.086816167831421,0.31225109100341797,0.0,0.007167783031215236,0.5544,0.00044503999999999854,4.412242579460144,0.46383094787597656,0.0,0.0086322169687848
bn_n200_w6_spread_bias_high.bif,200,6,spread_bias_high,0.25,0.7,X152,1,0.6927546699774014,0.10660362243652344,1.7312583923339844,0.0,0.6857,7.260999999999951e-05,1.0216140270233154,0.30546092987060547,0.0,0.007054669977401451,0.6936,0.00020943999999999894,4.1635521173477175,0.45528602600097656,0.0,0.0008453300225985672
bn_n200_w6_spread_bias_high.bif,200,6,spread_bias_high,0.25,0.9,X152,1,0.9462216901515198,0.11330246925354004,1.7170372009277344,0.0,0.9484999999999999,0.0001508499999999996,1.101054048538208,0.3128080368041992,0.0,0.002278309848480098,0.9446999999999999,2.1010000000000038e-05,4.524995422363281,0.4692859649658203,0.0,0.0015216901515199277
bn_n200_w6_spread_bias_high.bif,200,6,spread_bias_high,0.25,1.0,X152,1,1.0,0.11155891418457031,1.5944585800170898,0.0,1.0,0.0,1.0581991910934447,0.3081235885620117,0.0,0.0,1.0,0.0,4.336092853546143,0.4696979522705078,0.0,0.0
bn_n200_w6_spread_bias_high.bif,200,6,spread_bias_high,0.5,0.4,X152,1,0.4497056202015296,0.7152800559997559,770.340594291687,2518.5,0.4558,0.0002535600000000001,1.0701459884643554,0.3315916061401367,0.0,0.006094379798470384,0.4387,0.00043861000000000046,4.396704745292664,0.49373435974121094,0.0,0.01100562020152962
bn_n200_w6_spread_bias_high.bif,200,6,spread_bias_high,0.5,0.5,X152,1,0.5133165084766586,0.18367314338684082,76.58434963226318,181.4375,0.5236,0.0006200400000000003,1.0533659219741822,0.33043956756591797,0.0,0.010283491523341404,0.5153000000000001,0.0003818100000000007,4.334755563735962,0.4978504180908203,0.0,0.0019834915233415407
bn_n200_w6_spread_bias_high.bif,200,6,spread_bias_high,0.5,0.7,X152,1,0.6630118043406337,0.1940624713897705,288.74447536468506,821.0625,0.6679999999999999,0.00045679999999999885,1.0572957754135133,0.33031749725341797,0.0,0.004988195659366257,0.6705,0.00020284999999999973,4.348948502540589,0.4958057403564453,0.0,0.007488195659366315
bn_n200_w6_spread_bias_high.bif,200,6,spread_bias_high,0.5,0.9,X152,1,0.9469909060561417,0.9006156921386719,2304.8467741012573,6616.6875,0.9465,8.024999999999957e-05,1.0888500928878784,0.33059215545654297,0.0,0.00049090605614166,0.9477,5.100999999999984e-05,4.347145223617554,0.4875011444091797,0.0,0.0007090939438583188
bn_n200_w6_spread_bias_high.bif,200,6,spread_bias_high,0.5,1.0,X152,1,0.9505975775744929,10.323536157608032,15360.857348442078,48302.75,0.9527999999999999,8.136000000000014e-05,1.2812896966934204,0.3313016891479492,0.0,0.0022024224255069447,0.9483,0.0001192099999999994,4.492699193954468,0.5017452239990234,0.0,0.002297577574492893
bn_n200_w6_spread_bias_low.bif,200,6,spread_bias_low,0.25,0.4,X79,1,0.44354953211530185,0.09359860420227051,2.0827693939208984,0.0,0.44189999999999996,0.0003240900000000002,1.0538688898086548,0.3053922653198242,0.0,0.0016495321153018883,0.44930000000000003,0.00034401000000000006,4.231330108642578,0.45918846130371094,0.0,0.005750467884698185
bn_n200_w6_spread_bias_low.bif,200,6,spread_bias_low,0.25,0.7,X79,1,0.6641771253355173,0.10364985466003418,2.1855039596557617,0.0,0.6695,0.00014284999999999976,1.1247871398925782,0.3074522018432617,0.0,0.0053228746644826685,0.6633,0.00014601000000000024,4.542248225212097,0.4659709930419922,0.0,0.0008771253355173148
bn_n200_w6_spread_bias_low.bif,200,6,spread_bias_low,0.25,0.9,X79,1,0.9087451602198583,0.09476923942565918,1.6151838302612305,0.0,0.9078999999999999,0.00011289000000000019,1.0775687932968139,0.3058500289916992,0.0,0.0008451602198583652,0.9096,1.744000000000003e-05,4.29697699546814,0.45523738861083984,0.0,0.0008548397801416696
bn_n200_w6_spread_bias_low.bif,200,6,spread_bias_low,0.25,1.0,X79,1,0.9999999999999999,0.09807181358337402,1.574244499206543,0.0,1.0,0.0,1.0644598245620727,0.3051939010620117,0.0,1.1102230246251565e-16,1.0,0.0,4.250799131393433,0.45662498474121094,0.0,1.1102230246251565e-16
bn_n200_w6_spread_bias_low.bif,200,6,spread_bias_low,0.5,0.7,X79,1,0.6727696985354793,3.0166175365448,9217.015429496765,24141.5625,0.6672,0.0005563599999999991,1.1325691223144532,0.3274412155151367,0.0,0.005569698535479284,0.6763,0.0007886099999999992,4.169958686828613,0.49865055084228516,0.0,0.003530301464520713
bn_n200_w6_spread_bias_low.bif,200,6,spread_bias_low,0.5,0.9,X79,1,0.9053743888367451,0.29241299629211426,169.08605480194092,103.0625,0.9046999999999998,0.0001610100000000003,1.0741823673248292,0.3297910690307617,0.0,0.0006743888367453099,0.9028,2.7760000000000053e-05,4.306335616111755,0.4837932586669922,0.0,0.0025743888367451007
bn_n200_w6_spread_bias_low.bif,200,6,spread_bias_low,0.5,1.0,X79,1,0.9762368466583463,0.11242556571960449,14.771319389343262,0.0,0.9731,7.049000000000012e-05,1.10380859375,0.3273191452026367,0.0,0.0031368466583463483,0.9770999999999999,2.6090000000000043e-05,4.393028330802918,0.49327659606933594,0.0,0.0008631533416535442
bn_n200_w6_uncertain_moderate.bif,200,6,uncertain_moderate,0.25,0.4,X101,1,0.3889219981990028,0.10155010223388672,1.6248502731323242,0.0,0.3872,0.0002679599999999999,1.0359594345092773,0.3097562789916992,0.0,0.0017219981990028166,0.3927,5.0809999999999915e-05,4.284606337547302,0.4629049301147461,0.0,0.0037780018009971883
bn_n200_w6_uncertain_moderate.bif,200,6,uncertain_moderate,0.25,0.5,X101,1,0.5338124472602758,0.09365272521972656,1.5771512985229492,0.0,0.5339,0.00048388999999999973,1.047581672668457,0.3072690963745117,0.0,8.755273972427258e-05,0.5297000000000001,7.381000000000014e-05,4.3019637107849125,0.4606456756591797,0.0,0.004112447260275709
bn_n200_w6_uncertain_moderate.bif,200,6,uncertain_moderate,0.25,0.7,X101,1,0.6912628367239048,0.10039091110229492,1.7271966934204102,0.0,0.6836,0.00036683999999999887,1.0514262676239015,0.3117399215698242,0.0,0.007662836723904776,0.6897,0.00017500999999999904,4.376295661926269,0.47197532653808594,0.0,0.0015628367239047813
bn_n200_w6_uncertain_moderate.bif,200,6,uncertain_moderate,0.25,0.9,X101,1,0.9401607301610488,0.09666275978088379,1.6515913009643555,0.0,0.9411999999999999,4.475999999999956e-05,1.0426331281661987,0.30881786346435547,0.0,0.0010392698389510846,0.9381,3.0489999999999625e-05,4.3440789699554445,0.4747753143310547,0.0,0.002060730161048796
bn_n200_w6_uncertain_moderate.bif,200,6,uncertain_moderate,0.25,1.0,X101,1,1.0,0.0830080509185791,1.5435361862182617,0.0,1.0,0.0,1.0759779691696167,0.31502819061279297,0.0,0.0,1.0,0.0,4.5431132316589355,0.4718914031982422,0.0,0.0
bn_n200_w6_uncertain_moderate.bif,200,6,uncertain_moderate,0.5,0.4,X101,1,0.41441488515523256,1.1423101425170898,288.8649854660034,222.4375,0.40780000000000005,0.0003565599999999998,1.040456199645996,0.3298063278198242,0.0,0.006614885155232508,0.41719999999999996,0.0004897599999999999,4.307281875610352,0.4892864227294922,0.0,0.0027851148447674
bn_n200_w6_uncertain_moderate.bif,200,6,uncertain_moderate,0.5,0.5,X101,1,0.5051209354555081,0.12401676177978516,36.806803703308105,12.3125,0.5013000000000001,0.0004882100000000008,1.0366600275039672,0.3293485641479492,0.0,0.00382093545550799,0.49770000000000003,0.0001600100000000003,4.311358571052551,0.49086570739746094,0.0,0.007420935455508038
bn_n200_w6_uncertain_moderate.bif,200,6,uncertain_moderate,0.5,0.7,X101,1,0.7449207628809004,0.09361577033996582,15.93786907196045,0.0,0.7384000000000001,0.00013984000000000023,1.0176191568374633,0.32625865936279297,0.0,0.00652076288090031,0.7580000000000001,0.0004552000000000008,4.198379492759704,0.48949241638183594,0.0,0.013079237119099751
bn_n200_w6_uncertain_moderate.bif,200,6,uncertain_moderate,0.5,0.9,X101,1,0.9434933574338528,0.11221814155578613,20.346552848815918,0.0,0.9385999999999999,9.863999999999923e-05,1.0155422925949096,0.33196544647216797,0.0,0.004893357433852885,0.9413,8.460999999999927e-05,4.218104100227356,0.49873924255371094,0.0,0.0021933574338527384
bn_n200_w6_uncertain_moderate.bif,200,6,uncertain_moderate,0.5,1.0,X101,1,1.0,4.1395909786224365,9217.403628349304,24143.5,1.0,0.0,1.1346324682235718,0.3294553756713867,0.0,0.0,1.0,0.0,4.295816898345947,0.49361228942871094,0.0,0.0
bn_n200_w6_uncertain_strong.bif,200,6,uncertain_strong,0.25,0.4,X126,1,0.36238249221680086,0.08990335464477539,1.5637083053588867,0.0,0.3662,0.0003845600000000002,1.0371155977249145,0.31077098846435547,0.0,0.00381750778319917,0.3611,0.00023249000000000018,4.271769738197326,0.4744853973388672,0.0,0.001282492216800879
bn_n200_w6_uncertain_strong.bif,200,6,uncertain_strong,0.25,0.5,X126,1,0.5039124746914383,0.09373235702514648,1.5960187911987305,0.0,0.5010999999999999,0.0003084900000000005,1.0670597553253174,0.3078184127807617,0.0,0.0028124746914384158,0.49870000000000003,0.00019041000000000034,4.399348783493042,0.4668865203857422,0.0,0.0052124746914382625
bn_n200_w6_uncertain_strong.bif,200,6,uncertain_strong,0.25,0.7,X126,1,0.6691836749437892,0.09153962135314941,1.556239128112793,0.0,0.6582,0.00015276000000000032,0.9848904132843017,0.3053312301635742,0.0,0.010983674943789157,0.6775,0.00012364999999999964,4.095617818832397,0.4524517059326172,0.0,0.008316325056210827
bn_n200_w6_uncertain_strong.bif,200,6,uncertain_strong,0.25,0.9,X126,1,0.892107152617406,0.09476971626281738,1.5881223678588867,0.0,0.891,6.600000000000011e-05,1.0357437610626221,0.30691051483154297,0.0,0.0011071526174060153,0.8953,6.421000000000012e-05,4.262073135375976,0.45851707458496094,0.0,0.003192847382593955
bn_n200_w6_uncertain_strong.bif,200,6,uncertain_strong,0.25,1.0,X126,1,1.0,0.09323954582214355,1.6222925186157227,0.0,1.0,0.0,1.003404688835144,0.30430126190185547,0.0,0.0,1.0,0.0,4.138617086410522,0.45630550384521484,0.0,0.0
bn_n200_w6_uncertain_strong.bif,200,6,uncertain_strong,0.5,0.5,X126,1,0.5407106391238891,0.0798649787902832,37.20269298553467,8.1875,0.538,0.0006469999999999998,1.028896188735962,0.32975292205810547,0.0,0.002710639123889025,0.542,9.460000000000017e-05,4.220365047454834,0.4850597381591797,0.0,0.0012893608761109787
bn_n200_w6_uncertain_strong.bif,200,6,uncertain_strong,0.5,0.7,X126,1,0.7047132727669235,0.8568942546844482,2316.826106071472,3754.125,0.6997,0.0005210099999999994,1.0365102529525756,0.3275327682495117,0.0,0.005013272766923538,0.7093999999999999,0.0001810400000000003,4.267472434043884,0.4882640838623047,0.0,0.004686727233076393
bn_n200_w6_uncertain_strong.bif,200,6,uncertain_strong,0.5,1.0,X126,1,1.0,0.08517599105834961,2.2069530487060547,0.0,1.0,0.0,0.9772722721099854,0.3271360397338867,0.0,0.0,1.0,0.0,4.063256287574768,0.4779644012451172,0.0,0.0
bn_n200_w6_uniform.bif,200,6,uniform,0.25,0.5,X150,1,0.5095660853361511,0.09133028984069824,1.627863883972168,0.0,0.5121,0.0001774900000000003,1.0573727130889892,0.3087491989135742,0.0,0.0025339146638488907,0.5126000000000001,0.00021624000000000036,4.384781384468079,0.4664449691772461,0.0,0.0030339146638489467
bn_n200_w6_uniform.bif,200,6,uniform,0.25,0.7,X150,1,0.6560269548957687,0.09708642959594727,1.710068702697754,0.0,0.6544000000000001,0.00024444000000000044,1.0369182348251342,0.30918407440185547,0.0,0.0016269548957685842,0.6589,0.00035088999999999975,4.305878138542175,0.4643697738647461,0.0,0.0028730451042313643
bn_n200_w6_uniform.bif,200,6,uniform,0.25,0.9,X150,1,0.9154579892088934,0.09361410140991211,1.6608638763427734,0.0,0.9182,4.216000000000007e-05,0.9836898803710937,0.3035306930541992,0.0,0.002742010791106586,0.9121,0.00013628999999999958,4.085731029510498,0.4560689926147461,0.0,0.0033579892088934082
bn_n200_w6_uniform.bif,200,6,uniform,0.25,1.0,X150,1,1.0,0.09557390213012695,1.6574535369873047,0.0,1.0,0.0,1.0627204418182372,0.3111295700073242,0.0,0.0,1.0,0.0,4.433486533164978,0.46732139587402344,0.0,0.0
bn_n200_w6_uniform.bif,200,6,uniform,0.5,0.5,X150,1,0.5081297133077276,0.15957212448120117,144.85396099090576,103.0625,0.5158,0.0005915600000000012,1.0572545766830443,0.32856273651123047,0.0,0.007670286692272432,0.5062,0.00044436000000000074,4.324528098106384,0.5084543228149414,0.0,0.0019297133077276207
bn_n200_w6_uniform.bif,200,6,uniform,0.5,0.7,X150,1,0.681476617817493,0.09367728233337402,9.868494987487793,0.0,0.7011999999999999,0.0006291599999999989,1.0406423807144165,0.3278989791870117,0.0,0.01972338218250691,0.6937,0.002184409999999999,4.280937385559082,0.48700523376464844,0.0,0.012223382182506959
bn_n200_w6_uniform.bif,200,6,uniform,0.5,0.9,X150,1,0.8910894273081778,3.6905601024627686,9216.848246574402,24140.8125,0.8936999999999999,0.0003070100000000005,1.0261943101882935,0.32821178436279297,0.0,0.0026105726918221883,0.8861000000000001,0.0001796900000000003,4.399465870857239,0.49112510681152344,0.0,0.004989427308177641
bn_n200_w6_uniform.bif,200,6,uniform,0.5,1.0,X150,1,1.0,1.0354235172271729,2497.2419691085815,0.0,1.0,0.0,1.1404220581054687,0.3288602828979492,0.0,0.0,1.0,0.0,4.763533139228821,0.48561668395996094,0.0,0.0
bn_n20_w2_concentrated_bias_high.bif,20,2,concentrated_bias_high,0.25,0.4,X18,1,0.394916036451006,0.014603853225708008,0.22322368621826172,0.0,0.3851,0.0002882900000000002,1.3068371295928956,0.09844684600830078,0.0,0.009816036451005983,0.389,0.00016220000000000007,5.422621560096741,0.24670791625976562,0.0,0.005916036451005968
bn_n20_w2_concentrated_bias_high.bif,20,2,concentrated_bias_high,0.25,0.5,X18,1,0.5166117855803738,0.014331340789794922,0.20552444458007812,0.0,0.5134,0.0001038400000000002,1.1638545036315917,0.08598804473876953,0.0,0.003211785580373827,0.5187999999999999,8.196000000000014e-05,4.89252073764801,0.20330142974853516,0.0,0.0021882144196261333
bn_n20_w2_concentrated_bias_high.bif,20,2,concentrated_bias_high,0.25,0.7,X18,1,0.6896055019299432,0.01192784309387207,0.22510337829589844,0.0,0.6910000000000001,0.00011379999999999927,0.9920218467712403,0.07941150665283203,0.0,0.001394498070056871,0.6858000000000001,0.0001247599999999992,4.033920121192932,0.17142581939697266,0.0,0.0038055019299431114
bn_n20_w2_concentrated_bias_high.bif,20,2,concentrated_bias_high,0.25,0.9,X18,1,0.8764302243747945,0.01528620719909668,0.22123336791992188,0.0,0.8701000000000001,9.86900000000002e-05,1.134151816368103,0.09000873565673828,0.0,0.006330224374794358,0.8737,3.361000000000006e-05,4.7610167264938354,0.1887798309326172,0.0,0.002730224374794421
bn_n20_w2_concentrated_bias_high.bif,20,2,concentrated_bias_high,0.25,1.0,X18,1,0.9999999999999999,0.014619827270507812,0.19090652465820312,0.0,1.0,0.0,0.8438595533370972,0.07596302032470703,0.0,1.1102230246251565e-16,1.0,0.0,3.5843842029571533,0.15409183502197266,0.0,1.1102230246251565e-16
bn_n20_w2_concentrated_bias_high.bif,20,2,concentrated_bias_high,0.5,0.4,X18,1,0.36894807152260195,0.015610694885253906,0.17436504364013672,0.0,0.36639999999999995,5.9240000000000104e-05,1.0923790216445923,0.08270454406738281,0.0,0.0025480715226020023,0.3657,0.00026720999999999993,4.370419931411743,0.19193363189697266,0.0,0.0032480715226019252
bn_n20_w2_concentrated_bias_high.bif,20,2,concentrated_bias_high,0.5,0.5,X18,1,0.5278447282153982,0.013203620910644531,0.14775466918945312,0.0,0.5358,0.00014716000000000026,0.7945499420166016,0.07408618927001953,0.0,0.00795527178460187,0.5281,0.00022428999999999955,3.335271191596985,0.1514902114868164,0.0,0.0002552717846018293
bn_n20_w2_concentrated_bias_high.bif,20,2,concentrated_bias_high,0.5,0.7,X18,1,0.6867316301009831,0.014089822769165039,0.16273117065429688,0.0,0.6779000000000001,0.00022268999999999956,1.0273977279663087,0.08519458770751953,0.0,0.00883163010098309,0.6878,0.00027975999999999896,4.304024958610535,0.1829996109008789,0.0,0.0010683698990168189
bn_n20_w2_concentrated_bias_high.bif,20,2,concentrated_bias_high,0.5,0.9,X18,1,0.9047798060905297,0.016130447387695312,0.17646408081054688,0.0,0.9035,9.825000000000017e-05,1.0077088594436645,0.08040332794189453,0.0,0.0012798060905296893,0.9036,3.804000000000007e-05,4.201445198059082,0.1802225112915039,0.0,0.0011798060905297003
bn_n20_w2_concentrated_bias_high.bif,20,2,concentrated_bias_high,0.5,1.0,X18,1,1.0,0.011341571807861328,0.17656326293945312,0.0,1.0,0.0,0.9464492559432983,0.07745075225830078,0.0,0.0,1.0,0.0,4.193899488449096,0.1776437759399414,0.0,0.0
bn_n20_w2_concentrated_bias_low.bif,20,2,concentrated_bias_low,0.25,0.4,X8,1,0.3590004542009849,0.016052961349487305,0.18342113494873047,0.0,0.3551,0.0001584899999999998,1.012920618057251,0.07828235626220703,0.0,0.003900454200984893,0.3693000000000001,7.881000000000013e-05,4.315236639976502,0.18279361724853516,0.0,0.010299545799015153
bn_n20_w2_concentrated_bias_low.bif,20,2,concentrated_bias_low,0.25,0.7,X8,1,0.739310493709054,0.012887716293334961,0.21208572387695312,0.0,0.7418,0.00019896000000000033,1.042993712425232,0.07987689971923828,0.0,0.0024895062909460197,0.7372,0.00017276000000000032,4.282566261291504,0.16632938385009766,0.0,0.0021104937090540288
bn_n20_w2_concentrated_bias_low.bif,20,2,concentrated_bias_low,0.25,0.9,X8,1,0.9441198845288141,0.015258312225341797,0.23669052124023438,0.0,0.9431,8.168999999999963e-05,1.3797284603118896,0.09812641143798828,0.0,0.0010198845288140745,0.9440999999999999,4.328999999999949e-05,5.865767598152161,0.21790409088134766,0.0,1.9884528814184677e-05
bn_n20_w2_concentrated_bias_low.bif,20,2,concentrated_bias_low,0.25,1.0,X8,1,0.9690844388984443,0.015353918075561523,0.21152019500732422,0.0,0.9709000000000001,2.4090000000000045e-05,1.0640907764434815,0.08327960968017578,0.0,0.0018155611015557849,0.9681000000000001,3.549000000000007e-05,4.3591073513031,0.19085025787353516,0.0,0.0009844388984442398
bn_n20_w2_concentrated_bias_low.bif,20,2,concentrated_bias_low,0.5,0.4,X8,1,0.4100502748605102,0.01413273811340332,0.17836380004882812,0.0,0.41109999999999997,0.00019948999999999973,0.9844186544418335,0.07899951934814453,0.0,0.0010497251394897544,0.41180000000000005,8.595999999999977e-05,4.076798439025879,0.19001102447509766,0.0,0.0017497251394898439
bn_n20_w2_concentrated_bias_low.bif,20,2,concentrated_bias_low,0.5,0.5,X8,1,0.5494946625754289,0.013723373413085938,0.19086265563964844,0.0,0.5537,0.00016720999999999942,0.8716996431350708,0.07695484161376953,0.0,0.004205337424571076,0.5435000000000001,0.00014104999999999963,3.5982409477233888,0.1628732681274414,0.0,0.0059946625754288
bn_n20_w2_concentrated_bias_low.bif,20,2,concentrated_bias_low,0.5,0.7,X8,1,0.7455945761559459,0.014555215835571289,0.17039108276367188,0.0,0.7383999999999998,0.00017544000000000029,0.9671707153320312,0.08372211456298828,0.0,0.0071945761559460975,0.7457,0.0001520100000000003,4.344951343536377,0.1839761734008789,0.0,0.00010542384405409777
bn_n20_w2_concentrated_bias_low.bif,20,2,concentrated_bias_low,0.5,0.9,X8,1,0.8953263957316819,0.02034902572631836,0.22052574157714844,0.0,0.8934000000000001,0.00012404000000000023,1.2226078510284424,0.08723163604736328,0.0,0.0019263957316818514,0.8958999999999999,5.82900000000001e-05,5.246553182601929,0.2064676284790039,0.0,0.0005736042683179843
bn_n20_w2_concentrated_bias_low.bif,20,2,concentrated_bias_low,0.5,1.0,X8,1,0.9514296607262581,0.017364978790283203,0.17584609985351562,0.0,0.9538,5.8760000000000095e-05,1.0247826814651488,0.07722949981689453,0.0,0.0023703392737418616,0.9541999999999999,9.535999999999979e-05,4.254955625534057,0.15642642974853516,0.0,0.0027703392737418175
bn_n20_w2_rigid_extreme.bif,20,2,rigid_extreme,0.25,0.4,X3,1,0.4214724587327431,0.019124507904052734,0.19713973999023438,0.0,0.4147,0.00020880999999999987,0.9671033620834351,0.07698535919189453,0.0,0.00677245873274307,0.4175,0.00018904999999999996,4.109948706626892,0.1660318374633789,0.0,0.0039724587327431005
bn_n20_w2_rigid_extreme.bif,20,2,rigid_extreme,0.25,0.7,X3,1,0.6820228921901167,0.02073836326599121,0.20901775360107422,0.0,0.6919000000000001,0.0001524899999999992,0.8762476682662964,0.07294178009033203,0.0,0.009877107809883379,0.6833,0.0001448099999999993,3.5838546991348266,0.14760684967041016,0.0,0.0012771078098833266
bn_n20_w2_rigid_extreme.bif,20,2,rigid_extreme,0.25,0.9,X3,1,0.8867461392507604,0.019138813018798828,0.21849441528320312,0.0,0.8918000000000001,6.976000000000012e-05,1.1196692943573,0.08379840850830078,0.0,0.005053860749239747,0.885,0.00012740000000000022,4.731454849243164,0.1625375747680664,0.0,0.0017461392507603923
bn_n20_w2_rigid_extreme.bif,20,2,rigid_extreme,0.25,1.0,X3,1,1.0,0.0200803279876709,0.22288036346435547,0.0,1.0,0.0,1.146058773994446,0.08548450469970703,0.0,0.0,1.0,0.0,4.810271811485291,0.1943979263305664,0.0,0.0
bn_n20_w2_rigid_extreme.bif,20,2,rigid_extreme,0.5,0.4,X3,1,0.4030807972762303,0.01932835578918457,0.20587730407714844,0.0,0.398,0.0007705999999999995,1.1918707609176635,0.08668994903564453,0.0,0.005080797276230287,0.3974,0.00025024,5.164712738990784,0.18660545349121094,0.0,0.005680797276230332
bn_n20_w2_rigid_extreme.bif,20,2,rigid_extreme,0.5,0.5,X3,1,0.5237336441602853,0.02022385597229004,0.20151329040527344,0.0,0.5433,0.002618609999999998,1.146569275856018,0.09123706817626953,0.0,0.019566355839714666,0.5210000000000001,0.0002604000000000004,4.977529144287109,0.17282676696777344,0.0,0.002733644160285209
bn_n20_w2_rigid_extreme.bif,20,2,rigid_extreme,0.5,0.7,X3,1,0.6957718051220707,0.016338586807250977,0.15775680541992188,0.0,0.6891,0.000278289999999999,0.9576172351837158,0.07835102081298828,0.0,0.006671805122070662,0.6950999999999998,0.00011788999999999932,4.128083539009094,0.16304874420166016,0.0,0.0006718051220708787
bn_n20_w2_rigid_extreme.bif,20,2,rigid_extreme,0.5,0.9,X3,1,0.9068907936336831,0.018191814422607422,0.20469284057617188,0.0,0.8996999999999999,0.00015521000000000027,1.2657729148864747,0.08860492706298828,0.0,0.007190793633683135,0.9019,7.009000000000012e-05,5.406118893623352,0.1921701431274414,0.0,0.004990793633683044
bn_n20_w2_rigid_extreme.bif,20,2,rigid_extreme,0.5,1.0,X3,1,0.9999999796983912,0.01682257652282715,0.13797283172607422,0.0,1.0,0.0,1.0080957651138305,0.07732868194580078,0.0,2.030160883847998e-08,1.0,0.0,4.229012846946716,0.1761636734008789,0.0,2.030160883847998e-08
bn_n20_w2_rigid_moderate.bif,20,2,rigid_moderate,0.25,0.4,X4,1,0.43031543297647246,0.01578688621520996,0.1768627166748047,0.0,0.42139999999999994,0.00037904000000000003,0.7588050842285157,0.06806659698486328,0.0,0.008915432976472515,0.4313999999999999,0.0001206400000000002,3.198191261291504,0.1364297866821289,0.0,0.0010845670235274385
bn_n20_w2_rigid_moderate.bif,20,2,rigid_moderate,0.25,0.5,X4,1,0.4678074151189126,0.019625425338745117,0.20354270935058594,0.0,0.4667,0.0002444099999999997,1.3225196123123169,0.08900928497314453,0.0,0.0011074151189126025,0.4694,0.0002034399999999997,5.666754984855652,0.19534873962402344,0.0,0.0015925848810873777
bn_n20_w2_rigid_moderate.bif,20,2,rigid_moderate,0.25,0.7,X4,1,0.7137930422258028,0.022109508514404297,0.23185253143310547,0.0,0.7109000000000001,6.709000000000013e-05,1.5112316370010377,0.09165668487548828,0.0,0.0028930422258026667,0.6999000000000001,0.0002804899999999994,6.4058761358261105,0.22354698181152344,0.0,0.013893042225802676
bn_n20_w2_rigid_moderate.bif,20,2,rigid_moderate,0.25,0.9,X4,1,0.9496368228785691,0.020970821380615234,0.22351646423339844,0.0,0.9486000000000001,5.6040000000000094e-05,0.9125752687454224,0.07473468780517578,0.0,0.0010368228785689881,0.9475,4.684999999999976e-05,3.8246055603027345,0.16393661499023438,0.0,0.002136822878569089
bn_n20_w2_rigid_moderate.bif,20,2,rigid_moderate,0.25,1.0,X4,1,0.9999999999999999,0.018184185028076172,0.2265300750732422,0.0,1.0,0.0,0.9853071451187134,0.07583332061767578,0.0,1.1102230246251565e-16,1.0,0.0,4.056346869468689,0.1481180191040039,0.0,1.1102230246251565e-16
bn_n20_w2_rigid_moderate.bif,20,2,rigid_moderate,0.5,0.5,X4,1,0.5421438888422979,0.01718306541442871,0.16536331176757812,0.0,0.5541,0.00010788999999999942,0.9654938459396363,0.07757282257080078,0.0,0.01195611115770212,0.5433,0.00036640999999999963,4.060963606834411,0.1552591323852539,0.0,0.0011561111577020888
bn_n20_w2_rigid_moderate.bif,20,2,rigid_moderate,0.5,0.7,X4,1,0.7304976385196942,0.01898050308227539,0.19582176208496094,0.0,0.7191,0.0005418899999999994,1.0570905208587646,0.08437061309814453,0.0,0.01139763851969422,0.7192999999999999,0.0006588100000000012,4.408124208450317,0.1699075698852539,0.0,0.011197638519694242
bn_n20_w2_rigid_moderate.bif,20,2,rigid_moderate,0.5,0.9,X4,1,0.8883802245523003,0.02024555206298828,0.1982555389404297,0.0,0.8926999999999999,6.20100000000001e-05,1.1685720920562743,0.08472919464111328,0.0,0.004319775447699681,0.8856999999999999,8.841000000000014e-05,4.84346649646759,0.19670963287353516,0.0,0.0026802245523003254
bn_n20_w2_rigid_moderate.bif,20,2,rigid_moderate,0.5,1.0,X4,1,0.9999999999999999,0.01747608184814453,0.16474533081054688,0.0,1.0,0.0,1.1411030769348145,0.08197498321533203,0.0,1.1102230246251565e-16,1.0,0.0,4.678955483436584,0.1816263198852539,0.0,1.1102230246251565e-16
bn_n20_w2_spread_bias_high.bif,20,2,spread_bias_high,0.25,0.4,X16,1,0.39907546006346695,0.017911911010742188,0.19259929656982422,0.0,0.3862,7.376000000000012e-05,0.881585955619812,0.07515430450439453,0.0,0.01287546006346696,0.39349999999999996,0.00031165,3.830461859703064,0.15242862701416016,0.0,0.005575460063466986
bn_n20_w2_spread_bias_high.bif,20,2,spread_bias_high,0.25,0.5,X16,1,0.49180203234892866,0.020743846893310547,0.21522045135498047,0.0,0.48949999999999994,7.545000000000014e-05,1.1287734985351563,0.08430957794189453,0.0,0.0023020323489287287,0.49770000000000003,0.0002630100000000005,4.848404264450073,0.19168949127197266,0.0,0.0058979676510713674
bn_n20_w2_spread_bias_high.bif,20,2,spread_bias_high,0.25,0.7,X16,1,0.6726246653627777,0.020154953002929688,0.20228862762451172,0.0,0.6746000000000001,0.00024763999999999933,0.905592393875122,0.07517719268798828,0.0,0.0019753346372224367,0.6692,0.00012396000000000022,3.851997947692871,0.1538095474243164,0.0,0.0034246653627776347
bn_n20_w2_spread_bias_high.bif,20,2,spread_bias_high,0.25,0.9,X16,1,0.8845046923802048,0.021132230758666992,0.22872447967529297,0.0,0.8804000000000001,0.00013484000000000027,1.3902899503707886,0.09381580352783203,0.0,0.004104692380204722,0.8824,6.104000000000012e-05,5.789140057563782,0.23435592651367188,0.0,0.002104692380204831
bn_n20_w2_spread_bias_high.bif,20,2,spread_bias_high,0.25,1.0,X16,1,0.98631654875778,0.01798272132873535,0.19984054565429688,0.0,0.9874,9.040000000000015e-06,0.8403441905975342,0.07245349884033203,0.0,0.0010834512422200904,0.9863,1.561000000000003e-05,3.503663349151611,0.13906192779541016,0.0,1.6548757780010526e-05
bn_n20_w2_spread_bias_high.bif,20,2,spread_bias_high,0.5,0.4,X16,1,0.3854992413603804,0.021820545196533203,0.2055797576904297,0.0,0.3807999999999999,0.00026776000000000013,1.2167065858840942,0.08893299102783203,0.0,0.004699241360380468,0.3831,0.00031229000000000055,5.126805233955383,0.1981363296508789,0.0,0.0023992413603803886
bn_n20_w2_spread_bias_high.bif,20,2,spread_bias_high,0.5,0.5,X16,1,0.4819930737417122,0.021882295608520508,0.21313095092773438,0.0,0.48980000000000007,0.0002741600000000002,1.0747694015502929,0.08406543731689453,0.0,0.007806926258287883,0.48580000000000007,0.00026616,4.5885083198547365,0.1692056655883789,0.0,0.0038069262582878793
bn_n20_w2_spread_bias_high.bif,20,2,spread_bias_high,0.5,0.7,X16,1,0.6751924048359961,0.019997835159301758,0.20125389099121094,0.0,0.6778000000000001,0.00015475999999999953,1.1559396505355835,0.08462238311767578,0.0,0.002607595164003995,0.6780999999999999,0.00019728999999999943,4.81082558631897,0.1934213638305664,0.0,0.002907595164003851
bn_n20_w2_spread_bias_high.bif,20,2,spread_bias_high,0.5,0.9,X16,1,0.8503709286443875,0.018167972564697266,0.1848583221435547,0.0,0.8583000000000001,8.421000000000017e-05,0.9020732164382934,0.07505512237548828,0.0,0.007929071355612605,0.8431,5.96900000000001e-05,3.8892108678817747,0.1510171890258789,0.0,0.007270928644387498
bn_n20_w2_spread_bias_high.bif,20,2,spread_bias_high,0.5,1.0,X16,1,1.0,0.018337011337280273,0.16583633422851562,0.0,1.0,0.0,0.9884011745452881,0.07823657989501953,0.0,0.0,1.0,0.0,4.170914340019226,0.17350101470947266,0.0,0.0
bn_n20_w2_spread_bias_low.bif,20,2,spread_bias_low,0.25,0.4,X13,1,0.3744147803372647,0.01787877082824707,0.19787883758544922,0.0,0.3795,0.0002806500000000001,1.0472339391708374,0.07699298858642578,0.0,0.005085219662735285,0.38730000000000003,0.00014401,4.281849384307861,0.17520999908447266,0.0,0.012885219662735314
bn_n20_w2_spread_bias_low.bif,20,2,spread_bias_low,0.25,0.5,X13,1,0.5003400547700334,0.021329402923583984,0.22886180877685547,0.0,0.5086,0.0004000400000000007,1.2120027780532836,0.08710956573486328,0.0,0.008259945229966648,0.5004000000000001,9.924000000000018e-05,5.221873044967651,0.18485355377197266,0.0,5.9945229966662517e-05
bn_n20_w2_spread_bias_low.bif,20,2,spread_bias_low,0.25,0.7,X13,1,0.6636392750005834,0.0226287841796875,0.2422161102294922,0.0,0.6695,0.00022864999999999987,1.065380334854126,0.07839679718017578,0.0,0.005860724999416589,0.6608,0.00014676000000000026,4.468247628211975,0.1720438003540039,0.0,0.002839275000583341
bn_n20_w2_spread_bias_low.bif,20,2,spread_bias_low,0.25,0.9,X13,1,0.8900628471066974,0.021289587020874023,0.2438030242919922,0.0,0.8932999999999998,8.421000000000014e-05,1.656325674057007,0.10315418243408203,0.0,0.0032371528933023974,0.8937000000000002,1.9810000000000036e-05,6.943881607055664,0.2162485122680664,0.0,0.0036371528933027975
bn_n20_w2_spread_bias_low.bif,20,2,spread_bias_low,0.25,1.0,X13,1,1.0,0.019715547561645508,0.19959545135498047,0.0,1.0,0.0,1.0147555589675903,0.07953357696533203,0.0,0.0,1.0,0.0,4.263001775741577,0.1548166275024414,0.0,0.0
bn_n20_w2_spread_bias_low.bif,20,2,spread_bias_low,0.5,0.4,X13,1,0.4431591784466302,0.02098560333251953,0.2115612030029297,0.0,0.4412,0.0002305600000000004,1.2268977165222168,0.08770465850830078,0.0,0.0019591784466302387,0.45009999999999994,0.0002502900000000004,5.079365873336792,0.19486331939697266,0.0,0.006940821553369725
bn_n20_w2_spread_bias_low.bif,20,2,spread_bias_low,0.5,0.5,X13,1,0.5308025322505553,0.019314050674438477,0.17580032348632812,0.0,0.5339,0.00024889000000000047,1.1094528913497925,0.08171558380126953,0.0,0.003097467749444749,0.5262,0.0001621600000000003,4.506502604484558,0.16532230377197266,0.0,0.004602532250555291
bn_n20_w2_spread_bias_low.bif,20,2,spread_bias_low,0.5,0.7,X13,1,0.654963903283978,0.020600080490112305,0.21545982360839844,0.0,0.6484,0.00010244000000000019,1.2756857872009277,0.09013080596923828,0.0,0.006563903283978045,0.6484,0.00012004000000000021,5.398242712020874,0.21422958374023438,0.0,0.006563903283978045
bn_n20_w2_spread_bias_low.bif,20,2,spread_bias_low,0.5,0.9,X13,1,0.8658369322483552,0.021368741989135742,0.20849132537841797,0.0,0.8685,0.00013085000000000023,1.2909574508666992,0.09105396270751953,0.0,0.002663067751644821,0.8727,0.00013341000000000026,5.461947345733643,0.1787242889404297,0.0,0.006863067751644802
bn_n20_w2_spread_bias_low.bif,20,2,spread_bias_low,0.5,1.0,X13,1,0.9954878839217204,0.017011165618896484,0.18645763397216797,0.0,0.9954000000000001,4.240000000000008e-06,1.0632811069488526,0.08297443389892578,0.0,8.7883921720322e-05,0.9945,4.050000000000007e-06,4.499676752090454,0.1628580093383789,0.0,0.000987883921720334
bn_n20_w2_uncertain_moderate.bif,20,2,uncertain_moderate,0.25,0.5,X3,1,0.4880948570033573,0.020897865295410156,0.2307415008544922,0.0,0.4969,0.00011669000000000021,1.4534105062484741,0.09887409210205078,0.0,0.0088051429966427,0.4788,0.0002457599999999998,6.093201041221619,0.23156070709228516,0.0,0.009294857003357304
bn_n20_w2_uncertain_moderate.bif,20,2,uncertain_moderate,0.25,0.9,X3,1,0.866603909050164,0.022506237030029297,0.23282146453857422,0.0,0.8688,9.536000000000018e-05,1.8307846069335938,0.11323261260986328,0.0,0.0021960909498359715,0.8708,0.00012976000000000025,7.812182927131653,0.25238895416259766,0.0,0.004196090949835973
bn_n20_w2_uncertain_moderate.bif,20,2,uncertain_moderate,0.25,1.0,X3,1,0.9999999999999999,0.018594741821289062,0.17964458465576172,0.0,1.0,0.0,0.8223738193511962,0.07072162628173828,0.0,1.1102230246251565e-16,1.0,0.0,3.4405988693237304,0.13692569732666016,0.0,1.1102230246251565e-16
bn_n20_w2_uncertain_strong.bif,20,2,uncertain_strong,0.25,0.7,X1,1,0.6901461869004168,0.019829273223876953,0.21654796600341797,0.0,0.6944999999999999,7.324999999999965e-05,1.128028440475464,0.08499622344970703,0.0,0.004353813099583048,0.688,0.00018699999999999912,4.746829533576966,0.18587589263916016,0.0,0.002146186900416902
bn_n20_w2_uncertain_strong.bif,20,2,uncertain_strong,0.25,0.9,X1,1,0.8729987861843884,0.01786661148071289,0.19511795043945312,0.0,0.8664,0.00011224000000000021,1.007369065284729,0.07807636260986328,0.0,0.006598786184388472,0.8711,4.569000000000008e-05,4.199038958549499,0.16625308990478516,0.0,0.0018987861843884346
bn_n20_w2_uncertain_strong.bif,20,2,uncertain_strong,0.25,1.0,X1,1,1.0,0.018822669982910156,0.2289104461669922,0.0,1.0,0.0,1.1636982202529906,0.08553791046142578,0.0,0.0,1.0,0.0,4.842298793792724,0.18880558013916016,0.0,0.0
bn_n20_w2_uncertain_strong.bif,20,2,uncertain_strong,0.5,0.7,X1,1,0.7079118117085176,0.017894744873046875,0.16192913055419922,0.0,0.7062999999999999,0.00011980999999999932,1.0840087175369262,0.08057117462158203,0.0,0.001611811708517652,0.7015,0.00029124999999999925,4.44389488697052,0.1744852066040039,0.0,0.006411811708517567
bn_n20_w2_uncertain_strong.bif,20,2,uncertain_strong,0.5,0.9,X1,1,0.8545291064320694,0.020895957946777344,0.22266674041748047,0.0,0.8583999999999999,0.00018724000000000033,1.205659770965576,0.08903217315673828,0.0,0.003870893567930578,0.8617000000000001,0.00014281000000000024,5.107820010185241,0.19989871978759766,0.0,0.0071708935679307695
bn_n20_w2_uncertain_strong.bif,20,2,uncertain_strong,0.5,1.0,X1,1,1.0,0.014885425567626953,0.13738632202148438,0.0,1.0,0.0,1.0177771329879761,0.07792377471923828,0.0,0.0,1.0,0.0,4.333144021034241,0.15457725524902344,0.0,0.0
bn_n20_w2_uniform.bif,20,2,uniform,0.25,0.4,X3,1,0.4395856967949616,0.022057533264160156,0.22013378143310547,0.0,0.42869999999999997,0.0002454100000000001,1.2965737342834474,0.09416675567626953,0.0,0.010885696794961652,0.433,0.00026280000000000015,5.568962788581848,0.21877384185791016,0.0,0.006585696794961626
bn_n20_w2_uniform.bif,20,2,uniform,0.25,0.5,X3,1,0.5033629729738673,0.017833948135375977,0.2347545623779297,0.0,0.49660000000000004,0.00016264000000000027,1.0957141160964965,0.08093738555908203,0.0,0.006762972973867298,0.4971,0.00022229000000000042,4.531212115287781,0.17664432525634766,0.0,0.006262972973867353
bn_n20_w2_uniform.bif,20,2,uniform,0.25,0.7,X3,1,0.6848826025331185,0.023340225219726562,0.22746849060058594,0.0,0.6843999999999999,0.0001670399999999991,0.9583699703216553,0.07906818389892578,0.0,0.00048260253311860346,0.6793,0.0003418099999999989,4.135323834419251,0.17057132720947266,0.0,0.005582602533118486
bn_n20_w2_uniform.bif,20,2,uniform,0.25,0.9,X3,1,0.8683904013574433,0.0174558162689209,0.21908092498779297,0.0,0.869,8.980000000000015e-05,1.0459226608276366,0.08159351348876953,0.0,0.000609598642556719,0.8665,8.825000000000015e-05,4.540805983543396,0.17545413970947266,0.0,0.0018904013574432277
bn_n20_w2_uniform.bif,20,2,uniform,0.25,1.0,X3,1,1.0,0.017908334732055664,0.19726848602294922,0.0,1.0,0.0,0.9416684150695801,0.07713794708251953,0.0,0.0,1.0,0.0,4.0539298295974735,0.15853214263916016,0.0,0.0
bn_n20_w2_uniform.bif,20,2,uniform,0.5,0.4,X3,1,0.41937829517914915,0.02128744125366211,0.23238658905029297,0.0,0.42510000000000003,0.00016229000000000032,1.2710521697998047,0.08826923370361328,0.0,0.005721704820850881,0.4207000000000001,0.00018781,5.4790517568588255,0.2059030532836914,0.0,0.0013217048208509219
bn_n20_w2_uniform.bif,20,2,uniform,0.5,0.5,X3,1,0.5366136502066247,0.018597841262817383,0.18114757537841797,0.0,0.5410999999999999,0.0002260900000000004,1.1787177801132203,0.08827686309814453,0.0,0.004486349793375255,0.5389999999999999,9.380000000000018e-05,5.0972740650177,0.1960611343383789,0.0,0.002386349793375264
bn_n20_w2_uniform.bif,20,2,uniform,0.5,0.7,X3,1,0.7346460940505956,0.017037391662597656,0.19338035583496094,0.0,0.7293000000000001,0.0002096100000000004,0.9281793832778931,0.07751178741455078,0.0,0.005346094050595496,0.7384999999999999,0.0002090500000000004,3.863938903808594,0.1542978286743164,0.0,0.0038539059494043792
bn_n20_w2_uniform.bif,20,2,uniform,0.5,0.9,X3,1,0.9411233162858752,0.01647043228149414,0.20290184020996094,0.0,0.9359999999999999,4.7799999999999414e-05,1.1197871208190917,0.08202075958251953,0.0,0.005123316285875257,0.9391,4.808999999999945e-05,4.745735359191895,0.1811990737915039,0.0,0.002023316285875154
bn_n20_w2_uniform.bif,20,2,uniform,0.5,1.0,X3,1,0.9528220362509332,0.01741313934326172,0.18945693969726562,0.0,0.9537000000000001,1.121000000000002e-05,1.1319839477539062,0.08472919464111328,0.0,0.0008779637490669012,0.952,1.9600000000000036e-05,4.7454523086547855,0.1848154067993164,0.0,0.0008220362509332446
bn_n20_w6_concentrated_bias_high.bif,20,6,concentrated_bias_high,0.25,0.4,X2,1,0.3712129856277602,0.02158212661743164,0.26160240173339844,0.0,0.372,0.0003000000000000002,1.4095763206481933,0.10371112823486328,0.0,0.0007870143722398248,0.36429999999999996,0.0004022100000000004,6.089616751670837,0.22614383697509766,0.0,0.006912985627760215
bn_n20_w6_concentrated_bias_high.bif,20,6,concentrated_bias_high,0.25,0.5,X2,1,0.45832319639223745,0.02177119255065918,0.27689170837402344,0.0,0.472,8.279999999999972e-05,1.4212190151214599,0.10076618194580078,0.0,0.013676803607762522,0.4633000000000001,0.00021140999999999982,6.116863441467285,0.2288951873779297,0.0,0.004976803607762648
bn_n20_w6_concentrated_bias_high.bif,20,6,concentrated_bias_high,0.25,0.7,X2,1,0.7419192795121565,0.023430585861206055,0.2832670211791992,0.0,0.7381,0.00014509000000000025,1.9684436559677123,0.11824512481689453,0.0,0.003819279512156548,0.7375,0.0001006500000000002,8.440772819519044,0.33570194244384766,0.0,0.004419279512156482
bn_n20_w6_concentrated_bias_high.bif,20,6,concentrated_bias_high,0.25,0.9,X2,1,0.9244397930711709,0.022432804107666016,0.26483726501464844,0.0,0.9266,8.123999999999984e-05,2.0898698806762694,0.12294483184814453,0.0,0.0021602069288291226,0.9249,5.309000000000009e-05,9.123865580558777,0.33486270904541016,0.0,0.0004602069288291988
bn_n20_w6_concentrated_bias_high.bif,20,6,concentrated_bias_high,0.25,1.0,X2,1,0.9914757192777586,0.02142477035522461,0.28309154510498047,0.0,0.9901000000000002,1.1690000000000022e-05,2.002944302558899,0.11744403839111328,0.0,0.0013757192777583693,0.9911,6.290000000000012e-06,8.533556604385376,0.33302879333496094,0.0,0.0003757192777585905
bn_n20_w6_concentrated_bias_high.bif,20,6,concentrated_bias_high,0.5,0.4,X2,1,0.4093662793570498,0.024259328842163086,0.3107461929321289,0.0,0.4065,6.064999999999973e-05,1.7139872074127198,0.11019611358642578,0.0,0.0028662793570498057,0.4093,0.0001400099999999998,7.4704389572143555,0.27443790435791016,0.0,6.627935704978105e-05
bn_n20_w6_concentrated_bias_high.bif,20,6,concentrated_bias_high,0.5,0.5,X2,1,0.4849413061508051,0.022545576095581055,0.24776077270507812,0.0,0.4852,0.0001659600000000003,1.469260311126709,0.10258960723876953,0.0,0.0002586938491949131,0.47569999999999996,0.0002578099999999997,6.295391058921814,0.2492837905883789,0.0,0.00924130615080515
bn_n20_w6_concentrated_bias_high.bif,20,6,concentrated_bias_high,0.5,0.7,X2,1,0.7283141327840236,0.02501058578491211,0.2500486373901367,0.0,0.732,9.400000000000018e-05,1.6787108898162841,0.11192035675048828,0.0,0.0036858672159764128,0.7253999999999999,0.00018864000000000034,7.331476807594299,0.2633647918701172,0.0,0.0029141327840236375
bn_n20_w6_concentrated_bias_high.bif,20,6,concentrated_bias_high,0.5,0.9,X2,1,0.9031331144446026,0.029945850372314453,0.2886075973510742,0.0,0.9045,0.00014525000000000028,1.889822292327881,0.11794757843017578,0.0,0.0013668855553973236,0.9064,6.404000000000011e-05,8.215663123130799,0.32629966735839844,0.0,0.0032668855553973364
bn_n20_w6_concentrated_bias_high.bif,20,6,concentrated_bias_high,0.5,1.0,X2,1,1.0,0.02468132972717285,0.2802457809448242,0.0,1.0,0.0,1.51697895526886,0.10451221466064453,0.0,0.0,1.0,0.0,6.497440385818481,0.2383890151977539,0.0,0.0
bn_n20_w6_concentrated_bias_low.bif,20,6,concentrated_bias_low,0.25,0.7,X13,1,0.6549125097388417,0.024117708206176758,0.2764921188354492,0.0,0.6578,0.00022376000000000036,1.98188374042511,0.11765766143798828,0.0,0.0028874902611583098,0.6593,0.00013121000000000023,8.300300908088683,0.29904747009277344,0.0,0.004387490261158256
bn_n20_w6_concentrated_bias_low.bif,20,6,concentrated_bias_low,0.25,0.9,X13,1,0.8556876347657374,0.02225208282470703,0.25471019744873047,0.0,0.8551,0.00014689000000000027,1.4347707033157349,0.10108661651611328,0.0,0.0005876347657374215,0.86,0.00011580000000000019,5.968852543830872,0.22510623931884766,0.0,0.004312365234262594
bn_n20_w6_concentrated_bias_low.bif,20,6,concentrated_bias_low,0.25,1.0,X13,1,1.0,0.014017820358276367,0.21952342987060547,0.0,1.0,0.0,1.3470458507537841,0.10641956329345703,0.0,0.0,1.0,0.0,5.758647799491882,0.26130008697509766,0.0,0.0
bn_n20_w6_concentrated_bias_low.bif,20,6,concentrated_bias_low,0.5,0.5,X13,1,0.517282149994941,0.01593470573425293,0.2635231018066406,0.0,0.5186000000000001,0.0001728400000000003,1.6175929307937622,0.11852741241455078,0.0,0.001317850005059018,0.5114,6.564000000000011e-05,6.968633151054382,0.31586551666259766,0.0,0.005882149994941077
bn_n20_w6_concentrated_bias_low.bif,20,6,concentrated_bias_low,0.5,0.7,X13,1,0.7415800033416462,0.015816926956176758,0.23563766479492188,0.0,0.7426,0.0001226400000000002,1.3137447834014893,0.09785938262939453,0.0,0.001019996658353839,0.7415,0.00014785000000000026,5.587279319763184,0.2415628433227539,0.0,8.000334164615097e-05
bn_n20_w6_concentrated_bias_low.bif,20,6,concentrated_bias_low,0.5,1.0,X13,1,0.9575710120687316,0.018207311630249023,0.2710762023925781,0.0,0.9569999999999999,1.9000000000000035e-05,1.7150608539581298,0.11987018585205078,0.0,0.0005710120687317799,0.9585000000000001,1.9650000000000037e-05,7.7598570585250854,0.30895042419433594,0.0,0.000928987931268499
bn_n20_w6_rigid_extreme.bif,20,6,rigid_extreme,0.25,0.4,X13,1,0.3911152912071242,0.02177119255065918,0.2656135559082031,0.0,0.39740000000000003,0.00016483999999999978,1.3224542379379272,0.09322834014892578,0.0,0.006284708792875848,0.3931,0.0002512900000000001,5.5293704748153685,0.23142337799072266,0.0,0.0019847087928758222
bn_n20_w6_rigid_extreme.bif,20,6,rigid_extreme,0.25,0.5,X13,1,0.5468113335000473,0.018837451934814453,0.26835155487060547,0.0,0.5458,0.00018255999999999982,1.4986040592193604,0.10506153106689453,0.0,0.00101133350004734,0.5473000000000001,0.00016640999999999954,6.282184886932373,0.26973819732666016,0.0,0.0004886664999528278
bn_n20_w6_rigid_extreme.bif,20,6,rigid_extreme,0.25,0.7,X13,1,0.7498231839994016,0.017931699752807617,0.27680015563964844,0.0,0.7489,0.00019149000000000032,1.6844817876815796,0.11370563507080078,0.0,0.0009231839994016111,0.7428,0.00020956000000000034,7.142346811294556,0.29964542388916016,0.0,0.007023183999401605
bn_n20_w6_rigid_extreme.bif,20,6,rigid_extreme,0.25,0.9,X13,1,0.8501275668180014,0.015380144119262695,0.25031566619873047,0.0,0.8478,0.00021656000000000035,0.8450906276702881,0.07914447784423828,0.0,0.002327566818001392,0.8467,0.00011621000000000023,3.6374120235443117,0.17269229888916016,0.0,0.003427566818001382
bn_n20_w6_rigid_extreme.bif,20,6,rigid_extreme,0.25,1.0,X13,1,1.0,0.01764225959777832,0.2889518737792969,0.0,1.0,0.0,1.8633672952651978,0.12429523468017578,0.0,0.0,1.0,0.0,7.9539587020874025,0.34438419342041016,0.0,0.0
bn_n20_w6_rigid_extreme.bif,20,6,rigid_extreme,0.5,0.4,X13,1,0.3817650793494173,0.01385807991027832,0.21089458465576172,0.0,0.3806,0.00027484000000000005,1.4919328927993774,0.10301685333251953,0.0,0.0011650793494172862,0.3859,0.00032508999999999994,6.270485615730285,0.2760477066040039,0.0,0.004134920650582741
bn_n20_w6_rigid_extreme.bif,20,6,rigid_extreme,0.5,0.5,X13,1,0.5065056764182563,0.013367652893066406,0.19108200073242188,0.0,0.5127,0.00021141000000000036,1.3279770612716675,0.09945392608642578,0.0,0.006194323581743766,0.5031000000000001,0.0003462900000000001,5.697561573982239,0.2529001235961914,0.0,0.003405676418256176
bn_n20_w6_rigid_extreme.bif,20,6,rigid_extreme,0.5,0.7,X13,1,0.6512270080975209,0.016111373901367188,0.24995040893554688,0.0,0.6510000000000001,0.0002192000000000004,1.6002920389175415,0.10921192169189453,0.0,0.00022700809752074225,0.6526,0.00014164000000000028,6.798203730583191,0.2920694351196289,0.0,0.0013729919024790815
bn_n20_w6_rigid_extreme.bif,20,6,rigid_extreme,0.5,0.9,X13,1,0.8721723674620118,0.016805410385131836,0.2635917663574219,0.0,0.8926999999999999,0.026121809999999995,1.5206358194351197,0.11391925811767578,0.0,0.020527632537988172,0.8702,0.0002197600000000004,6.511876726150513,0.28899478912353516,0.0,0.0019723674620117926
bn_n20_w6_rigid_extreme.bif,20,6,rigid_extreme,0.5,1.0,X13,1,0.9992280800855257,0.008585214614868164,0.2580289840698242,0.0,0.9753999999999999,0.0054464399999999994,1.523720932006836,0.10603809356689453,0.0,0.023828080085525727,0.9995,4.500000000000009e-07,6.559345173835754,0.2872018814086914,0.0,0.00027191991447439445
bn_n20_w6_rigid_moderate.bif,20,6,rigid_moderate,0.25,0.4,X14,1,0.38134309693734403,0.022906064987182617,0.3202695846557617,0.0,0.3855,0.0001732500000000003,2.5106421232223513,0.15184497833251953,0.0,0.004156903062655981,0.3808,9.276000000000016e-05,10.701027655601502,0.4646797180175781,0.0,0.0005430969373440009
bn_n20_w6_rigid_moderate.bif,20,6,rigid_moderate,0.25,0.5,X14,1,0.4725041387869439,0.020478010177612305,0.3167905807495117,0.0,0.46320000000000006,0.00011515999999999974,2.2522170782089233,0.15431690216064453,0.0,0.00930413878694386,0.47289999999999993,9.128999999999973e-05,9.657071661949157,0.40490055084228516,0.0,0.0003958612130560146
bn_n20_w6_rigid_moderate.bif,20,6,rigid_moderate,0.25,0.7,X14,1,0.6520227524050507,0.015124082565307617,0.2621192932128906,0.0,0.649,0.00011740000000000021,1.2644307374954225,0.09512042999267578,0.0,0.003022752405050677,0.6464000000000001,0.0001758400000000003,5.386677551269531,0.2385721206665039,0.0,0.005622752405050613
bn_n20_w6_rigid_moderate.bif,20,6,rigid_moderate,0.25,0.9,X14,1,0.9440086393140656,0.019378185272216797,0.3220863342285156,0.0,0.9445,2.584999999999986e-05,2.091478371620178,0.13590717315673828,0.0,0.0004913606859343611,0.9452999999999999,7.220999999999966e-05,8.917614340782166,0.3741569519042969,0.0,0.001291360685934273
bn_n20_w6_rigid_moderate.bif,20,6,rigid_moderate,0.25,1.0,X14,1,0.999728566998731,0.018691539764404297,0.2928428649902344,0.0,0.9998000000000001,3.600000000000006e-07,2.258752965927124,0.12734699249267578,0.0,7.143300126910557e-05,0.9994,2.400000000000004e-07,9.660778832435607,0.4122934341430664,0.0,0.0003285669987310724
bn_n20_w6_rigid_moderate.bif,20,6,rigid_moderate,0.5,0.4,X14,1,0.4057221936568336,0.01791858673095703,0.2897987365722656,0.0,0.4,0.0003421999999999999,1.4996509313583375,0.11829090118408203,0.0,0.005722193656833574,0.40470000000000006,0.00015800999999999972,6.450586056709289,0.27010440826416016,0.0,0.0010221936568335366
bn_n20_w6_rigid_moderate.bif,20,6,rigid_moderate,0.5,0.5,X14,1,0.48629735555430503,0.018348217010498047,0.29456615447998047,0.0,0.4862,0.0002789600000000001,1.9577222347259522,0.13650989532470703,0.0,9.735555430501197e-05,0.4789,0.00021908999999999964,8.678814029693603,0.37613773345947266,0.0,0.007397355554305041
bn_n20_w6_rigid_moderate.bif,20,6,rigid_moderate,0.5,0.7,X14,1,0.6514496917329021,0.024378538131713867,0.3124809265136719,0.0,0.6529,0.00022729000000000038,1.9027154922485352,0.12019062042236328,0.0,0.0014503082670979106,0.6456999999999999,0.00015181000000000027,7.6162693977355955,0.32994937896728516,0.0,0.005749691732902185
bn_n20_w6_rigid_moderate.bif,20,6,rigid_moderate,0.5,0.9,X14,1,0.8860592018478581,0.02188706398010254,0.2964963912963867,0.0,0.8894,2.3240000000000042e-05,1.6331927061080933,0.12086963653564453,0.0,0.003340798152141833,0.8854000000000001,0.00013604000000000022,7.298530006408692,0.30732059478759766,0.0,0.0006592018478580597
bn_n20_w6_rigid_moderate.bif,20,6,rigid_moderate,0.5,1.0,X14,1,1.0,0.022476673126220703,0.32773876190185547,0.0,1.0,0.0,1.7014606714248657,0.10495471954345703,0.0,0.0,1.0,0.0,7.116429567337036,0.3183908462524414,0.0,0.0
bn_n20_w6_spread_bias_high.bif,20,6,spread_bias_high,0.25,0.4,X2,1,0.41315825209455354,0.022287368774414062,0.29148387908935547,0.0,0.4149999999999999,0.00011839999999999987,1.7686010599136353,0.12086963653564453,0.0,0.0018417479054463892,0.4029,0.0002870899999999999,7.549345874786377,0.3463907241821289,0.0,0.010258252094553555
bn_n20_w6_spread_bias_high.bif,20,6,spread_bias_high,0.25,0.5,X2,1,0.526702471056849,0.01949477195739746,0.2926054000854492,0.0,0.5255000000000001,0.00015545000000000028,2.0957411766052245,0.13956165313720703,0.0,0.0012024710568488972,0.5239,0.00011169000000000023,9.483792519569397,0.37956809997558594,0.0,0.002802471056848943
bn_n20_w6_spread_bias_high.bif,20,6,spread_bias_high,0.25,0.7,X2,1,0.703908004334566,0.02176976203918457,0.29180431365966797,0.0,0.6951999999999999,0.0002201599999999992,1.9128936529159546,0.12953662872314453,0.0,0.008708004334566088,0.7049,0.00015528999999999982,7.970895099639892,0.31874656677246094,0.0,0.0009919956654339535
bn_n20_w6_spread_bias_high.bif,20,6,spread_bias_high,0.25,0.9,X2,1,0.9260621738424847,0.016998767852783203,0.27319908142089844,0.0,0.9241999999999999,4.9559999999999776e-05,1.3239888429641724,0.09695148468017578,0.0,0.0018621738424847711,0.9325999999999999,4.0239999999999676e-05,5.587532877922058,0.24068546295166016,0.0,0.006537826157515192
bn_n20_w6_spread_bias_high.bif,20,6,spread_bias_high,0.25,1.0,X2,1,1.0,0.020830631256103516,0.2922697067260742,0.0,1.0,0.0,1.691565203666687,0.12254047393798828,0.0,0.0,1.0,0.0,7.389828419685363,0.3108043670654297,0.0,0.0
bn_n20_w6_spread_bias_high.bif,20,6,spread_bias_high,0.5,0.4,X2,1,0.37415635030015204,0.01929783821105957,0.2516965866088867,0.0,0.37649999999999995,0.00022945000000000045,1.5589223384857178,0.09962940216064453,0.0,0.002343649699847905,0.3703,0.00039200999999999977,6.607887530326844,0.2841653823852539,0.0,0.0038563503001520227
bn_n20_w6_spread_bias_high.bif,20,6,spread_bias_high,0.5,0.5,X2,1,0.5445806688447166,0.018459796905517578,0.2833824157714844,0.0,0.5453,0.00010221000000000018,1.6704734086990356,0.11884021759033203,0.0,0.0007193311552834425,0.537,9.700000000000016e-05,7.338461685180664,0.3305978775024414,0.0,0.007580668844716532
bn_n20_w6_spread_bias_high.bif,20,6,spread_bias_high,0.5,0.7,X2,1,0.7008741236745618,0.025380611419677734,0.2748899459838867,0.0,0.6984999999999999,0.00040144999999999905,2.008418083190918,0.11390399932861328,0.0,0.002374123674561912,0.6881999999999999,0.00021875999999999905,8.295273542404175,0.3599710464477539,0.0,0.012674123674561888
bn_n20_w6_spread_bias_high.bif,20,6,spread_bias_high,0.5,0.9,X2,1,0.909905850049568,0.007454395294189453,0.2409830093383789,0.0,0.9090999999999999,0.00014089000000000023,1.4959854364395142,0.09801959991455078,0.0,0.0008058500495681242,0.9098,4.9560000000000074e-05,6.7033367395401005,0.2985725402832031,0.0,0.00010585004956797928
bn_n20_w6_spread_bias_high.bif,20,6,spread_bias_high,0.5,1.0,X2,1,0.9982707862114518,0.020440101623535156,0.2665977478027344,0.0,0.9977,1.6100000000000028e-06,1.9451897382736205,0.12733173370361328,0.0,0.0005707862114517903,0.9984000000000002,1.4400000000000025e-06,7.702393627166748,0.3455362319946289,0.0,0.00012921378854835464
bn_n20_w6_spread_bias_low.bif,20,6,spread_bias_low,0.25,0.4,X11,1,0.431022244766757,0.0164642333984375,0.2669553756713867,0.0,0.4245,7.94499999999999e-05,1.3011009216308593,0.09611225128173828,0.0,0.006522244766757002,0.4396,0.00027904000000000047,5.617019557952881,0.2365121841430664,0.0,0.008577755233243
bn_n20_w6_spread_bias_low.bif,20,6,spread_bias_low,0.25,0.5,X11,1,0.4680820068277868,0.018619775772094727,0.24881362915039062,0.0,0.46519999999999995,0.00023515999999999983,1.1978271484375,0.08920764923095703,0.0,0.0028820068277868316,0.4685,0.0003312499999999998,4.73571879863739,0.2199869155883789,0.0,0.00041799317221324905
bn_n20_w6_spread_bias_low.bif,20,6,spread_bias_low,0.25,0.7,X11,1,0.7497045223116835,0.01826930046081543,0.2862882614135742,0.0,0.7413,0.0001596100000000003,1.9049701929092406,0.12284564971923828,0.0,0.008404522311683538,0.7596,0.00028644000000000054,8.801883769035339,0.3484354019165039,0.0,0.009895477688316556
bn_n20_w6_spread_bias_low.bif,20,6,spread_bias_low,0.25,0.9,X11,1,0.937426196573456,0.016030311584472656,0.2640800476074219,0.0,0.9378,7.655999999999932e-05,1.4861902236938476,0.10289478302001953,0.0,0.0003738034265439172,0.9369999999999999,5.3799999999999424e-05,5.822286057472229,0.26793766021728516,0.0,0.00042619657345610573
bn_n20_w6_spread_bias_low.bif,20,6,spread_bias_low,0.25,1.0,X11,1,0.9676783719132432,0.009626150131225586,0.24222946166992188,0.0,0.9705,2.325000000000004e-05,1.5059940814971924,0.10661792755126953,0.0,0.002821628086756789,0.9680000000000002,3.400000000000006e-05,6.860539054870605,0.2777872085571289,0.0,0.0003216280867569532
bn_n20_w6_spread_bias_low.bif,20,6,spread_bias_low,0.5,0.4,X11,1,0.4162719787486208,0.012275218963623047,0.19423294067382812,0.0,0.41879999999999995,0.00036795999999999997,1.3150878190994262,0.09698200225830078,0.0,0.002528021251379131,0.4182,0.0001687599999999998,5.247375702857971,0.2511329650878906,0.0,0.0019280212513791972
bn_n20_w6_spread_bias_low.bif,20,6,spread_bias_low,0.5,0.5,X11,1,0.5358821986394238,0.01874065399169922,0.2605924606323242,0.0,0.5307999999999999,0.00025615999999999974,1.4512090682983398,0.10695362091064453,0.0,0.0050821986394238294,0.5306,0.0001586400000000003,6.453131890296936,0.2712669372558594,0.0,0.005282198639423807
bn_n20_w6_spread_bias_low.bif,20,6,spread_bias_low,0.5,0.7,X11,1,0.7087798354916816,0.019894123077392578,0.24169445037841797,0.0,0.7139,0.00014389000000000025,1.318702483177185,0.10574054718017578,0.0,0.0051201645083184255,0.7105,0.0002122499999999992,5.3395473003387455,0.23450565338134766,0.0,0.001720164508318467
bn_n20_w6_spread_bias_low.bif,20,6,spread_bias_low,0.5,0.9,X11,1,0.911707834530703,0.019903898239135742,0.2837028503417969,0.0,0.9114000000000001,0.00013024000000000022,1.564386773109436,0.11588001251220703,0.0,0.0003078345307029329,0.914,4.480000000000008e-05,7.222429466247559,0.2959423065185547,0.0,0.002292165469297003
bn_n20_w6_spread_bias_low.bif,20,6,spread_bias_low,0.5,1.0,X11,1,0.9918332924466545,0.015878677368164062,0.24690628051757812,0.0,0.9929,9.290000000000016e-06,1.729042387008667,0.11092853546142578,0.0,0.0010667075533454806,0.9913000000000001,5.41000000000001e-06,7.114366412162781,0.2872323989868164,0.0,0.0005332924466544542
bn_n20_w6_uncertain_moderate.bif,20,6,uncertain_moderate,0.25,0.4,X0,1,0.3609142304984399,0.02169060707092285,0.29622936248779297,0.0,0.3666,9.744000000000016e-05,2.3114613771438597,0.14046955108642578,0.0,0.005685769501560078,0.3677,0.0001746100000000003,9.727513408660888,0.4145212173461914,0.0,0.006785769501560124
bn_n20_w6_uncertain_moderate.bif,20,6,uncertain_moderate,0.25,0.5,X0,1,0.5486715219159761,0.02028179168701172,0.2902412414550781,0.0,0.5553000000000001,0.00014420999999999938,2.519843864440918,0.14953327178955078,0.0,0.006628478084024003,0.5434000000000001,0.00024324000000000042,11.218616199493407,0.4955453872680664,0.0,0.0052715219159760185
bn_n20_w6_uncertain_moderate.bif,20,6,uncertain_moderate,0.25,0.7,X0,1,0.7222562807991896,0.022626638412475586,0.2944526672363281,0.0,0.72,0.0002680000000000005,1.7421111106872558,0.11658191680908203,0.0,0.0022562807991896028,0.7222999999999999,0.0002378100000000004,7.215405392646789,0.3538827896118164,0.0,4.3719200810365955e-05
bn_n20_w6_uncertain_moderate.bif,20,6,uncertain_moderate,0.25,0.9,X0,1,0.8596333006102754,0.020149946212768555,0.28635692596435547,0.0,0.8546999999999999,0.00012221000000000023,1.4808515071868897,0.10450458526611328,0.0,0.004933300610275526,0.8600999999999999,0.00012949000000000023,6.476744484901428,0.2701730728149414,0.0,0.00046669938972443425
bn_n20_w6_uncertain_moderate.bif,20,6,uncertain_moderate,0.25,1.0,X0,1,1.0,0.0169525146484375,0.2639799118041992,0.0,1.0,0.0,1.5331266164779662,0.10494709014892578,0.0,0.0,1.0,0.0,6.494443702697754,0.2738351821899414,0.0,0.0
bn_n20_w6_uncertain_moderate.bif,20,6,uncertain_moderate,0.5,0.4,X0,1,0.41988486622287546,0.02052760124206543,0.23029613494873047,0.0,0.4246,0.00010743999999999996,1.5195366144180298,0.10188007354736328,0.0,0.004715133777124514,0.42190000000000005,0.00026968999999999984,6.386600518226624,0.26744937896728516,0.0,0.002015133777124589
bn_n20_w6_uncertain_moderate.bif,20,6,uncertain_moderate,0.5,0.5,X0,1,0.5480678367599624,0.01833057403564453,0.26424503326416016,0.0,0.5569,0.0003104899999999989,1.650432252883911,0.12775135040283203,0.0,0.00883216324003755,0.5438,0.00045915999999999926,6.970906090736389,0.32930850982666016,0.0,0.004267836759962451
bn_n20_w6_uncertain_moderate.bif,20,6,uncertain_moderate,0.5,0.7,X0,1,0.6502732308969191,0.019489765167236328,0.2803077697753906,0.0,0.6607000000000001,0.00017901000000000033,1.71975417137146,0.12350177764892578,0.0,0.010426769103080935,0.6586000000000001,0.00016444000000000032,7.327439498901367,0.33300113677978516,0.0,0.008326769103080944
bn_n20_w6_uncertain_moderate.bif,20,6,uncertain_moderate,0.5,0.9,X0,1,0.9429556259354385,0.01834893226623535,0.2839012145996094,0.0,0.944,1.9200000000000036e-05,1.5374281406402588,0.11314105987548828,0.0,0.0010443740645614819,0.9445,7.584999999999946e-05,6.574854493141174,0.29268741607666016,0.0,0.0015443740645615378
bn_n20_w6_uncertain_moderate.bif,20,6,uncertain_moderate,0.5,1.0,X0,1,1.0,0.011944770812988281,0.17406082153320312,0.0,1.0,0.0,1.2715908288955688,0.09691333770751953,0.0,0.0,1.0,0.0,5.463005065917969,0.24518680572509766,0.0,0.0
bn_n20_w6_uncertain_strong.bif,20,6,uncertain_strong,0.25,0.4,X12,1,0.436960752147968,0.02024245262145996,0.2886686325073242,0.0,0.43549999999999994,0.0001224500000000002,1.5058318376541138,0.11493396759033203,0.0,0.0014607521479680363,0.4389,0.0004806900000000001,6.394505715370178,0.2800149917602539,0.0,0.0019392478520320333
bn_n20_w6_uncertain_strong.bif,20,6,uncertain_strong,0.25,0.5,X12,1,0.5394724521995256,0.019455432891845703,0.31505870819091797,0.0,0.5432,0.00019955999999999994,1.9127783536911012,0.12153339385986328,0.0,0.003727547800474462,0.5405,0.00013265000000000024,8.20571346282959,0.3687448501586914,0.0,0.0010275478004744265
bn_n20_w6_uncertain_strong.bif,20,6,uncertain_strong,0.25,0.7,X12,1,0.7357312316667102,0.019220829010009766,0.31804943084716797,0.0,0.7364999999999999,0.00048065000000000087,2.299982190132141,0.13316822052001953,0.0,0.0007687683332897599,0.7343,7.321000000000012e-05,9.783393573760986,0.4415597915649414,0.0,0.0014312316667102198
bn_n20_w6_uncertain_strong.bif,20,6,uncertain_strong,0.25,0.9,X12,1,0.8710838000731846,0.01792144775390625,0.2912778854370117,0.0,0.8700000000000001,0.00017920000000000032,1.8065523862838746,0.12436389923095703,0.0,0.0010838000731845376,0.8686999999999999,7.161000000000012e-05,7.791211819648742,0.3452768325805664,0.0,0.0023838000731847275
bn_n20_w6_uncertain_strong.bif,20,6,uncertain_strong,0.25,1.0,X12,1,1.0,0.014116287231445312,0.23583602905273438,0.0,1.0,0.0,0.9895339488983155,0.08557605743408203,0.0,0.0,1.0,0.0,4.275814628601074,0.2037973403930664,0.0,0.0
bn_n20_w6_uncertain_strong.bif,20,6,uncertain_strong,0.5,0.4,X12,1,0.38792796635331955,0.021329879760742188,0.32696056365966797,0.0,0.3949,0.00020889,1.7132556676864623,0.12193012237548828,0.0,0.00697203364668042,0.39130000000000004,8.760999999999998e-05,7.3385396003723145,0.33522891998291016,0.0,0.0033720336466804834
bn_n20_w6_uncertain_strong.bif,20,6,uncertain_strong,0.5,0.5,X12,1,0.4796411048846087,0.017165184020996094,0.2596015930175781,0.0,0.48129999999999995,0.00023841000000000002,1.642251968383789,0.11726093292236328,0.0,0.0016588951153912457,0.4835,0.00013465000000000024,7.066863083839417,0.33310794830322266,0.0,0.003858895115391281
bn_n20_w6_uncertain_strong.bif,20,6,uncertain_strong,0.5,0.7,X12,1,0.7323702381456952,0.020117759704589844,0.3123512268066406,0.0,0.7315,0.00015065000000000027,1.940608549118042,0.11906147003173828,0.0,0.0008702381456952013,0.73,0.00018640000000000036,8.211478424072265,0.40160465240478516,0.0,0.002370238145695258
bn_n20_w6_uncertain_strong.bif,20,6,uncertain_strong,0.5,0.9,X12,1,0.8709393373701827,0.018374919891357422,0.2828712463378906,0.0,0.8725999999999999,7.044000000000012e-05,1.6718350648880005,0.11642932891845703,0.0,0.0016606626298172333,0.8675,8.225000000000016e-05,7.122540855407715,0.32860660552978516,0.0,0.003439337370182649
bn_n20_w6_uncertain_strong.bif,20,6,uncertain_strong,0.5,1.0,X12,1,1.0,0.01314687728881836,0.19791030883789062,0.0,1.0,0.0,1.0759514808654784,0.09180164337158203,0.0,0.0,1.0,0.0,4.600434041023254,0.21297550201416016,0.0,0.0
bn_n20_w6_uniform.bif,20,6,uniform,0.25,0.4,X4,1,0.4410320009721319,0.019899606704711914,0.31196117401123047,0.0,0.45210000000000006,0.00015628999999999998,1.848566722869873,0.1197052001953125,0.0,0.011067999027868147,0.44430000000000003,0.0005514099999999996,7.888517737388611,0.33600711822509766,0.0,0.003267999027868118
bn_n20_w6_uniform.bif,20,6,uniform,0.25,0.5,X4,1,0.5246014372883633,0.01700568199157715,0.28571605682373047,0.0,0.5287,0.00011281000000000022,1.6048068046569823,0.11834430694580078,0.0,0.004098562711636666,0.5227,0.0002520100000000005,6.8712692022323605,0.3056802749633789,0.0,0.001901437288363228
bn_n20_w6_uniform.bif,20,6,uniform,0.25,0.7,X4,1,0.6917558933995313,0.016373157501220703,0.27895164489746094,0.0,0.6910999999999999,0.0003164899999999989,0.9541309356689454,0.08421039581298828,0.0,0.0006558933995313154,0.694,0.00011879999999999957,4.0809204339981076,0.19040775299072266,0.0,0.0022441066004686983
bn_n20_w6_uniform.bif,20,6,uniform,0.25,0.9,X4,1,0.8886480264810321,0.01648688316345215,0.2741117477416992,0.0,0.8852,6.176000000000011e-05,1.5593565225601196,0.11627674102783203,0.0,0.0034480264810321515,0.8907,0.00010481000000000018,6.674587273597718,0.29081058502197266,0.0,0.002051973518967909
bn_n20_w6_uniform.bif,20,6,uniform,0.25,1.0,X4,1,1.0,0.01689624786376953,0.2775449752807617,0.0,1.0,0.0,1.697481369972229,0.10523700714111328,0.0,0.0,1.0,0.0,7.206072974205017,0.32959842681884766,0.0,0.0
bn_n20_w6_uniform.bif,20,6,uniform,0.5,0.4,X4,1,0.4251853703897736,0.019075393676757812,0.2804145812988281,0.0,0.43079999999999996,0.0002651600000000005,1.490994119644165,0.10960102081298828,0.0,0.0056146296102263515,0.41390000000000005,0.00021988999999999988,6.427653026580811,0.2814493179321289,0.0,0.011285370389773564
bn_n20_w6_uniform.bif,20,6,uniform,0.5,0.5,X4,1,0.5265215778221023,0.0198214054107666,0.3082389831542969,0.0,0.5328,0.00017776000000000033,2.0600137948989867,0.14355182647705078,0.0,0.006278422177897758,0.5215,0.00010545000000000018,8.779656076431275,0.35594749450683594,0.0,0.00502157782210233
bn_n20_w6_uniform.bif,20,6,uniform,0.5,0.7,X4,1,0.6824936624873235,0.01689743995666504,0.2599296569824219,0.0,0.6867000000000001,0.0001834099999999991,1.5973090648651123,0.12370014190673828,0.0,0.004206337512676628,0.6836,0.00015023999999999902,6.871189308166504,0.3394937515258789,0.0,0.0011063375126765251
bn_n20_w6_uniform.bif,20,6,uniform,0.5,0.9,X4,1,0.9184180807091923,0.018021583557128906,0.2767982482910156,0.0,0.9188000000000003,0.00013516000000000022,1.3528769493103028,0.10744190216064453,0.0,0.00038191929080799714,0.9189,4.1090000000000076e-05,5.796078896522522,0.2773599624633789,0.0,0.0004819192908077641
bn_n20_w6_uniform.bif,20,6,uniform,0.5,1.0,X4,1,1.0,0.019323348999023438,0.3074836730957031,0.0,1.0,0.0,1.9458160638809203,0.13090229034423828,0.0,0.0,1.0,0.0,8.341929316520691,0.3752908706665039,0.0,0.0
bn_n50_w2_concentrated_bias_high.bif,50,2,concentrated_bias_high,0.25,0.4,X1,1,0.4348033657082668,0.02621746063232422,0.43719005584716797,0.0,0.43340000000000006,0.00027284000000000016,0.8982054710388183,0.10264110565185547,0.0,0.0014033657082667128,0.43470000000000003,0.0002774100000000005,3.7957385778427124,0.1953268051147461,0.0,0.00010336570826674496
bn_n50_w2_concentrated_bias_high.bif,50,2,concentrated_bias_high,0.25,0.5,X1,1,0.546072173777587,0.013696670532226562,0.4387998580932617,0.0,0.542,7.040000000000013e-05,0.8724234104156494,0.09939861297607422,0.0,0.0040721737775869515,0.5517999999999998,0.00022435999999999932,3.671297287940979,0.1909933090209961,0.0,0.005727826222412857
bn_n50_w2_concentrated_bias_high.bif,50,2,concentrated_bias_high,0.25,0.7,X1,1,0.7247288650159218,0.01242208480834961,0.40137767791748047,0.0,0.724,0.00031320000000000057,0.781656551361084,0.09674358367919922,0.0,0.0007288650159218424,0.7234,9.064000000000016e-05,3.300496530532837,0.1794881820678711,0.0,0.0013288650159217763
bn_n50_w2_concentrated_bias_high.bif,50,2,concentrated_bias_high,0.25,0.9,X1,1,0.8863466873497166,0.029388427734375,0.43418407440185547,0.0,0.8881,0.0001006900000000002,0.9722547054290771,0.10331249237060547,0.0,0.001753312650283445,0.8864000000000001,9.044000000000016e-05,4.095943880081177,0.2092123031616211,0.0,5.331265028352128e-05
bn_n50_w2_concentrated_bias_high.bif,50,2,concentrated_bias_high,0.25,1.0,X1,1,1.0,0.027185440063476562,0.41306591033935547,0.0,1.0,0.0,0.9915121793746948,0.10171031951904297,0.0,0.0,1.0,0.0,4.159565329551697,0.21810054779052734,0.0,0.0
bn_n50_w2_concentrated_bias_high.bif,50,2,concentrated_bias_high,0.5,0.4,X1,1,0.379866083598821,0.015471935272216797,0.3865385055541992,0.0,0.3816,0.00022443999999999996,0.9766110181808472,0.10994243621826172,0.0,0.001733916401178981,0.3842,0.0002331600000000004,4.080426621437073,0.21628475189208984,0.0,0.004333916401178972
bn_n50_w2_concentrated_bias_high.bif,50,2,concentrated_bias_high,0.5,0.5,X1,1,0.5305059000647574,0.024400949478149414,1.3526573181152344,0.0,0.5332000000000001,0.0002795600000000005,0.936499547958374,0.10645675659179688,0.0,0.002694099935242722,0.5382,0.00014976000000000025,3.911015486717224,0.2289295196533203,0.0,0.007694099935242615
bn_n50_w2_concentrated_bias_high.bif,50,2,concentrated_bias_high,0.5,0.7,X1,1,0.7397616551983384,0.023365020751953125,0.3381004333496094,0.0,0.7396,9.304000000000017e-05,1.0337924003601073,0.11103439331054688,0.0,0.00016165519833832853,0.744,0.00014660000000000026,4.303736567497253,0.22675323486328125,0.0,0.004238344801661631
bn_n50_w2_concentrated_bias_high.bif,50,2,concentrated_bias_high,0.5,0.9,X1,1,0.877594805689126,0.028330087661743164,0.3530158996582031,0.0,0.8773,0.00022101000000000038,0.9342248678207398,0.10705947875976562,0.0,0.0002948056891259876,0.8827,0.00020221000000000036,3.891405391693115,0.20680999755859375,0.0,0.005105194310874084
bn_n50_w2_concentrated_bias_high.bif,50,2,concentrated_bias_high,0.5,1.0,X1,1,1.0,0.02533888816833496,0.34233760833740234,0.0,1.0,0.0,0.9008324146270752,0.10257339477539062,0.0,0.0,1.0,0.0,3.7364399909973143,0.2017049789428711,0.0,0.0
bn_n50_w2_concentrated_bias_low.bif,50,2,concentrated_bias_low,0.25,0.4,X11,1,0.3603251025246848,0.02844524383544922,0.4709587097167969,0.0,0.36569999999999997,0.0003110100000000003,0.9303172111511231,0.10451889038085938,0.0,0.005374897475315166,0.36449999999999994,0.0002564499999999998,3.9471590995788572,0.204925537109375,0.0,0.004174897475315131
bn_n50_w2_concentrated_bias_low.bif,50,2,concentrated_bias_low,0.25,0.7,X11,1,0.7183462250143345,0.028371095657348633,0.4255409240722656,0.0,0.7179,0.00024609000000000046,0.917819619178772,0.09994888305664062,0.0,0.00044622501433455586,0.7152000000000001,0.00010656000000000019,3.7725207567214967,0.19589996337890625,0.0,0.0031462250143344805
bn_n50_w2_concentrated_bias_low.bif,50,2,concentrated_bias_low,0.25,0.9,X11,1,0.9485176361547916,0.026018142700195312,0.4050331115722656,0.0,0.9499999999999998,2.6400000000000045e-05,0.8953338146209717,0.10084152221679688,0.0,0.0014823638452082788,0.9458,1.3760000000000022e-05,3.757837414741516,0.19971466064453125,0.0,0.0027176361547915917
bn_n50_w2_concentrated_bias_low.bif,50,2,concentrated_bias_low,0.25,1.0,X11,1,0.9614645077683693,0.027368545532226562,0.4160194396972656,0.0,0.9614999999999998,3.485000000000006e-05,0.8501823425292969,0.09819602966308594,0.0,3.549223163046289e-05,0.9627000000000001,2.4810000000000045e-05,3.6450974702835084,0.19051170349121094,0.0,0.0012354922316307748
bn_n50_w2_concentrated_bias_low.bif,50,2,concentrated_bias_low,0.5,0.4,X11,1,0.36543205591596145,0.02308797836303711,0.3554563522338867,0.0,0.3577,0.00028380999999999985,0.9887852430343628,0.10531234741210938,2.0625,0.007732055915961433,0.3678,0.00017596,4.124065351486206,0.21224212646484375,0.0,0.0023679440840385646
bn_n50_w2_concentrated_bias_low.bif,50,2,concentrated_bias_low,0.5,0.5,X11,1,0.4862419373176676,0.029378890991210938,0.4010486602783203,0.0,0.4943000000000001,0.00023721000000000042,1.0475606441497802,0.11129379272460938,0.0,0.008058062682332445,0.4869,0.00020788999999999977,4.332614779472351,0.220947265625,0.0,0.0006580626823323721
bn_n50_w2_concentrated_bias_low.bif,50,2,concentrated_bias_low,0.5,0.7,X11,1,0.7110065795975024,0.038802146911621094,0.7908973693847656,0.0,0.7062,0.0001879599999999994,1.0196884632110597,0.10828018188476562,0.0,0.004806579597502303,0.7082999999999999,0.00014201000000000028,4.213114762306214,0.21305084228515625,0.0,0.002706579597502423
bn_n50_w2_concentrated_bias_low.bif,50,2,concentrated_bias_low,0.5,0.9,X11,1,0.8554073000929633,0.03234457969665527,0.7803077697753906,0.0,0.8505999999999998,7.324000000000012e-05,1.0682815074920655,0.11104202270507812,0.0,0.004807300092963485,0.8572,0.00013496000000000024,4.420321130752564,0.22705078125,0.0,0.0017926999070366767
bn_n50_w2_concentrated_bias_low.bif,50,2,concentrated_bias_low,0.5,1.0,X11,1,0.9881788898843704,0.02873826026916504,0.38188648223876953,0.0,0.9885999999999999,6.440000000000011e-06,1.0262544393539428,0.10767745971679688,0.0,0.0004211101156295083,0.9892,1.156000000000002e-05,4.543629717826843,0.24685382843017578,0.0,0.0010211101156295532
bn_n50_w2_rigid_extreme.bif,50,2,rigid_extreme,0.25,0.7,X41,1,0.6808675471579364,0.02743363380432129,0.42999935150146484,0.0,0.6807000000000001,0.0002696099999999989,0.9361567497253418,0.10428237915039062,0.0,0.0001675471579363208,0.6842,0.0001971599999999993,3.9872403860092165,0.20465087890625,0.0,0.003332452842063627
bn_n50_w2_rigid_extreme.bif,50,2,rigid_extreme,0.25,0.9,X41,1,0.9321982981719626,0.026054859161376953,0.3925056457519531,0.0,0.9332,7.45599999999993e-05,0.8297837972640991,0.09680557250976562,0.0,0.0010017018280373824,0.9324000000000001,2.6439999999999852e-05,3.510463809967041,0.1849517822265625,0.0,0.0002017018280374705
bn_n50_w2_rigid_extreme.bif,50,2,rigid_extreme,0.25,1.0,X41,1,1.0,0.02887105941772461,0.4111747741699219,0.0,1.0,0.0,0.9213202714920044,0.10099411010742188,0.0,0.0,1.0,0.0,3.87268807888031,0.20098876953125,0.0,0.0
bn_n50_w2_rigid_extreme.bif,50,2,rigid_extreme,0.5,0.4,X41,1,0.4433238673303841,0.02405548095703125,0.3055992126464844,0.0,0.4431,0.0004284900000000004,0.9271027565002441,0.10810470581054688,0.0,0.00022386733038409767,0.4407,0.0005152099999999997,3.924925756454468,0.24320697784423828,0.0,0.002623867330384111
bn_n50_w2_rigid_extreme.bif,50,2,rigid_extreme,0.5,0.5,X41,1,0.530078536806016,0.03067183494567871,0.3617973327636719,0.0,0.529,0.0013683999999999992,0.9441626787185669,0.11071395874023438,0.0,0.001078536806015995,0.5273000000000001,0.0006566100000000012,3.946571969985962,0.24025917053222656,0.0,0.002778536806015919
bn_n50_w2_rigid_extreme.bif,50,2,rigid_extreme,0.5,0.7,X41,1,0.684863661668975,0.027904748916625977,0.3396644592285156,0.0,0.6874999999999999,8.664999999999933e-05,0.8729247570037841,0.10562515258789062,0.0,0.0026363383310248345,0.6849,0.00011708999999999919,3.6841604232788088,0.20034027099609375,0.0,3.633833102489881e-05
bn_n50_w2_rigid_extreme.bif,50,2,rigid_extreme,0.5,0.9,X41,1,0.9150187602532864,0.02801370620727539,0.3554649353027344,0.0,0.9221,0.00016948999999999965,0.9444135427474976,0.10627365112304688,0.0,0.007081239746713597,0.9165000000000001,0.00020705000000000037,4.013015007972717,0.2176666259765625,0.0,0.0014812397467136584
bn_n50_w2_rigid_extreme.bif,50,2,rigid_extreme,0.5,1.0,X41,1,1.0,0.02919769287109375,0.3860969543457031,0.0,1.0,0.0,0.9503606557846069,0.10824966430664062,0.0,0.0,1.0,0.0,3.985320973396301,0.22223854064941406,0.0,0.0
bn_n50_w2_rigid_moderate.bif,50,2,rigid_moderate,0.25,0.4,X20,1,0.38264202223189514,0.030832290649414062,0.4070701599121094,0.0,0.3822,0.0002171600000000004,1.037096333503723,0.10876846313476562,0.0,0.0004420222318951561,0.3824,0.00026584000000000015,4.372102427482605,0.2270660400390625,0.0,0.00024202223189512262
bn_n50_w2_rigid_moderate.bif,50,2,rigid_moderate,0.25,0.5,X20,1,0.5436294490498409,0.02826523780822754,0.4021949768066406,0.0,0.5411,0.00014569000000000024,0.914794921875,0.10530471801757812,0.0,0.0025294490498408706,0.5447,0.00032300999999999933,3.8413520574569704,0.19823455810546875,0.0,0.001070550950159066
bn_n50_w2_rigid_moderate.bif,50,2,rigid_moderate,0.25,0.7,X20,1,0.6787935609435147,0.027395009994506836,0.4169731140136719,0.0,0.6779,0.00014328999999999948,0.9161709547042847,0.10389328002929688,0.0,0.0008935609435147818,0.6854999999999999,0.00029424999999999894,3.866827964782715,0.20638275146484375,0.0,0.006706439056485158
bn_n50_w2_rigid_moderate.bif,50,2,rigid_moderate,0.25,0.9,X20,1,0.932151043686806,0.029483318328857422,0.4100837707519531,0.0,0.9311000000000001,0.00011528999999999919,0.9127541303634643,0.10123825073242188,0.0,0.0010510436868058637,0.9322000000000001,8.615999999999974e-05,3.854805517196655,0.20423126220703125,0.0,4.895631319412619e-05
bn_n50_w2_rigid_moderate.bif,50,2,rigid_moderate,0.25,1.0,X20,1,0.9889745952511042,0.01807880401611328,0.3818778991699219,0.0,0.9884999999999999,4.650000000000008e-06,0.9651306390762329,0.10696792602539062,0.0,0.0004745952511042706,0.9885999999999999,2.1040000000000036e-05,4.014104437828064,0.2110595703125,0.0,0.0003745952511042816
bn_n50_w2_rigid_moderate.bif,50,2,rigid_moderate,0.5,0.5,X20,1,0.5009216076647038,0.015251636505126953,0.3550148010253906,0.0,0.4968000000000001,0.0003307600000000006,0.9617915391921997,0.10721969604492188,0.0,0.004121607664703764,0.5007,0.00022240999999999998,4.014857769012451,0.2192840576171875,0.0,0.00022160766470380455
bn_n50_w2_rigid_moderate.bif,50,2,rigid_moderate,0.5,0.7,X20,1,0.7420770386355755,0.028835773468017578,0.3864097595214844,0.0,0.746,0.00036540000000000064,0.9636211395263672,0.10821151733398438,0.0,0.003922961364424493,0.7447,0.0002854100000000004,4.014810991287232,0.2158966064453125,0.0,0.0026229613644245253
bn_n50_w2_rigid_moderate.bif,50,2,rigid_moderate,0.5,0.9,X20,1,0.9433409037650674,0.030170679092407227,0.3727540969848633,0.0,0.9511,0.00017168999999999933,0.9143338918685913,0.10733413696289062,0.0,0.007759096234932539,0.9471,4.008999999999983e-05,3.7985349178314207,0.20380401611328125,0.0,0.0037590962349326462
bn_n50_w2_rigid_moderate.bif,50,2,rigid_moderate,0.5,1.0,X20,1,0.9986922038231825,0.0263063907623291,0.3638877868652344,0.0,0.999,8.000000000000014e-07,0.9530594110488891,0.11215591430664062,0.0,0.0003077961768175319,0.9984,8.400000000000015e-07,3.9794878005981444,0.20963287353515625,0.0,0.00029220382318251303
bn_n50_w2_spread_bias_high.bif,50,2,spread_bias_high,0.25,0.4,X2,1,0.42885031687749375,0.027321338653564453,0.3977851867675781,0.0,0.4217000000000001,0.00015020999999999985,0.7536807775497436,0.09407424926757812,0.0,0.007150316877493679,0.41269999999999996,0.0001018099999999999,3.1688310623168947,0.1744842529296875,0.0,0.016150316877493798
bn_n50_w2_spread_bias_high.bif,50,2,spread_bias_high,0.25,0.5,X2,1,0.4894214114947827,0.02942347526550293,0.4225730895996094,0.0,0.4901,0.00013909000000000024,0.8717782974243165,0.10101699829101562,0.0,0.0006785885052172924,0.4907,0.00018461000000000033,3.6160143613815308,0.19249725341796875,0.0,0.0012785885052173374
bn_n50_w2_spread_bias_high.bif,50,2,spread_bias_high,0.25,0.7,X2,1,0.735577410376115,0.03167223930358887,0.4422264099121094,0.0,0.737,0.00019960000000000035,0.8649877071380615,0.09946060180664062,0.0,0.0014225896238849733,0.7398,0.0003155600000000006,3.667092967033386,0.1971282958984375,0.0,0.004222589623884998
bn_n50_w2_spread_bias_high.bif,50,2,spread_bias_high,0.25,0.9,X2,1,0.9465038534895721,0.027485370635986328,0.3896141052246094,0.0,0.9468,7.335999999999972e-05,0.8111781358718873,0.09637069702148438,0.0,0.0002961465104278638,0.9475,4.1449999999999795e-05,3.427215504646301,0.18430328369140625,0.0,0.0009961465104278977
bn_n50_w2_spread_bias_high.bif,50,2,spread_bias_high,0.25,1.0,X2,1,1.0,0.03006768226623535,0.4076499938964844,0.0,1.0,0.0,1.025855040550232,0.10986709594726562,0.0,0.0,1.0,0.0,4.337349700927734,0.2539844512939453,0.0,0.0
bn_n50_w2_spread_bias_high.bif,50,2,spread_bias_high,0.5,0.4,X2,1,0.4455572081837231,0.027834653854370117,0.3621177673339844,0.0,0.442,0.00020360000000000034,0.9211781978607178,0.10786056518554688,0.0,0.0035572081837230707,0.4524,0.00010884000000000002,3.839424252510071,0.21419715881347656,0.0,0.00684279181627695
bn_n50_w2_spread_bias_high.bif,50,2,spread_bias_high,0.5,0.5,X2,1,0.5178231982395906,0.03036332130432129,0.37411975860595703,0.0,0.5188,0.00020776000000000036,0.9642812490463257,0.10634231567382812,0.0,0.0009768017604094847,0.5164,0.0002494400000000004,4.0226521492004395,0.21643829345703125,0.0,0.001423198239590584
bn_n50_w2_spread_bias_high.bif,50,2,spread_bias_high,0.5,0.7,X2,1,0.7017911456484258,0.02591991424560547,0.3205251693725586,0.0,0.7041999999999999,0.00024756,0.9879652738571167,0.11160659790039062,0.0,0.002408854351574119,0.7010000000000001,0.0002717999999999993,4.094632887840271,0.22095489501953125,0.0,0.0007911456484257506
bn_n50_w2_spread_bias_high.bif,50,2,spread_bias_high,0.5,0.9,X2,1,0.9033085693057834,0.029320240020751953,0.39588356018066406,0.0,0.899,6.380000000000011e-05,0.9025950908660889,0.10475540161132812,0.0,0.004308569305783383,0.9041,8.729000000000016e-05,3.7929515838623047,0.20305633544921875,0.0,0.0007914306942166105
bn_n50_w2_spread_bias_high.bif,50,2,spread_bias_high,0.5,1.0,X2,1,0.9982677305724935,0.028493165969848633,0.3410072326660156,0.0,0.9983000000000001,2.6100000000000047e-06,0.9403426170349121,0.10618972778320312,0.0,3.226942750655937e-05,0.9984,8.400000000000015e-07,3.950522947311401,0.2090301513671875,0.0,0.00013226942750643733
bn_n50_w2_spread_bias_low.bif,50,2,spread_bias_low,0.25,0.4,X28,1,0.4412639723196994,0.027602434158325195,0.42848873138427734,0.0,0.4398000000000001,0.00013076000000000022,0.8212814569473267,0.09794998168945312,0.0,0.0014639723196993026,0.44580000000000003,0.0001235600000000002,3.4682120084762573,0.189910888671875,0.0,0.004536027680300647
bn_n50_w2_spread_bias_low.bif,50,2,spread_bias_low,0.25,0.5,X28,1,0.4527056440979269,0.030621767044067383,0.4255638122558594,0.0,0.4619000000000001,0.00013908999999999992,0.8589185476303101,0.09845352172851562,0.0,0.009194355902073181,0.45009999999999994,0.0002236899999999999,3.6182114124298095,0.1911773681640625,0.0,0.0026056440979269624
bn_n50_w2_spread_bias_low.bif,50,2,spread_bias_low,0.25,0.7,X28,1,0.7032444539825939,0.030618667602539062,0.4348745346069336,0.0,0.7041,9.968999999999957e-05,0.9394043922424317,0.10241317749023438,0.0,0.0008555460174060059,0.7041999999999999,7.076000000000013e-05,3.9675156354904173,0.21026611328125,0.0,0.0009555460174059949
bn_n50_w2_spread_bias_low.bif,50,2,spread_bias_low,0.25,0.9,X28,1,0.9331766292518103,0.03145956993103027,0.4370565414428711,0.0,0.9372,6.37599999999994e-05,1.0175284385681151,0.10351943969726562,0.0,0.004023370748189703,0.9299,9.028999999999919e-05,4.299515271186829,0.21814727783203125,0.0,0.0032766292518103812
bn_n50_w2_spread_bias_low.bif,50,2,spread_bias_low,0.25,1.0,X28,1,0.9999999999999999,0.029476165771484375,0.4120445251464844,0.0,1.0,0.0,0.8993581533432007,0.10367965698242188,0.0,1.1102230246251565e-16,1.0,0.0,3.7597224712371826,0.20308685302734375,0.0,1.1102230246251565e-16
bn_n50_w2_spread_bias_low.bif,50,2,spread_bias_low,0.5,0.4,X28,1,0.42524876810587964,0.032256126403808594,0.4024925231933594,0.0,0.4266,9.504000000000017e-05,0.9977793216705322,0.10875320434570312,0.0,0.0013512318941203416,0.4203,0.0001790099999999998,4.085333943367004,0.2158803939819336,0.0,0.004948768105879631
bn_n50_w2_spread_bias_low.bif,50,2,spread_bias_low,0.5,0.5,X28,1,0.45460953564702233,0.022907733917236328,0.5032310485839844,0.0,0.45520000000000005,8.476e-05,0.9394508838653565,0.10510635375976562,0.0,0.0005904643529777154,0.4508,0.00023856000000000043,3.904496741294861,0.21186065673828125,0.0,0.003809535647022355
bn_n50_w2_spread_bias_low.bif,50,2,spread_bias_low,0.5,0.7,X28,1,0.6777274019443881,0.01994156837463379,0.3729591369628906,0.0,0.6803999999999999,0.0001994399999999996,0.9807578802108765,0.10671615600585938,0.0,0.002672598055611819,0.6778000000000001,0.0002443599999999992,4.05584077835083,0.2114706039428711,0.0,7.259805561199428e-05
bn_n50_w2_spread_bias_low.bif,50,2,spread_bias_low,0.5,0.9,X28,1,0.8843444734679617,0.02884817123413086,0.35162830352783203,0.0,0.8825,5.88500000000001e-05,0.9476764917373657,0.11146163940429688,0.0,0.0018444734679617936,0.8846999999999999,7.021000000000012e-05,3.9683673620224,0.2330646514892578,0.0,0.0003555265320381862
bn_n50_w2_spread_bias_low.bif,50,2,spread_bias_low,0.5,1.0,X28,1,0.9735749637808574,0.02815866470336914,0.3604011535644531,0.0,0.9756,1.5640000000000026e-05,0.9633082389831543,0.10725784301757812,0.0,0.0020250362191426285,0.9737,1.0410000000000017e-05,4.003066563606263,0.2186126708984375,0.0,0.00012503621914261576
bn_n50_w2_uncertain_moderate.bif,50,2,uncertain_moderate,0.25,0.7,X13,1,0.7285817697839109,0.02864241600036621,0.4317436218261719,0.0,0.729,0.00019920000000000034,0.8845237255096435,0.10145187377929688,0.0,0.0004182302160891105,0.7337,0.00017741000000000032,3.7016248226165773,0.1889190673828125,0.0,0.005118230216089148
bn_n50_w2_uncertain_moderate.bif,50,2,uncertain_moderate,0.25,0.9,X13,1,0.8559584068750477,0.028063058853149414,0.40814876556396484,0.0,0.8586,0.00012124000000000021,0.9176167249679565,0.10007858276367188,0.0,0.0026415931249523794,0.8516999999999999,0.0001560100000000003,3.741383671760559,0.198638916015625,0.0,0.004258406875047749
bn_n50_w2_uncertain_moderate.bif,50,2,uncertain_moderate,0.25,1.0,X13,1,1.0,0.026632308959960938,0.3898963928222656,0.0,1.0,0.0,0.8952457189559937,0.10016250610351562,0.0,0.0,1.0,0.0,3.7653313875198364,0.200775146484375,0.0,0.0
bn_n50_w2_uncertain_moderate.bif,50,2,uncertain_moderate,0.5,0.5,X13,1,0.5107567771656478,0.02378249168395996,0.3284263610839844,0.0,0.5018999999999999,0.0002712900000000005,0.9537800073623657,0.10687637329101562,0.0,0.008856777165647922,0.5192,0.0001517600000000003,3.951114773750305,0.2094573974609375,0.0,0.008443222834352171
bn_n50_w2_uncertain_moderate.bif,50,2,uncertain_moderate,0.5,0.7,X13,1,0.7158114973733832,0.027480125427246094,0.3361244201660156,0.0,0.7101,0.0001168900000000002,0.9662601947784424,0.10861587524414062,0.0,0.0057114973733832786,0.7081,0.00032408999999999975,4.023504519462586,0.2173004150390625,0.0,0.00771149737338328
bn_n50_w2_uncertain_moderate.bif,50,2,uncertain_moderate,0.5,0.9,X13,1,0.8698103199437002,0.03350043296813965,1.3368263244628906,0.0,0.8661999999999999,7.376000000000013e-05,0.9698331594467163,0.10886764526367188,0.0,0.003610319943700313,0.8681000000000001,0.00011129000000000022,4.048161125183105,0.2218799591064453,0.0,0.0017103199437000782
bn_n50_w2_uncertain_moderate.bif,50,2,uncertain_moderate,0.5,1.0,X13,1,1.0,0.027632474899291992,2.459339141845703,0.0,1.0,0.0,1.010266160964966,0.10757064819335938,0.0,0.0,1.0,0.0,4.205008435249328,0.2196197509765625,0.0,0.0
bn_n50_w2_uncertain_strong.bif,50,2,uncertain_strong,0.25,0.4,X2,1,0.4496061146225488,0.02990245819091797,0.3789558410644531,0.0,0.45170000000000005,7.881000000000015e-05,0.8429917097091675,0.10201644897460938,0.0,0.0020938853774512545,0.4452,0.00025615999999999985,3.4578855276107787,0.181793212890625,0.0,0.004406114622548807
bn_n50_w2_uncertain_strong.bif,50,2,uncertain_strong,0.25,0.5,X2,1,0.5388201540423253,0.02893996238708496,0.4557609558105469,0.0,0.5515000000000001,0.0004174499999999989,1.0735927820205688,0.11163711547851562,0.0,0.012679845957674796,0.5346,6.264000000000012e-05,4.468924355506897,0.2615375518798828,0.0,0.004220154042325341
bn_n50_w2_uncertain_strong.bif,50,2,uncertain_strong,0.25,0.7,X2,1,0.7009755916109095,0.03032374382019043,0.4332113265991211,0.0,0.6985999999999999,0.0002672399999999989,0.9947500705718995,0.10503768920898438,0.0,0.002375591610909611,0.6962999999999999,0.00014440999999999982,4.142753624916077,0.21234130859375,0.0,0.00467559161090958
bn_n50_w2_uncertain_strong.bif,50,2,uncertain_strong,0.25,0.9,X2,1,0.8686158530640625,0.029695749282836914,0.4206962585449219,0.0,0.8702,6.696000000000012e-05,1.064304494857788,0.10992050170898438,0.0,0.0015841469359374472,0.8671,0.0001828900000000003,4.459151005744934,0.226409912109375,0.0,0.0015158530640625445
bn_n50_w2_uncertain_strong.bif,50,2,uncertain_strong,0.25,1.0,X2,1,1.0,0.028067588806152344,0.4024772644042969,0.0,1.0,0.0,0.9205650568008423,0.10201644897460938,0.0,0.0,1.0,0.0,3.8304152488708496,0.200439453125,0.0,0.0
bn_n50_w2_uncertain_strong.bif,50,2,uncertain_strong,0.5,0.4,X2,1,0.3992866672741981,0.03225970268249512,1.3421669006347656,0.0,0.4013,0.00016860999999999967,0.9861840963363647,0.10747146606445312,0.0,0.0020133327258018974,0.39649999999999996,0.00012264999999999992,4.064934206008911,0.215545654296875,0.0,0.002786667274198129
bn_n50_w2_uncertain_strong.bif,50,2,uncertain_strong,0.5,0.5,X2,1,0.4582468960040201,0.025564193725585938,0.3365592956542969,0.0,0.46020000000000005,0.00018435999999999973,0.8975626707077027,0.10366439819335938,0.0,0.0019531039959799767,0.4506,0.00021424,3.6827618360519407,0.23009681701660156,0.0,0.007646896004020076
bn_n50_w2_uncertain_strong.bif,50,2,uncertain_strong,0.5,0.7,X2,1,0.6854347426232703,0.029199838638305664,0.3580741882324219,0.0,0.6799000000000001,0.00017628999999999914,0.9445087432861328,0.10639572143554688,0.0,0.00553474262327025,0.6868000000000001,8.03599999999994e-05,3.919100785255432,0.2405719757080078,0.0,0.001365257376729767
bn_n50_w2_uncertain_strong.bif,50,2,uncertain_strong,0.5,0.9,X2,1,0.919473086706055,0.027605772018432617,0.3487205505371094,0.0,0.9176,7.224000000000014e-05,0.9584663152694702,0.10662460327148438,0.0,0.001873086706055016,0.9212,4.716000000000008e-05,3.9498375177383425,0.21798133850097656,0.0,0.0017269132939450316
bn_n50_w2_uncertain_strong.bif,50,2,uncertain_strong,0.5,1.0,X2,1,0.9688500944889735,0.052118539810180664,0.4728507995605469,0.0,0.9690999999999999,1.4090000000000026e-05,1.027252697944641,0.11141586303710938,0.0,0.0002499055110263271,0.968,2.880000000000005e-05,4.240197277069091,0.22952938079833984,0.0,0.0008500944889735518
bn_n50_w2_uniform.bif,50,2,uniform,0.25,0.4,X3,1,0.4125270979751899,0.0329134464263916,0.4096031188964844,0.0,0.41109999999999997,0.0002932899999999998,0.9180057048797607,0.10168075561523438,0.0,0.001427097975189917,0.4114,0.00033563999999999984,3.842593860626221,0.2014312744140625,0.0,0.0011270979751898946
bn_n50_w2_uniform.bif,50,2,uniform,0.25,0.5,X3,1,0.5254615800759997,0.013746023178100586,0.4212455749511719,0.0,0.5185,0.00014825000000000027,1.128169059753418,0.11162185668945312,0.0,0.006961580075999785,0.5297,0.0002368100000000004,4.751399898529053,0.2489166259765625,0.0,0.004238419924000203
bn_n50_w2_uniform.bif,50,2,uniform,0.25,0.7,X3,1,0.733189952418956,0.026998519897460938,0.3819618225097656,0.0,0.7326999999999999,9.161000000000016e-05,0.8822869539260865,0.10048294067382812,0.0,0.0004899524189561077,0.7253999999999999,0.00013364000000000025,3.703216624259949,0.193634033203125,0.0,0.007789952418956081
bn_n50_w2_uniform.bif,50,2,uniform,0.25,0.9,X3,1,0.90633039869792,0.027949810028076172,0.3993644714355469,0.0,0.9061,7.149000000000013e-05,0.827703881263733,0.09881973266601562,0.0,0.0002303986979199646,0.9071999999999999,8.656000000000015e-05,3.5133343935012817,0.18719482421875,0.0,0.0008696013020799143
bn_n50_w2_uniform.bif,50,2,uniform,0.25,1.0,X3,1,1.0,0.02895069122314453,0.4054222106933594,0.0,1.0,0.0,0.900294280052185,0.10177230834960938,0.0,0.0,1.0,0.0,3.7791030645370483,0.198974609375,0.0,0.0
bn_n50_w2_uniform.bif,50,2,uniform,0.5,0.4,X3,1,0.43767885099938697,0.02730584144592285,0.3560676574707031,0.0,0.43,0.00010040000000000016,1.0256067752838134,0.11018753051757812,0.0,0.007678850999386977,0.4365,0.00031325000000000005,4.212140202522278,0.22367286682128906,0.0,0.0011788509993869711
bn_n50_w2_uniform.bif,50,2,uniform,0.5,0.5,X3,1,0.49058281202033277,0.0282285213470459,0.3416557312011719,0.0,0.48699999999999993,0.0002230000000000001,0.9618258476257324,0.10535812377929688,0.0,0.0035828120203328373,0.491,0.00022939999999999988,3.963665413856506,0.24611854553222656,0.0,0.00041718797966722176
bn_n50_w2_uniform.bif,50,2,uniform,0.5,0.7,X3,1,0.7315403854045525,0.035890817642211914,1.3456611633300781,0.0,0.7304,0.00022324000000000036,0.9558230400085449,0.10714340209960938,0.0,0.001140385404552413,0.7304,0.00038604000000000074,3.897715926170349,0.21367645263671875,0.0,0.001140385404552413
bn_n50_w2_uniform.bif,50,2,uniform,0.5,0.9,X3,1,0.9200990032443881,0.02642679214477539,0.3214912414550781,0.0,0.9205000000000002,8.584999999999966e-05,0.8484329462051392,0.10232925415039062,0.0,0.00040099675561211523,0.9214,3.944000000000007e-05,3.5060322999954225,0.193817138671875,0.0,0.001300996755611905
bn_n50_w2_uniform.bif,50,2,uniform,0.5,1.0,X3,1,1.0,0.025543928146362305,0.2979774475097656,0.0,1.0,0.0,0.9174966812133789,0.10599899291992188,0.0,0.0,1.0,0.0,3.795470857620239,0.1987762451171875,0.0,0.0
bn_n50_w6_concentrated_bias_high.bif,50,6,concentrated_bias_high,0.25,0.4,X11,1,0.39316672476731307,0.0352473258972168,0.5349617004394531,0.0,0.3955,0.0003232499999999997,0.8975966691970825,0.10943984985351562,0.0,0.002333275232686949,0.3899,0.00016469000000000008,3.81575186252594,0.20693206787109375,0.0,0.003266724767313045
bn_n50_w6_concentrated_bias_high.bif,50,6,concentrated_bias_high,0.25,0.5,X11,1,0.5447284480243128,0.04277920722961426,0.6772727966308594,0.0,0.5477000000000001,0.00014100999999999963,1.3082708835601806,0.13235092163085938,0.0,0.0029715519756873254,0.5436,0.00035683999999999917,5.567300653457641,0.28070831298828125,0.0,0.0011284480243127781
bn_n50_w6_concentrated_bias_high.bif,50,6,concentrated_bias_high,0.25,0.7,X11,1,0.6871521099582143,0.040398359298706055,0.6039161682128906,0.0,0.6838,0.0004483599999999989,1.2629045248031616,0.12813949584960938,0.0,0.0033521099582143332,0.6881999999999999,0.00033635999999999893,5.3692336797714235,0.2756805419921875,0.0,0.0010478900417856263
bn_n50_w6_concentrated_bias_high.bif,50,6,concentrated_bias_high,0.25,0.9,X11,1,0.8866138323101495,0.04082465171813965,0.6491203308105469,0.0,0.8853,9.321000000000017e-05,1.4234040975570679,0.12585830688476562,0.0,0.0013138323101494764,0.8895,0.00017465000000000031,6.078353238105774,0.3146209716796875,0.0,0.002886167689850505
bn_n50_w6_concentrated_bias_high.bif,50,6,concentrated_bias_high,0.25,1.0,X11,1,1.0,0.03688979148864746,0.5888786315917969,0.0,1.0,0.0,1.11368727684021,0.11896133422851562,0.0,0.0,1.0,0.0,4.709938979148864,0.24547576904296875,0.0,0.0
bn_n50_w6_concentrated_bias_high.bif,50,6,concentrated_bias_high,0.5,0.4,X11,1,0.4310268531686813,0.4504885673522949,144.22243118286133,82.375,0.437,0.0003386000000000002,1.5227628231048584,0.13492965698242188,0.0,0.005973146831318721,0.42679999999999996,0.0002707600000000002,6.4697775602340695,0.34456634521484375,0.0,0.0042268531686813215
bn_n50_w6_concentrated_bias_high.bif,50,6,concentrated_bias_high,0.5,0.5,X11,1,0.5117411522563312,3.0909035205841064,2304.2267417907715,3721.125,0.5113000000000001,0.00041921000000000075,1.4922643423080444,0.14161300659179688,0.0,0.0004411522563311232,0.5183000000000001,0.00032321000000000053,6.236379408836365,0.32012081146240234,0.0,0.006558847743668883
bn_n50_w6_concentrated_bias_high.bif,50,6,concentrated_bias_high,0.5,0.7,X11,1,0.709922553157888,1.9617946147918701,1152.2523155212402,763.0625,0.7202999999999999,0.0003234100000000006,1.655116367340088,0.13501358032226562,0.0,0.010377446842111948,0.7026999999999999,0.0004488099999999993,6.958972907066345,0.36489009857177734,0.0,0.007222553157888112
bn_n50_w6_concentrated_bias_high.bif,50,6,concentrated_bias_high,0.5,0.9,X11,1,0.8994941204888747,1.2123267650604248,576.2159690856934,371.1875,0.8981,0.00010989000000000018,1.7561707735061645,0.14171981811523438,0.0,0.0013941204888746617,0.8952000000000002,7.676000000000013e-05,7.431459283828735,0.36217403411865234,0.0,0.004294120488874453
bn_n50_w6_concentrated_bias_high.bif,50,6,concentrated_bias_high,0.5,1.0,X11,1,0.9616401835296285,2.5565104484558105,2304.2861671447754,3717.0,0.9623000000000002,4.2010000000000074e-05,1.671944785118103,0.14365768432617188,0.0,0.0006598164703716103,0.9613999999999999,3.8640000000000064e-05,7.151991772651672,0.39301490783691406,0.0,0.00024018352962862366
bn_n50_w6_concentrated_bias_low.bif,50,6,concentrated_bias_low,0.25,0.9,X45,1,0.8533525321329212,0.03716754913330078,0.5766410827636719,0.0,0.857,0.00012400000000000022,1.6838037252426148,0.15082168579101562,0.0,0.003647467867078813,0.8572000000000001,0.00012076000000000022,7.1806245803833,0.40407752990722656,0.0,0.003847467867078902
bn_n50_w6_concentrated_bias_low.bif,50,6,concentrated_bias_low,0.25,1.0,X45,1,1.0,0.03737473487854004,0.5535469055175781,0.0,1.0,0.0,1.7132833480834961,0.14120864868164062,0.0,0.0,1.0,0.0,7.323171257972717,0.3852081298828125,0.0,0.0
bn_n50_w6_concentrated_bias_low.bif,50,6,concentrated_bias_low,0.5,0.5,X45,1,0.5350467613929966,0.6213340759277344,288.3060417175293,177.3125,0.5328000000000002,0.0002299600000000004,1.589332675933838,0.13433456420898438,0.0,0.002246761392996399,0.5322000000000001,0.00019256000000000034,6.71604163646698,0.32037353515625,0.0,0.002846761392996444
bn_n50_w6_concentrated_bias_low.bif,50,6,concentrated_bias_low,0.5,1.0,X45,1,1.0,0.5234012603759766,1152.2918510437012,763.0625,1.0,0.0,1.5636113166809082,0.13343429565429688,0.0,0.0,1.0,0.0,6.662964844703675,0.33292293548583984,0.0,0.0
bn_n50_w6_rigid_extreme.bif,50,6,rigid_extreme,0.25,0.4,X33,1,0.3673692402870887,0.033972740173339844,0.6265525817871094,0.0,0.344,0.0033973999999999996,1.38089280128479,0.13803482055664062,0.0,0.023369240287088755,0.36480000000000007,0.00032336000000000013,5.87653169631958,0.3049163818359375,0.0,0.002569240287088659
bn_n50_w6_rigid_extreme.bif,50,6,rigid_extreme,0.25,0.5,X33,1,0.5403328543893322,0.03448796272277832,0.5423240661621094,0.0,0.5456,0.0002374399999999998,1.2057114601135255,0.12434005737304688,0.0,0.005267145610667767,0.541,0.0002962,5.155966019630432,0.27044677734375,0.0,0.0006671456106678297
bn_n50_w6_rigid_extreme.bif,50,6,rigid_extreme,0.25,0.7,X33,1,0.727897296662978,0.03731060028076172,0.5958442687988281,0.0,0.7274999999999999,0.000612250000000001,1.2592951297760009,0.12493515014648438,0.0,0.00039729666297805277,0.7261,0.00011649000000000021,5.411438918113708,0.28122711181640625,0.0,0.0017972966629780096
bn_n50_w6_rigid_extreme.bif,50,6,rigid_extreme,0.25,0.9,X33,1,0.9089622739774046,0.03626823425292969,0.6249256134033203,0.0,0.8333999999999999,0.04733064,1.198204803466797,0.13196182250976562,0.0,0.07556227397740467,0.9054,7.384000000000012e-05,5.196190309524536,0.28342628479003906,0.0,0.0035622739774046064
bn_n50_w6_rigid_extreme.bif,50,6,rigid_extreme,0.25,1.0,X33,1,0.9999999999999999,0.03441286087036133,0.5490379333496094,0.0,1.0,0.0,1.3427277565002442,0.12972640991210938,0.0,1.1102230246251565e-16,1.0,0.0,5.7617412328720095,0.3099079132080078,0.0,1.1102230246251565e-16
bn_n50_w6_rigid_extreme.bif,50,6,rigid_extreme,0.5,0.4,X33,1,0.43852957597487496,1.724416971206665,2304.2752799987793,3717.0,0.38610000000000005,0.00466289,1.6422322511672973,0.14563369750976562,0.0,0.05242957597487491,0.44020000000000004,0.00042656000000000014,7.098829197883606,0.3565664291381836,0.0,0.0016704240251250724
bn_n50_w6_rigid_extreme.bif,50,6,rigid_extreme,0.5,0.5,X33,1,0.5300740739271691,0.22030377388000488,288.2179298400879,177.3125,0.47569999999999996,0.02364881,1.3854674577713013,0.13577651977539062,0.0,0.05437407392716914,0.5259,0.00029528999999999954,5.971855401992798,0.2837209701538086,0.0,0.004174073927169064
bn_n50_w6_rigid_extreme.bif,50,6,rigid_extreme,0.5,0.7,X33,1,0.6638198541795555,1.5627527236938477,2304.2183418273926,3717.0,0.692,0.0013567999999999987,1.4540057897567749,0.12096786499023438,0.0,0.02818014582044448,0.6609,0.0002682900000000005,6.292175769805908,0.32842159271240234,0.0,0.0029198541795554256
bn_n50_w6_rigid_extreme.bif,50,6,rigid_extreme,0.5,0.9,X33,1,0.8947316457102248,0.24274992942810059,288.2833595275879,177.3125,0.8981999999999999,0.0011913600000000011,1.491926097869873,0.14164352416992188,0.0,0.0034683542897750996,0.8926000000000001,0.0008424400000000002,6.403680658340454,0.31458187103271484,0.0,0.0021316457102247277
bn_n50_w6_rigid_extreme.bif,50,6,rigid_extreme,0.5,1.0,X33,1,0.9999596457368295,0.7829596996307373,1152.2269248962402,763.0625,0.9999,9.000000000000016e-08,1.4005012035369873,0.13301467895507812,0.0,5.9645736829483376e-05,1.0,0.0,5.983068823814392,0.34458351135253906,0.0,4.035426317050561e-05
bn_n50_w6_rigid_moderate.bif,50,6,rigid_moderate,0.25,0.4,X15,1,0.41656241501228086,0.03251338005065918,0.5537910461425781,0.0,0.4269,0.00035229000000000017,1.2823251485824585,0.12305068969726562,0.0,0.01033758498771914,0.40599999999999997,0.0001709999999999998,5.4819862842559814,0.27754974365234375,0.0,0.01056241501228089
bn_n50_w6_rigid_moderate.bif,50,6,rigid_moderate,0.25,0.5,X15,1,0.5030183346774876,0.03682303428649902,0.6010246276855469,0.0,0.5073999999999999,0.0003260400000000006,1.54412100315094,0.13235855102539062,0.0,0.004381665322512274,0.5063000000000001,0.0001904100000000003,6.596896409988403,0.334716796875,0.0,0.003281665322512506
bn_n50_w6_rigid_moderate.bif,50,6,rigid_moderate,0.25,0.7,X15,1,0.6880903065825329,0.03610372543334961,0.5547828674316406,0.0,0.6847000000000001,0.04889541,1.226738166809082,0.11980056762695312,0.0,0.0033903065825328094,0.6963000000000001,0.0005406099999999987,5.2712263584136965,0.29328346252441406,0.0,0.008209693417467245
bn_n50_w6_rigid_moderate.bif,50,6,rigid_moderate,0.25,0.9,X15,1,0.924331436864286,0.033136606216430664,0.5283088684082031,0.0,0.9200000000000002,0.00010760000000000016,1.2520289659500121,0.12498855590820312,0.0,0.004331436864285831,0.9202999999999999,6.441000000000012e-05,5.379448652267456,0.27338409423828125,0.0,0.0040314368642860865
bn_n50_w6_rigid_moderate.bif,50,6,rigid_moderate,0.25,1.0,X15,1,1.0,0.03378915786743164,0.5149955749511719,0.0,1.0,0.0,1.3559190273284911,0.13458633422851562,0.0,0.0,1.0,0.0,5.854079914093018,0.293548583984375,0.0,0.0
bn_n50_w6_rigid_moderate.bif,50,6,rigid_moderate,0.5,0.4,X15,1,0.38188684897146447,0.36531686782836914,288.2698783874512,177.3125,0.3559,0.0036296899999999992,1.6222865104675293,0.14939498901367188,0.0,0.02598684897146447,0.3822,0.0005957600000000004,6.90348265171051,0.3303680419921875,0.0,0.0003131510285355188
bn_n50_w6_rigid_moderate.bif,50,6,rigid_moderate,0.5,0.5,X15,1,0.520862705949139,0.3012380599975586,288.263973236084,177.3125,0.509,0.00032360000000000055,1.4060133695602417,0.13949203491210938,0.0,0.011862705949138963,0.5227999999999999,0.00028216000000000054,5.995644187927246,0.3361377716064453,0.0,0.0019372940508609604
bn_n50_w6_rigid_moderate.bif,50,6,rigid_moderate,0.5,0.7,X15,1,0.6787050144316241,0.19765353202819824,144.24741744995117,78.3125,0.6723000000000001,0.0004074099999999994,1.4627108335494996,0.12923812866210938,0.0,0.006405014431624001,0.6747000000000001,0.0002336099999999994,6.212720608711242,0.313568115234375,0.0,0.004005014431624043
bn_n50_w6_rigid_moderate.bif,50,6,rigid_moderate,0.5,0.9,X15,1,0.9088106686827236,1.1644694805145264,9.212764739990234,0.0,0.9094000000000001,0.00019784000000000034,1.2881277322769165,0.13148117065429688,0.0,0.0005893313172764536,0.9048,5.416000000000009e-05,5.4591120958328245,0.27347755432128906,0.0,0.004010668682723595
bn_n50_w6_rigid_moderate.bif,50,6,rigid_moderate,0.5,1.0,X15,1,0.9563491729028417,1.3677282333374023,1152.2151832580566,763.0625,0.9597,1.821000000000003e-05,1.5869496822357179,0.14898300170898438,0.0,0.003350827097158282,0.9592,3.6360000000000065e-05,6.745048069953919,0.3375091552734375,0.0,0.002850827097158337
bn_n50_w6_spread_bias_high.bif,50,6,spread_bias_high,0.25,0.4,X17,1,0.4238813678812341,0.023215055465698242,0.5861396789550781,0.0,0.4314,0.00020124000000000002,1.5349486112594604,0.13877487182617188,0.0,0.007518632118765911,0.426,0.00023200000000000038,6.5273833751678465,0.3243865966796875,0.0,0.002118632118765895
bn_n50_w6_spread_bias_high.bif,50,6,spread_bias_high,0.25,0.5,X17,1,0.5426395918403262,0.037119388580322266,0.6087989807128906,0.0,0.5403,0.0015116099999999992,1.6717141628265382,0.15230941772460938,0.0,0.0023395918403261717,0.5511000000000001,0.001434489999999999,7.182999205589295,0.34122467041015625,0.0,0.008460408159673971
bn_n50_w6_spread_bias_high.bif,50,6,spread_bias_high,0.25,0.7,X17,1,0.7226521407840699,0.03707170486450195,0.5875053405761719,0.0,0.7244999999999999,0.0001594500000000003,1.3797768115997315,0.13479995727539062,0.0,0.0018478592159300034,0.7283999999999999,0.00027904000000000047,5.941669344902039,0.3065032958984375,0.0,0.005747859215930018
bn_n50_w6_spread_bias_high.bif,50,6,spread_bias_high,0.25,0.9,X17,1,0.8567996567068936,0.02155160903930664,0.6455726623535156,0.0,0.8560000000000001,7.260000000000012e-05,1.5654410123825073,0.14384078979492188,0.0,0.0007996567068935256,0.8602000000000001,8.176000000000015e-05,6.7284873723983765,0.33521175384521484,0.0,0.003400343293106456
bn_n50_w6_spread_bias_high.bif,50,6,spread_bias_high,0.25,1.0,X17,1,0.9999999999999998,0.04217028617858887,0.6716041564941406,0.0,1.0,0.0,1.658508801460266,0.14554977416992188,0.0,2.220446049250313e-16,1.0,0.0,7.105402851104737,0.36514949798583984,0.0,2.220446049250313e-16
bn_n50_w6_spread_bias_high.bif,50,6,spread_bias_high,0.5,0.4,X17,1,0.38989451968834493,0.026479005813598633,2.516895294189453,0.0,0.3705,0.0009134500000000003,1.4365658283233642,0.14552688598632812,0.0,0.019394519688344936,0.389,0.0009901999999999992,6.219873714447021,0.31673336029052734,0.0,0.0008945196883449191
bn_n50_w6_spread_bias_high.bif,50,6,spread_bias_high,0.5,0.5,X17,1,0.4905264421837828,1.189192533493042,1152.2113075256348,763.0625,0.4952,0.0009997600000000001,1.637999415397644,0.15144729614257812,0.0,0.0046735578162172,0.48260000000000003,0.00032004000000000006,6.973418235778809,0.33421993255615234,0.0,0.007926442183782745
bn_n50_w6_spread_bias_high.bif,50,6,spread_bias_high,0.5,0.7,X17,1,0.7142299903320157,1.0303113460540771,1152.2233772277832,763.0625,0.7147,9.021000000000015e-05,1.6599179744720458,0.16300582885742188,0.0,0.00047000966798427246,0.7235,0.00020305000000000035,7.129224944114685,0.36834144592285156,0.0,0.009270009667984302
bn_n50_w6_spread_bias_high.bif,50,6,spread_bias_high,0.5,0.9,X17,1,0.9057906017733737,1.0435693264007568,1152.2782173156738,758.9375,0.9071,9.609000000000016e-05,1.6127442121505737,0.14730453491210938,0.0,0.001309398226626346,0.9042000000000001,6.756000000000012e-05,6.94693603515625,0.3318023681640625,0.0,0.0015906017733735567
bn_n50_w6_spread_bias_high.bif,50,6,spread_bias_high,0.5,1.0,X17,1,0.9999999999999999,0.6107256412506104,1152.276668548584,758.9375,1.0,0.0,1.6999578714370727,0.14632797241210938,0.0,1.1102230246251565e-16,1.0,0.0,7.255328345298767,0.36403560638427734,0.0,1.1102230246251565e-16
bn_n50_w6_spread_bias_low.bif,50,6,spread_bias_low,0.25,1.0,X6,1,0.9850096213246234,0.01946854591369629,0.5878868103027344,0.0,0.9856,4.040000000000007e-06,1.6775081872940063,0.13035964965820312,0.0,0.0005903786753765905,0.9846999999999999,1.0810000000000018e-05,7.223627972602844,0.3727874755859375,0.0,0.0003096213246235324
bn_n50_w6_spread_bias_low.bif,50,6,spread_bias_low,0.5,0.7,X6,1,0.7185898411043837,1.016753911972046,1152.2801322937012,763.0625,0.7091,0.0001662900000000003,1.4311088085174561,0.14081192016601562,0.0,0.009489841104383778,0.7162,0.00012356000000000023,6.140072584152222,0.30291748046875,0.0,0.002389841104383783
bn_n50_w6_spread_bias_low.bif,50,6,spread_bias_low,0.5,1.0,X6,1,1.0,0.03826165199279785,9.187015533447266,0.0,1.0,0.0,1.2928704261779784,0.13023757934570312,0.0,0.0,1.0,0.0,5.510821294784546,0.28363800048828125,0.0,0.0
bn_n50_w6_uncertain_moderate.bif,50,6,uncertain_moderate,0.25,0.4,X1,1,0.3937274629837346,0.04093050956726074,0.5561866760253906,0.0,0.39590000000000003,0.0001996899999999999,1.307544207572937,0.12371444702148438,0.0,0.002172537016265408,0.38839999999999997,0.0002432400000000001,5.566219282150269,0.281982421875,2.9375,0.005327462983734654
bn_n50_w6_uncertain_moderate.bif,50,6,uncertain_moderate,0.25,0.5,X1,1,0.541834660197694,0.040160179138183594,0.5975303649902344,0.0,0.5477000000000001,0.0003290099999999996,1.3459614038467407,0.12767410278320312,0.0,0.00586533980230608,0.5378999999999999,0.00019608999999999968,5.730004739761353,0.2946319580078125,0.0,0.003934660197694062
bn_n50_w6_uncertain_moderate.bif,50,6,uncertain_moderate,0.25,0.7,X1,1,0.7414176688473494,0.03875398635864258,0.5760765075683594,0.0,0.7325999999999999,0.0005200399999999996,1.375738525390625,0.13466262817382812,0.0,0.008817668847349469,0.7331,0.0002482900000000004,5.896187162399292,0.29168701171875,0.0,0.008317668847349413
bn_n50_w6_uncertain_moderate.bif,50,6,uncertain_moderate,0.25,0.9,X1,1,0.9413942979340356,0.038913726806640625,0.6278038024902344,0.0,0.9441,4.12899999999998e-05,1.4231024265289307,0.13470077514648438,0.0,0.0027057020659644326,0.9442999999999999,3.720999999999984e-05,6.103019428253174,0.3080291748046875,0.0,0.0029057020659642996
bn_n50_w6_uncertain_moderate.bif,50,6,uncertain_moderate,0.25,1.0,X1,1,1.0,0.03982424736022949,0.6224784851074219,0.0,1.0,0.0,1.489126443862915,0.12846755981445312,0.0,0.0,1.0,0.0,6.324968647956848,0.318084716796875,0.0,0.0
bn_n50_w6_uncertain_moderate.bif,50,6,uncertain_moderate,0.5,0.4,X1,1,0.43150842807701767,2.041719913482666,2.522724151611328,0.0,0.4244,0.0003250400000000003,1.3665023803710938,0.13258743286132812,0.0,0.00710842807701767,0.4328,0.0001621600000000003,5.8106786727905275,0.29828548431396484,0.0,0.0012915719229823486
bn_n50_w6_uncertain_moderate.bif,50,6,uncertain_moderate,0.5,0.5,X1,1,0.5475361057467393,0.8274612426757812,36.225032806396484,8.1875,0.55,0.00042299999999999906,1.2792155027389527,0.13027572631835938,0.0,0.0024638942532607677,0.5419,0.00019948999999999973,5.392934584617615,0.277923583984375,0.0,0.005636105746739228
bn_n50_w6_uncertain_moderate.bif,50,6,uncertain_moderate,0.5,0.7,X1,1,0.7304645790745282,4.233323574066162,1152.2751426696777,763.0625,0.7283999999999999,0.00015404000000000028,1.6939367055892944,0.14528274536132812,0.0,0.0020645790745282833,0.7373000000000001,0.00013081000000000022,7.142368960380554,0.35296630859375,0.0,0.006835420925471847
bn_n50_w6_uncertain_moderate.bif,50,6,uncertain_moderate,0.5,0.9,X1,1,0.9465554334085803,1.7333457469940186,9.285091400146484,0.0,0.9447000000000001,7.20099999999995e-05,1.492536449432373,0.14216995239257812,0.0,0.0018554334085801871,0.9422,4.395999999999974e-05,6.285647678375244,0.32428646087646484,0.0,0.004355433408580245
bn_n50_w6_uncertain_moderate.bif,50,6,uncertain_moderate,0.5,1.0,X1,1,0.9613109322671605,0.061334848403930664,4.771167755126953,0.0,0.9605999999999998,5.34400000000001e-05,1.2902922630310059,0.12976455688476562,0.0,0.0007109322671606799,0.9595999999999998,6.464000000000011e-05,5.448042678833008,0.28647518157958984,0.0,0.0017109322671606808
bn_n50_w6_uncertain_strong.bif,50,6,uncertain_strong,0.25,0.4,X24,1,0.4421096990075553,0.04722476005554199,0.7191352844238281,0.0,0.44270000000000004,0.00027341000000000014,1.3911770343780518,0.13600540161132812,0.0,0.0005903009924447256,0.44489999999999996,7.409000000000013e-05,5.848959231376648,0.3025054931640625,0.0,0.00279030099244465
bn_n50_w6_uncertain_strong.bif,50,6,uncertain_strong,0.25,0.5,X24,1,0.4605398023097822,0.04430079460144043,0.7185173034667969,0.0,0.46129999999999993,0.00015920999999999977,1.557478404045105,0.13911056518554688,0.0,0.0007601976902177343,0.45759999999999995,7.303999999999999e-05,6.519334602355957,0.3564929962158203,0.0,0.0029398023097822468
bn_n50_w6_uncertain_strong.bif,50,6,uncertain_strong,0.25,0.7,X24,1,0.7471382349625182,0.03551459312438965,0.5558204650878906,0.0,0.7438,0.00014976000000000027,1.0492704391479493,0.11689376831054688,0.0,0.0033382349625181718,0.7478,8.296000000000015e-05,4.311772775650025,0.2360687255859375,0.0,0.0006617650374818318
bn_n50_w6_uncertain_strong.bif,50,6,uncertain_strong,0.25,0.9,X24,1,0.8706246858159262,0.03275465965270996,0.7171592712402344,0.0,0.8766,0.00012864000000000023,1.4839387655258178,0.13447952270507812,0.0,0.005975314184073821,0.8731,9.029000000000017e-05,6.184028673171997,0.3216724395751953,0.0,0.0024753141840737625
bn_n50_w6_uncertain_strong.bif,50,6,uncertain_strong,0.25,1.0,X24,1,0.9928960353005253,0.040346384048461914,0.6561470031738281,0.0,0.9935,9.850000000000016e-06,1.493239164352417,0.14126205444335938,0.0,0.0006039646994747683,0.9926999999999999,1.3410000000000022e-05,6.260783100128174,0.321258544921875,0.0,0.00019603530052536566
bn_n50_w6_uncertain_strong.bif,50,6,uncertain_strong,0.5,0.4,X24,1,0.44597549257806635,0.14713239669799805,0.6585502624511719,0.0,0.4471,0.0003332900000000003,1.421732234954834,0.13282394409179688,0.0,0.0011245074219336515,0.44489999999999996,0.00020729000000000038,5.91317994594574,0.3181934356689453,0.0,0.0010754925780663838
bn_n50_w6_uncertain_strong.bif,50,6,uncertain_strong,0.5,0.5,X24,1,0.5190160365600512,0.3050234317779541,72.24679946899414,32.9375,0.5016999999999999,0.00016681000000000028,1.6549004554748534,0.14815902709960938,0.0,0.017316036560051318,0.5271000000000001,0.00024049000000000046,6.889434552192688,0.36596107482910156,0.0,0.008083963439948882
bn_n50_w6_uncertain_strong.bif,50,6,uncertain_strong,0.5,0.7,X24,1,0.723090777803344,0.042671918869018555,0.5043144226074219,0.0,0.7313,0.00013821000000000024,1.3439951896667481,0.13552474975585938,0.0,0.008209222196655985,0.7289,0.00010409000000000019,5.569496035575867,0.3186054229736328,0.0,0.005809222196656028
bn_n50_w6_uncertain_strong.bif,50,6,uncertain_strong,0.5,0.9,X24,1,0.904163306382117,8.438085556030273,2304.2872734069824,3717.0,0.9066000000000001,0.00011204000000000021,1.5535232543945312,0.14624404907226562,0.0,0.0024366936178831233,0.9030000000000001,6.940000000000013e-05,6.477020668983459,0.34374141693115234,0.0,0.0011633063821168133
bn_n50_w6_uncertain_strong.bif,50,6,uncertain_strong,0.5,1.0,X24,1,0.9749717494923461,0.03742694854736328,0.5090980529785156,0.0,0.9733999999999998,2.0440000000000035e-05,1.1915366172790527,0.12649917602539062,0.0,0.001571749492346286,0.9737,2.5210000000000045e-05,4.872791910171509,0.27962684631347656,0.0,0.001271749492346097
bn_n50_w6_uniform.bif,50,6,uniform,0.25,0.4,X44,1,0.37619676383787404,0.038158416748046875,0.5434455871582031,0.0,0.3767,0.00014241000000000026,1.2975815773010253,0.12833023071289062,0.0,0.0005032361621259418,0.3846,9.344000000000016e-05,5.5575247526168825,0.29044246673583984,0.0,0.00840323616212596
bn_n50_w6_uniform.bif,50,6,uniform,0.25,0.5,X44,1,0.48473336659168165,0.041582584381103516,0.6087989807128906,0.0,0.4907,0.0002766100000000002,1.181406807899475,0.11802291870117188,0.0,0.005966633408318378,0.49169999999999997,0.00015861,5.016634440422058,0.2579498291015625,0.0,0.0069666334083183235
bn_n50_w6_uniform.bif,50,6,uniform,0.25,0.7,X44,1,0.7220836810478812,0.035558462142944336,0.5709247589111328,0.0,0.7276,0.00018784000000000032,1.2879955530166627,0.13065719604492188,0.0,0.005516318952118793,0.7182999999999999,7.081000000000014e-05,5.467057704925537,0.27463531494140625,0.0,0.0037836810478812932
bn_n50_w6_uniform.bif,50,6,uniform,0.25,0.9,X44,1,0.899040651776035,0.03871488571166992,0.5705299377441406,0.0,0.8933000000000002,8.001000000000015e-05,1.5951642990112305,0.14450454711914062,0.0,0.0057406517760347775,0.9012,0.00015796000000000028,6.824751687049866,0.33846187591552734,0.0,0.0021593482239650186
bn_n50_w6_uniform.bif,50,6,uniform,0.25,1.0,X44,1,0.9971753276329215,0.03921842575073242,0.5785789489746094,0.0,0.9973999999999998,4.4400000000000075e-06,1.3375071048736573,0.13788223266601562,0.0,0.00022467236707834903,0.9977,1.8100000000000034e-06,5.714113879203796,0.2916717529296875,0.0,0.000524672367078538
bn_n50_w6_uniform.bif,50,6,uniform,0.5,0.4,X44,1,0.3644352277870143,1.8014187812805176,1152.26118850708,763.0625,0.37029999999999996,0.0003862100000000004,1.4139004945755005,0.13760757446289062,0.0,0.005864772212985647,0.35730000000000006,0.0001566099999999997,6.026217460632324,0.31157588958740234,0.0,0.007135227787014253
bn_n50_w6_uniform.bif,50,6,uniform,0.5,0.5,X44,1,0.5352594577680936,2.0039000511169434,1152.2857856750488,763.0625,0.5412,0.0003075599999999992,1.4158329963684082,0.13405990600585938,0.0,0.005940542231906432,0.5368999999999999,0.00014069000000000023,5.969186162948608,0.30763912200927734,0.0,0.00164054223190635
bn_n50_w6_uniform.bif,50,6,uniform,0.5,0.7,X44,1,0.7040728724043112,0.1748645305633545,36.26364517211914,4.0625,0.7053999999999998,0.0003288399999999994,1.3649428367614747,0.13997268676757812,0.0,0.0013271275956886486,0.7051000000000001,0.0002406899999999997,5.770015668869019,0.29327392578125,0.0,0.0010271275956889037
bn_n50_w6_uniform.bif,50,6,uniform,0.5,0.9,X44,1,0.8730608103028221,1.302159309387207,576.2591361999512,371.1875,0.8798,0.00017276000000000032,1.5424813985824586,0.13862228393554688,0.0,0.006739189697177905,0.8733000000000001,3.7810000000000067e-05,6.585034251213074,0.32721614837646484,0.0,0.00023918969717795502
bn_n50_w6_uniform.bif,50,6,uniform,0.5,1.0,X44,1,0.987149637809031,3.766535997390747,2304.2921257019043,3717.0,0.9877999999999998,8.960000000000016e-06,1.4914243459701537,0.13460922241210938,0.0,0.0006503621909688118,0.9892,1.3160000000000025e-05,6.347583651542664,0.31896114349365234,0.0,0.0020503621909689906
bn_n100_w2_concentrated_bias_low.bif,100,2,concentrated_bias_low,0.25,0.6,X65,1,0.5671340278759713,0.06107950210571289,0.786381721496582,0.0,0.5649,0.0002682899999999989,0.9701574087142945,0.16903114318847656,0.0,0.0022340278759713783,0.5690000000000001,0.00021419999999999908,3.953187108039856,0.28206634521484375,0.0,0.0018659721240287253
bn_n100_w2_concentrated_bias_low.bif,100,2,concentrated_bias_low,0.25,0.8,X65,1,0.8046943751111497,0.04567599296569824,0.780308723449707,0.0,0.8045,0.00019904999999999923,0.9455737113952637,0.16647624969482422,0.0,0.00019437511114972494,0.8036999999999999,7.160999999999981e-05,3.85512170791626,0.28188514709472656,0.0,0.0009943751111498589
bn_n100_w2_concentrated_bias_low.bif,100,2,concentrated_bias_low,0.5,0.8,X65,1,0.7894542623339578,0.058335304260253906,9.423413276672363,8.1875,0.7874000000000001,0.0001100400000000002,1.0296349048614502,0.18034648895263672,0.0,0.0020542623339576682,0.7851,0.0001794900000000003,4.148511815071106,0.30132293701171875,0.0,0.004354262333957748
bn_n100_w2_rigid_extreme.bif,100,2,rigid_extreme,0.25,0.6,X76,1,0.6031260205571105,0.04180598258972168,0.7872743606567383,0.0,0.5988999999999999,0.0002686900000000005,0.9944536209106445,0.16959571838378906,0.0,0.004226020557110632,0.6112,0.0003773600000000007,4.117426133155822,0.29216766357421875,0.0,0.008073979442889456
bn_n100_w2_rigid_extreme.bif,100,2,rigid_extreme,0.25,0.8,X76,1,0.7853664512911338,0.04795122146606445,0.7448625564575195,0.0,0.7607999999999999,0.0010537600000000004,0.8314836263656616,0.16196727752685547,0.0,0.024566451291133884,0.7990999999999999,0.001242289999999999,3.524022603034973,0.263275146484375,0.0,0.013733548708866117
bn_n100_w2_rigid_extreme.bif,100,2,rigid_extreme,0.5,0.6,X76,1,0.5737534364784399,0.05017399787902832,0.6435747146606445,0.0,0.5882000000000001,0.00503596,0.966774845123291,0.17566967010498047,0.0,0.014446563521560152,0.594,0.0029437999999999986,3.914615106582642,0.29575347900390625,0.0,0.020246563521560068
bn_n100_w2_rigid_extreme.bif,100,2,rigid_extreme,0.5,0.8,X76,1,0.8313477598533229,0.05580925941467285,0.6854076385498047,0.0,0.8085000000000001,0.0011966499999999992,0.9996890544891357,0.17693710327148438,0.0,0.02284775985332277,0.8222999999999999,0.0013822099999999987,4.066216945648193,0.3188352584838867,0.0,0.009047759853322956
bn_n100_w2_rigid_moderate.bif,100,2,rigid_moderate,0.25,0.6,X44,1,0.5829821313699295,0.049843549728393555,0.7863368988037109,0.0,0.5892999999999999,0.00014381000000000026,1.042976713180542,0.17367172241210938,0.0,0.0063178686300704445,0.593,0.00033299999999999985,4.342309832572937,0.2976846694946289,0.0,0.010017868630070481
bn_n100_w2_rigid_moderate.bif,100,2,rigid_moderate,0.25,0.8,X44,1,0.754116189394106,0.05220365524291992,0.8009853363037109,0.0,0.7556999999999999,0.0002728100000000005,0.9574438571929932,0.16681289672851562,0.0,0.001583810605893965,0.7550999999999999,0.00031249000000000055,3.834439015388489,0.2758798599243164,0.0,0.00098381060589392
bn_n100_w2_rigid_moderate.bif,100,2,rigid_moderate,0.5,0.6,X44,1,0.6123919194524026,0.027409791946411133,0.6031627655029297,0.0,0.6100999999999999,0.0001682900000000003,0.9378001451492309,0.17741775512695312,0.0,0.002291919452402702,0.6192,0.00019156000000000037,3.842329573631287,0.28678226470947266,0.0,0.006808080547597406
bn_n100_w2_rigid_moderate.bif,100,2,rigid_moderate,0.5,0.8,X44,1,0.7925771237315182,0.050644636154174805,0.6100292205810547,0.0,0.7971,0.00015848999999999963,0.9606188297271728,0.17530441284179688,0.0,0.004522876268481801,0.7889000000000002,0.00024029000000000043,3.9117249727249144,0.2929391860961914,0.0,0.0036771237315180727
bn_n100_w2_spread_bias_high.bif,100,2,spread_bias_high,0.25,0.6,X2,1,0.602906931962047,0.05199837684631348,0.7914485931396484,0.0,0.5957000000000001,0.0002822099999999997,0.9389562606811523,0.16613388061523438,0.0,0.007206931962046914,0.6085,0.0001168500000000002,3.7400344133377077,0.29856395721435547,0.0,0.0055930680379530084
bn_n100_w2_spread_bias_high.bif,100,2,spread_bias_high,0.25,0.8,X2,1,0.843810951041802,0.049509286880493164,0.7747554779052734,0.0,0.845,0.00020680000000000034,0.9230297565460205,0.16644668579101562,0.0,0.0011890489581979358,0.8401,0.00012929000000000025,3.7055073976516724,0.2751617431640625,0.0,0.0037109510418020797
bn_n100_w2_spread_bias_high.bif,100,2,spread_bias_high,0.5,0.6,X2,1,0.6437270664133089,0.028011083602905273,0.9872646331787109,0.0,0.6528,0.0002991600000000005,0.9552137613296509,0.17770767211914062,0.0,0.009072933586691145,0.6333,0.0001770100000000003,3.879421281814575,0.29102420806884766,0.0,0.010427066413308927
bn_n100_w2_spread_bias_high.bif,100,2,spread_bias_high,0.5,0.8,X2,1,0.7628133588697931,0.0484619140625,0.6016063690185547,0.0,0.7558,0.0003367600000000006,0.9921746253967285,0.17921066284179688,0.0,0.0070133588697930405,0.7627,0.00023481000000000044,3.9966042041778564,0.32073116302490234,0.0,0.00011335886979302323
bn_n100_w2_spread_bias_low.bif,100,2,spread_bias_low,0.25,0.6,X11,1,0.6352304398577817,0.05405902862548828,0.8040752410888672,0.0,0.6377,0.0002082100000000004,0.9533501625061035,0.16683578491210938,0.0,0.00246956014221833,0.6253,0.00013581000000000026,3.926196265220642,0.2848978042602539,0.0,0.009930439857781748
bn_n100_w2_spread_bias_low.bif,100,2,spread_bias_low,0.25,0.8,X11,1,0.7528556094759528,0.05057120323181152,0.7828960418701172,0.0,0.7515000000000001,0.0001098500000000002,0.9613895654678345,0.16952896118164062,0.0,0.0013556094759527015,0.7483000000000001,7.361000000000013e-05,3.984310436248779,0.28344058990478516,0.0,0.004555609475952682
bn_n100_w2_spread_bias_low.bif,100,2,spread_bias_low,0.5,0.6,X11,1,0.6352183473370234,0.04823923110961914,1.558828353881836,0.0,0.6482,0.00034496000000000065,0.947648286819458,0.17697525024414062,0.0,0.012981652662976573,0.6343000000000001,0.00034721000000000063,3.9022244691848753,0.2982521057128906,0.0,0.0009183473370233397
bn_n100_w2_spread_bias_low.bif,100,2,spread_bias_low,0.5,0.8,X11,1,0.7987358579442955,0.3514893054962158,288.4193630218506,833.5,0.8009000000000001,5.56900000000001e-05,0.9412078619003296,0.17815780639648438,0.0,0.0021641420557045876,0.799,0.0001144000000000002,3.8876950979232787,0.2937164306640625,0.0,0.00026414205570457483
bn_n100_w2_uncertain_moderate.bif,100,2,uncertain_moderate,0.25,0.6,X3,1,0.5862900713664415,0.05223345756530762,0.7886943817138672,0.0,0.5918999999999999,0.00045528999999999996,0.8948478698730469,0.16362380981445312,0.0,0.005609928633558359,0.5847,0.00032081000000000004,3.5933562994003294,0.2626810073852539,0.0,0.0015900713664415145
bn_n100_w2_uncertain_moderate.bif,100,2,uncertain_moderate,0.25,0.8,X3,1,0.8081905721309124,0.05048799514770508,0.8020992279052734,0.0,0.8093999999999999,8.503999999999925e-05,0.9417454481124878,0.16759872436523438,0.0,0.0012094278690875093,0.8103,0.00013320999999999922,3.881751847267151,0.2805643081665039,0.0,0.0021094278690876322
bn_n100_w2_uncertain_moderate.bif,100,2,uncertain_moderate,0.5,0.6,X3,1,0.6237619508217014,0.04797029495239258,0.5613613128662109,0.0,0.6231,0.00021249000000000037,0.9401208162307739,0.17611312866210938,0.0,0.0006619508217013959,0.6355999999999999,0.00019004000000000032,3.8779452323913572,0.32276153564453125,0.0,0.01183804917829856
bn_n100_w2_uncertain_moderate.bif,100,2,uncertain_moderate,0.5,0.8,X3,1,0.84991807002338,0.0515446662902832,0.5929012298583984,0.0,0.8492,6.536000000000012e-05,0.9386719703674317,0.17773056030273438,0.0,0.0007180700233800907,0.8518000000000001,0.00015516000000000027,3.854954648017883,0.29326629638671875,0.0,0.001881929976620067
bn_n100_w2_uncertain_strong.bif,100,2,uncertain_strong,0.25,0.6,X42,1,0.5676809584979141,0.06066727638244629,0.7761058807373047,0.0,0.5683999999999999,0.0002748399999999993,1.058959174156189,0.17547988891601562,0.0,0.0007190415020857932,0.5702999999999999,0.0002070099999999994,4.361834716796875,0.32331371307373047,0.0,0.002619041502085806
bn_n100_w2_uncertain_strong.bif,100,2,uncertain_strong,0.25,0.8,X42,1,0.7717116459918261,0.052375078201293945,0.7807826995849609,0.0,0.7765000000000002,0.00014725000000000027,1.0628814458847047,0.17318344116210938,0.0,0.004788354008174123,0.7704,9.504000000000017e-05,4.364612698554993,0.2955942153930664,0.0,0.0013116459918260936
bn_n100_w2_uncertain_strong.bif,100,2,uncertain_strong,0.5,0.6,X42,1,0.5743087771654354,0.04628562927246094,0.5959758758544922,0.0,0.5725999999999999,8.743999999999981e-05,0.9808446168899536,0.17706680297851562,0.0,0.0017087771654354933,0.5818,0.00015275999999999983,3.996699905395508,0.30423736572265625,0.0,0.007491222834564604
bn_n100_w2_uncertain_strong.bif,100,2,uncertain_strong,0.5,0.8,X42,1,0.7981878700286253,0.049126386642456055,0.5532588958740234,0.0,0.8,9.639999999999982e-05,1.0009305953979493,0.17774581909179688,0.0,0.0018121299713746986,0.7925,0.00012445000000000023,4.086379194259644,0.29500675201416016,0.0,0.005687870028625364
bn_n100_w2_uniform.bif,100,2,uniform,0.25,0.6,X18,1,0.5948452746444701,0.05070328712463379,0.7761058807373047,0.0,0.5905999999999999,0.0001534400000000003,0.9190156698226929,0.16513442993164062,0.0,0.0042452746444702205,0.5979000000000001,0.00017589000000000032,3.7779098987579345,0.27227115631103516,0.0,0.0030547253555299747
bn_n100_w2_uniform.bif,100,2,uniform,0.25,0.8,X18,1,0.8477410027386254,0.05500984191894531,0.7597026824951172,0.0,0.8482999999999998,5.3810000000000096e-05,0.9475812673568725,0.16718673706054688,0.0,0.0005589972613744276,0.8462000000000002,8.416000000000014e-05,3.875413107872009,0.30395030975341797,0.0,0.00154100273862523
bn_n100_w2_uniform.bif,100,2,uniform,0.5,0.6,X18,1,0.5841036679514302,0.06317305564880371,1.555074691772461,0.0,0.5824,0.000712639999999999,0.9976226806640625,0.17713546752929688,0.0,0.0017036679514301767,0.5860000000000001,0.00034720000000000004,4.106232070922852,0.3004465103149414,0.0,0.001896332048569871
bn_n100_w2_uniform.bif,100,2,uniform,0.5,0.8,X18,1,0.7527052439648629,0.0421290397644043,0.5636577606201172,0.0,0.7449999999999999,0.00016440000000000034,0.9603043794631958,0.17560958862304688,0.0,0.007705243964863051,0.752,8.560000000000016e-05,3.917629098892212,0.2919168472290039,0.0,0.0007052439648629338
bn_n100_w6_concentrated_bias_high.bif,100,6,concentrated_bias_high,0.25,0.6,X62,1,0.6377280650863868,0.060143232345581055,1.0116024017333984,0.0,0.6292,0.000561360000000001,1.3230546474456788,0.19673538208007812,0.0,0.008528065086386816,0.6317999999999999,0.00010116000000000016,5.560172128677368,0.3514871597290039,0.0,0.00592806508638688
bn_n100_w6_rigid_moderate.bif,100,6,rigid_moderate,0.25,0.6,X23,1,0.5814709330914407,0.07059121131896973,0.9981594085693359,0.0,0.5906999999999999,0.0002982099999999998,1.2405797004699708,0.18998336791992188,0.0,0.00922906690855918,0.5728,0.0002803599999999996,5.24378399848938,0.33620548248291016,0.0,0.008670933091440736
bn_n100_w6_rigid_moderate.bif,100,6,rigid_moderate,0.25,0.8,X23,1,0.7892125019356876,0.0631873607635498,0.9243679046630859,0.0,0.7894,0.0001136400000000002,1.2770575523376464,0.19456100463867188,0.0,0.0001874980643123969,0.7864,0.0002126400000000004,5.388627624511718,0.34742069244384766,0.0,0.0028125019356876058
bn_n100_w6_rigid_moderate.bif,100,6,rigid_moderate,0.5,0.6,X23,1,0.6179894487394962,0.0777740478515625,30.517629623413086,65.9375,0.6169,0.00046069000000000085,1.2476064920425416,0.20256423950195312,0.0,0.0010894487394962349,0.6239000000000001,0.0005366900000000009,5.259097146987915,0.3545236587524414,0.0,0.005910551260503882
bn_n100_w6_rigid_moderate.bif,100,6,rigid_moderate,0.5,0.8,X23,1,0.7793440595536507,0.3332059383392334,288.48669242858887,833.6875,0.7755000000000001,0.0001722500000000003,1.2660571575164794,0.20009994506835938,0.0,0.003844059553650636,0.7754,0.00019084000000000033,5.38021674156189,0.35582828521728516,0.0,0.003944059553650736
bn_n100_w6_spread_bias_high.bif,100,6,spread_bias_high,0.25,0.6,X43,1,0.5935151746366822,0.05325651168823242,1.0638484954833984,0.0,0.5934,0.00013044000000000025,1.1638961791992188,0.18706893920898438,0.0,0.00011517463668220262,0.5882,0.00021495999999999972,4.894174957275391,0.3293914794921875,0.0,0.005315174636682296
bn_n100_w6_spread_bias_high.bif,100,6,spread_bias_high,0.25,0.8,X43,1,0.794619966459845,0.05373120307922363,0.9602642059326172,0.0,0.7935000000000001,9.604999999999975e-05,1.2071012496948241,0.19017410278320312,0.0,0.0011199664598449122,0.7927000000000001,8.361000000000014e-05,5.0728185176849365,0.3404703140258789,0.0,0.001919966459844935
bn_n100_w6_spread_bias_high.bif,100,6,spread_bias_high,0.5,0.6,X43,1,0.6048672024977467,0.0435333251953125,6.490758895874023,0.0,0.6087,0.0001310100000000002,1.2505632400512696,0.19765853881835938,0.0,0.0038327975022532934,0.6064999999999999,0.00022005000000000042,5.250067043304443,0.35166168212890625,0.0,0.0016327975022532026
bn_n100_w6_spread_bias_high.bif,100,6,spread_bias_high,0.5,0.8,X43,1,0.8237186970654039,0.11755895614624023,36.49279594421387,45.3125,0.8216000000000001,0.0002528399999999993,1.2451082229614259,0.20560836791992188,0.0,0.002118697065403796,0.8160999999999999,0.0002806899999999991,5.273776698112488,0.34972476959228516,0.0,0.007618697065403968
bn_n100_w6_spread_bias_low.bif,100,6,spread_bias_low,0.25,0.6,X89,1,0.6438456245893668,0.05424094200134277,0.9839992523193359,0.0,0.6439999999999999,0.0002466000000000004,1.2973166465759278,0.19347000122070312,0.0,0.000154375410633123,0.6435000000000001,0.0002572500000000005,5.500522446632385,0.34949588775634766,0.0,0.0003456245893667109
bn_n100_w6_spread_bias_low.bif,100,6,spread_bias_low,0.25,0.8,X89,1,0.8467612725421709,0.04004406929016113,0.9255275726318359,0.0,0.8469999999999999,0.00011480000000000023,1.1496726989746093,0.18277359008789062,0.0,0.00023872745782893556,0.8502000000000001,5.4160000000000105e-05,4.834770250320434,0.34727001190185547,0.0,0.0034387274578291382
bn_n100_w6_rigid_extreme.bif,100,6,rigid_extreme,0.25,0.6,X77,1,0.634691818372106,0.0614628791809082,1.006856918334961,0.0,0.6516,0.024403039999999994,1.2312824487686158,0.18833541870117188,0.0,0.01690818162789398,0.6357,0.0007774100000000013,5.2120991230010985,0.3383493423461914,0.0,0.001008181627894067
bn_n100_w6_rigid_extreme.bif,100,6,rigid_extreme,0.25,0.8,X77,1,0.772978864871598,0.06570577621459961,0.9401302337646484,0.0,0.7783,0.0003402100000000006,1.3378015756607056,0.18939590454101562,0.0,0.005321135128402044,0.7753,0.00012081000000000023,5.718316292762756,0.36179447174072266,0.0,0.002321135128402041
bn_n100_w6_rigid_extreme.bif,100,6,rigid_extreme,0.5,0.6,X77,1,0.5739662492926149,6.030710458755493,9216.47680091858,26699.125,0.5746999999999999,0.00035960999999999903,1.2755237102508545,0.19539260864257812,0.0,0.0007337507073850169,0.5802999999999999,0.00023520999999999972,4.897624278068543,0.3542900085449219,0.0,0.006333750707385066
bn_n100_w6_rigid_extreme.bif,100,6,rigid_extreme,0.5,0.8,X77,1,0.7657699257260021,22.133986234664917,4608.461847305298,1059.8125,0.7694,0.00046344000000000083,1.2268166303634644,0.19937515258789062,0.0,0.003630074273997863,0.7718,0.0002729600000000005,5.052102398872376,0.3436737060546875,0.0,0.006030074273997932
bn_n100_w6_uncertain_moderate.bif,100,6,uncertain_moderate,0.25,0.6,X54,1,0.5760203014154521,0.05659651756286621,1.0507259368896484,0.0,0.5652,0.00021375999999999904,1.3069509744644165,0.18902206420898438,0.0,0.010820301415452094,0.5772999999999999,0.00014320999999999984,5.292388296127319,0.34919261932373047,0.0,0.0012796985845477948
bn_n100_w6_uncertain_moderate.bif,100,6,uncertain_moderate,0.25,0.8,X54,1,0.7648711208312167,0.0571441650390625,1.020193099975586,0.0,0.7592000000000001,0.00024536000000000046,1.258160662651062,0.19147109985351562,0.0,0.0056711208312165695,0.7589,9.529000000000018e-05,5.0657124519348145,0.3371438980102539,0.0,0.0059711208312166475
bn_n100_w6_uncertain_moderate.bif,100,6,uncertain_moderate,0.5,0.6,X54,1,0.5789894933341849,3.5689167976379395,4.218420028686523,0.0,0.5864999999999999,0.00016584999999999975,1.2169503450393677,0.19642257690429688,0.0,0.007510506665814987,0.5746,0.00030583999999999906,4.969886469841003,0.36672496795654297,0.0,0.004389493334184924
bn_n100_w6_uncertain_moderate.bif,100,6,uncertain_moderate,0.5,0.8,X54,1,0.8151944993102351,12.146755695343018,144.47419548034668,369.3125,0.8178000000000001,0.0002531599999999988,1.270796275138855,0.19917678833007812,0.0,0.00260550068976495,0.8150999999999999,0.0001028899999999993,5.191572737693787,0.34459781646728516,0.0,9.449931023519653e-05
bn_n100_w6_uncertain_strong.bif,100,6,uncertain_strong,0.25,0.6,X78,1,0.5556706350193144,0.054520368576049805,0.9366245269775391,0.0,0.5539999999999999,0.0006177999999999992,1.1072893381118774,0.17892837524414062,0.0,0.0016706350193144148,0.5636,0.000332239999999999,4.646943807601929,0.3188323974609375,0.0,0.007929364980685638
bn_n100_w6_uncertain_strong.bif,100,6,uncertain_strong,0.25,0.8,X78,1,0.7684871279880834,0.057756662368774414,0.9291782379150391,0.0,0.7666,0.0001684400000000003,1.1636873245239259,0.18497848510742188,0.0,0.0018871279880834368,0.774,0.0002882000000000005,4.829067039489746,0.3260955810546875,0.0,0.005512872011916636
bn_n100_w6_uncertain_strong.bif,100,6,uncertain_strong,0.5,0.6,X78,1,0.5907365620717971,1.1007745265960693,288.48218727111816,181.4375,0.5950000000000001,0.0003675999999999998,1.2298853158950807,0.19657516479492188,0.0,0.00426343792820294,0.5922,0.0002597600000000004,5.177106261253357,0.35254669189453125,0.0,0.0014634379282028043
bn_n100_w6_uncertain_strong.bif,100,6,uncertain_strong,0.5,0.8,X78,1,0.7505591756298687,1.1195309162139893,2304.469774246216,1592.1875,0.7546,0.00014024000000000027,1.3013944149017334,0.20390701293945312,0.0,0.004040824370131313,0.7487,0.0003522100000000006,5.462598252296448,0.3613710403442383,0.0,0.0018591756298687034
bn_n100_w6_uniform.bif,100,6,uniform,0.25,0.6,X97,1,0.602943391202938,0.05297493934631348,1.0291118621826172,0.0,0.5929,0.00038829000000000066,1.197731375694275,0.18980026245117188,0.0,0.010043391202938068,0.6007,0.0006758100000000001,4.974220609664917,0.33806705474853516,0.0,0.0022433912029380387
bn_n100_w6_uniform.bif,100,6,uniform,0.25,0.8,X97,1,0.7720564114074082,0.05738425254821777,0.8906688690185547,0.0,0.7683,0.0002694100000000004,1.1088388442993165,0.18262100219726562,0.0,0.0037564114074082333,0.776,0.00023600000000000045,4.580171847343445,0.31850433349609375,0.0,0.003943588592591807
bn_n100_w6_uniform.bif,100,6,uniform,0.5,0.6,X97,1,0.5543111391519139,0.08071374893188477,72.48000907897949,148.4375,0.5593,0.00021120999999999908,1.1666975975036622,0.19331741333007812,0.0,0.004988860848086141,0.5542,0.000256759999999999,4.893063592910766,0.34293651580810547,0.0,0.00011113915191385271
bn_n100_w6_uniform.bif,100,6,uniform,0.5,0.8,X97,1,0.753151723246523,0.08512616157531738,72.45387172698975,152.5625,0.7534,0.00029924000000000053,1.2271127223968505,0.19247913360595703,0.0,0.0002482767534769392,0.7512000000000001,0.00014856000000000024,5.151564598083496,0.3440570831298828,0.0,0.0019517232465229295
bn_n200_w2_concentrated_bias_high.bif,200,2,concentrated_bias_high,0.25,0.6,X105,1,0.6486494118996264,0.0992896556854248,1.4534320831298828,0.0,0.6575,0.0002800500000000005,0.9662420272827148,0.2980155944824219,0.0,0.008850588100373535,0.6525000000000001,0.00022965000000000043,3.9855312585830687,0.41058826446533203,0.0,0.003850588100373642
bn_n200_w2_concentrated_bias_high.bif,200,2,concentrated_bias_high,0.25,0.8,X105,1,0.8160116990041416,0.1013491153717041,1.4530277252197266,0.0,0.8153,8.560999999999928e-05,0.943878960609436,0.2979164123535156,0.0,0.000711699004141586,0.8117000000000001,0.00019860999999999918,3.824139213562012,0.3992891311645508,0.0,0.004311699004141523
bn_n200_w2_concentrated_bias_high.bif,200,2,concentrated_bias_high,0.5,0.6,X105,1,0.5705570350280229,0.0948340892791748,9.757383346557617,0.0,0.5740999999999998,0.00020108999999999926,0.9640751838684082,0.3181800842285156,0.0,0.003542964971976925,0.5652,0.0002125599999999991,3.8971308946609495,0.4274301528930664,0.0,0.005357035028022872
bn_n200_w2_concentrated_bias_high.bif,200,2,concentrated_bias_high,0.5,0.8,X105,1,0.7993820241665374,0.10830926895141602,9.779905319213867,0.0,0.7843,0.00036161000000000065,0.93725745677948,0.3157539367675781,0.0,0.015082024166537367,0.7956000000000001,0.00015363999999999986,3.7780727624893187,0.4255228042602539,0.0,0.003782024166537279
bn_n200_w2_rigid_moderate.bif,200,2,rigid_moderate,0.25,0.6,X113,1,0.6186170578465646,0.11564993858337402,1.5149364471435547,0.0,0.6456000000000001,0.008507840000000001,0.9312443494796753,0.2970466613769531,0.0,0.02698294215343544,0.6226,0.008033240000000002,3.742920470237732,0.39457035064697266,0.0,0.00398294215343542
bn_n200_w2_rigid_moderate.bif,200,2,rigid_moderate,0.25,0.8,X113,1,0.845832560219141,0.1026153564453125,1.5067272186279297,0.0,0.8497,0.00012181000000000022,0.9670186042785645,0.2981147766113281,0.0,0.0038674397808590166,0.8484999999999999,0.00016385000000000032,3.9205925464630127,0.44586944580078125,0.0,0.0026674397808589267
bn_n200_w2_rigid_moderate.bif,200,2,rigid_moderate,0.5,0.6,X113,1,0.5535546812615934,0.08984804153442383,1.1923274993896484,0.0,0.5493,0.001057009999999999,0.98412926197052,0.3181419372558594,0.0,0.0042546812615933405,0.5619999999999999,0.00040819999999999886,3.966978120803833,0.4342966079711914,0.0,0.008445318738406593
bn_n200_w2_rigid_moderate.bif,200,2,rigid_moderate,0.5,0.8,X113,1,0.7865719228350819,0.11126923561096191,1.3806743621826172,0.0,0.7826000000000001,0.0009990400000000005,0.9592329978942871,0.3176536560058594,0.0,0.003971922835081854,0.7865,0.00023885000000000044,3.8561654567718504,0.42810916900634766,0.0,7.192283508195008e-05
bn_n200_w2_rigid_extreme.bif,200,2,rigid_extreme,0.25,0.6,X113,1,0.6359948785134416,0.09945178031921387,1.491835594177246,0.0,0.6716,0.04203064000000001,0.9564668416976929,0.2992830276489258,0.0,0.035605121486558367,0.5993999999999999,0.007081840000000001,3.957559084892273,0.4085845947265625,0.0,0.036594878513441675
bn_n200_w2_rigid_extreme.bif,200,2,rigid_extreme,0.25,0.8,X113,1,0.8233563458128088,0.10693120956420898,1.494612693786621,0.0,0.8864999999999998,0.02088925,0.9080690383911133,0.2975435256958008,0.0,0.06314365418719103,0.8096,0.008872039999999996,3.795091962814331,0.3997821807861328,0.0,0.013756345812808823
bn_n200_w2_spread_bias_low.bif,200,2,spread_bias_low,0.25,0.6,X71,1,0.6449418535909953,0.09685134887695312,1.482008934020996,0.0,0.637,0.0002744000000000005,0.98859121799469,0.2976198196411133,0.0,0.007941853590995307,0.6539000000000001,0.0005464900000000009,3.8297993898391725,0.4082508087158203,0.0,0.00895814640900483
bn_n200_w2_spread_bias_low.bif,200,2,spread_bias_low,0.25,0.8,X71,1,0.7953515138868331,0.10423159599304199,1.5355424880981445,0.0,0.806,0.0002495999999999994,0.986585283279419,0.318756103515625,0.0,0.010648486113166933,0.7793,0.00051701,3.8644169092178347,0.40372657775878906,0.0,0.016051513886833124
bn_n200_w2_spread_bias_low.bif,200,2,spread_bias_low,0.5,0.6,X71,1,0.6071826037810821,0.06828856468200684,1.123732566833496,0.0,0.6036999999999999,4.4010000000000075e-05,0.995643162727356,0.3152589797973633,0.0,0.0034826037810822275,0.6093,0.0003668100000000007,3.8579628705978393,0.43119239807128906,0.0,0.002117396218917822
bn_n200_w2_spread_bias_low.bif,200,2,spread_bias_low,0.5,0.8,X71,1,0.8229205391746575,0.09944629669189453,1.3336477279663086,0.0,0.8404,0.0012482399999999999,1.0085193395614624,0.3174257278442383,0.0,0.017479460825342574,0.8148000000000002,0.001586959999999999,3.9206418991088867,0.4591073989868164,0.0,0.00812053917465727
bn_n200_w2_spread_bias_high.bif,200,2,spread_bias_high,0.25,0.6,X17,1,0.5860474870629262,0.09844493865966797,1.4853630065917969,0.0,0.5851,0.00017469000000000032,0.9425461053848266,0.2951164245605469,0.0,0.0009474870629262444,0.5815,0.0002634499999999999,3.7574275493621827,0.3956918716430664,0.0,0.004547487062926181
bn_n200_w2_spread_bias_high.bif,200,2,spread_bias_high,0.25,0.8,X17,1,0.7895521758846037,0.09975981712341309,1.477614402770996,0.0,0.7902,0.00013616000000000021,0.98247389793396,0.29904651641845703,0.0,0.0006478241153963227,0.7795000000000001,9.025000000000016e-05,3.9253129720687867,0.40061378479003906,0.0,0.010052175884603609
bn_n200_w2_spread_bias_high.bif,200,2,spread_bias_high,0.5,0.6,X17,1,0.6425906466751683,0.0895390510559082,1.0830755233764648,0.0,0.6349,0.00044249000000000084,0.9516625881195069,0.3156709671020508,0.0,0.007690646675168278,0.6374000000000001,0.00029084000000000043,3.765841317176819,0.43070411682128906,0.0,0.00519064667516822
bn_n200_w2_spread_bias_high.bif,200,2,spread_bias_high,0.5,0.8,X17,1,0.8442890013188817,0.08979940414428711,9.86429500579834,8.1875,0.8474999999999999,9.285000000000017e-05,0.9596117973327637,0.3170900344848633,0.0,0.0032109986811181823,0.8459999999999999,0.0001170000000000002,3.8269551277160643,0.42466163635253906,0.0,0.0017109986811181255
bn_n200_w2_uncertain_moderate.bif,200,2,uncertain_moderate,0.25,0.6,X147,1,0.6424302498232944,0.08616232872009277,1.4573354721069336,0.0,0.6421,0.00022169000000000038,0.9445214033126831,0.29636096954345703,0.0,0.0003302498232944373,0.652,0.0002118000000000004,3.8596052646636965,0.3943042755126953,0.0,0.009569750176705583
bn_n200_w2_uncertain_moderate.bif,200,2,uncertain_moderate,0.25,0.8,X147,1,0.8354810226041426,0.09928512573242188,1.4958486557006836,0.0,0.8324999999999999,0.00013484999999999973,0.9118303298950196,0.29733753204345703,0.0,0.00298102260414268,0.8421000000000001,0.00018529000000000034,3.7018394470214844,0.38953590393066406,0.0,0.006618977395857484
bn_n200_w2_uncertain_moderate.bif,200,2,uncertain_moderate,0.5,0.6,X147,1,0.6442735313933895,0.06028914451599121,1.1536016464233398,0.0,0.6566,0.00029044000000000053,0.960239052772522,0.3171358108520508,0.0,0.012326468606610463,0.647,0.00018820000000000035,3.8550337076187136,0.4184894561767578,0.0,0.0027264686066105215
bn_n200_w2_uncertain_moderate.bif,200,2,uncertain_moderate,0.5,0.8,X147,1,0.7863393687936501,0.09621644020080566,1.1351690292358398,0.0,0.7874000000000001,0.0002204399999999997,0.946396803855896,0.31685352325439453,0.0,0.0010606312063500267,0.7822,0.00014696000000000026,3.8334736108779905,0.44794559478759766,0.0,0.004139368793650067
bn_n200_w2_uncertain_strong.bif,200,2,uncertain_strong,0.25,0.6,X172,1,0.6376090179920644,0.09489107131958008,1.470402717590332,0.0,0.6414,0.00013324000000000024,0.983382248878479,0.31927490234375,0.0,0.003790982007935595,0.6312,9.676000000000018e-05,3.8376932382583617,0.4225177764892578,0.0,0.006409017992064392
bn_n200_w2_uncertain_strong.bif,200,2,uncertain_strong,0.25,0.8,X172,1,0.8051612516284274,0.11184501647949219,1.4915666580200195,0.0,0.8098000000000001,0.0001209599999999992,0.9677069664001465,0.29829883575439453,0.0,0.004638748371572632,0.8085999999999999,0.00018583999999999894,3.8034253120422363,0.40911293029785156,0.0,0.003438748371572431
bn_n200_w2_uncertain_strong.bif,200,2,uncertain_strong,0.5,0.6,X172,1,0.5871793869690762,0.16333389282226562,18.776602745056152,0.0,0.5885,0.0002684500000000005,1.0109602212905884,0.31979846954345703,0.0,0.0013206130309237896,0.5797,0.0004776099999999995,3.9869486331939696,0.4484424591064453,0.0,0.0074793869690762405
bn_n200_w2_uncertain_strong.bif,200,2,uncertain_strong,0.5,0.8,X172,1,0.7579662524737103,0.5932765007019043,36.80375576019287,49.4375,0.7534,0.00035284000000000064,1.0250061988830566,0.3186006546020508,0.0,0.004566252473710342,0.7624000000000001,0.0005970400000000012,4.052135705947876,0.4523639678955078,0.0,0.004433747526289777
bn_n200_w2_uniform.bif,200,2,uniform,0.25,0.6,X196,1,0.569709335387624,0.10263276100158691,1.4486303329467773,0.0,0.5680999999999999,8.928999999999944e-05,1.0049338340759277,0.29787158966064453,0.0,0.001609335387624089,0.5714,0.0001408399999999995,4.0202512502670285,0.40281105041503906,0.0,0.0016906646123759916
bn_n200_w2_uniform.bif,200,2,uniform,0.25,0.8,X196,1,0.758005797125557,0.11339783668518066,1.4974870681762695,0.0,0.7619,0.0002846900000000005,0.9724156618118286,0.2964296340942383,0.0,0.0038942028744429757,0.7555,0.00013005000000000023,3.888982057571411,0.4021015167236328,0.0,0.0025057971255570965
bn_n200_w2_uniform.bif,200,2,uniform,0.5,0.6,X196,1,0.6005896905605107,0.08468198776245117,1.0899343490600586,0.0,0.6103,0.0014540100000000002,0.971767520904541,0.31683826446533203,0.0,0.00971030943948925,0.5793999999999999,0.0021070399999999997,3.856830596923828,0.4272785186767578,0.0,0.021189690560510788
bn_n200_w2_uniform.bif,200,2,uniform,0.5,0.8,X196,1,0.7908291331133477,0.09587860107421875,1.1225805282592773,0.0,0.7926000000000001,0.0002050399999999997,0.9715492248535156,0.3158540725708008,0.0,0.0017708668866524002,0.7931,0.0003636899999999992,3.839734601974487,0.41976356506347656,0.0,0.002270866886652345
bn_n200_w6_concentrated_bias_high.bif,200,6,concentrated_bias_high,0.25,0.6,X103,1,0.619578403456565,0.09787201881408691,1.5855321884155273,0.0,0.6154999999999999,0.00025465000000000047,1.1332119464874268,0.3098573684692383,0.0,0.004078403456565072,0.622,0.0002196000000000004,4.657724499702454,0.4747333526611328,0.0,0.0024215965434349895
bn_n200_w6_concentrated_bias_high.bif,200,6,concentrated_bias_high,0.25,0.8,X103,1,0.7838406416434527,0.09927535057067871,1.6263933181762695,0.0,0.7865,0.0001108500000000002,1.060976505279541,0.30820178985595703,0.0,0.0026593583565472922,0.7812,0.00026035999999999963,4.38983633518219,0.45713233947753906,0.0,0.002640641643452679
bn_n200_w6_concentrated_bias_high.bif,200,6,concentrated_bias_high,0.5,0.8,X103,1,0.7511665784211013,2.1929500102996826,1152.8512144088745,3299.4375,0.7461,0.00019409000000000036,1.066590714454651,0.3282747268676758,0.0,0.005066578421101364,0.746,0.00024140000000000042,4.411559891700745,0.4826030731201172,0.0,0.005166578421101353
bn_n200_w6_concentrated_bias_low.bif,200,6,concentrated_bias_low,0.25,0.6,X136,1,0.6193328617849513,0.10036468505859375,1.6095876693725586,0.0,0.6199,0.00026649000000000047,1.0729277372360229,0.30833911895751953,0.0,0.0005671382150487236,0.6204,0.0002846400000000005,4.46219003200531,0.45084571838378906,0.0,0.0010671382150486686
bn_n200_w6_concentrated_bias_low.bif,200,6,concentrated_bias_low,0.25,0.8,X136,1,0.8181044376437487,0.10874462127685547,1.6804933547973633,0.0,0.8283999999999999,5.68400000000001e-05,1.0956640481948852,0.3075380325317383,0.0,0.010295562356251176,0.8194000000000001,0.00011683999999999948,4.496937036514282,0.4587268829345703,0.0,0.0012955623562513896
bn_n200_w6_rigid_extreme.bif,200,6,rigid_extreme,0.25,0.6,X132,1,0.6077802001563123,0.11657595634460449,1.6866788864135742,0.0,0.6124,0.00030944000000000056,1.0543139696121215,0.31221485137939453,0.0,0.004619799843687766,0.6042,0.0002671600000000005,4.440639472007751,0.46391868591308594,0.0,0.00358020015631233
bn_n200_w6_rigid_extreme.bif,200,6,rigid_extreme,0.25,0.8,X132,1,0.8212711513127962,0.10142850875854492,1.6429319381713867,0.0,0.8182,0.000302159999999999,1.059538984298706,0.3095064163208008,0.0,0.0030711513127961165,0.8161999999999999,0.0007021599999999991,4.382277631759644,0.46268272399902344,0.0,0.005071151312796229
bn_n200_w6_rigid_extreme.bif,200,6,rigid_extreme,0.5,0.6,X132,1,0.5996092445839959,0.1291213035583496,157.59539318084717,94.8125,0.5298999999999999,0.007789690000000002,1.0874004364013672,0.32974720001220703,0.0,0.06970924458399597,0.616,0.015160000000000002,4.4694990634918215,0.4871501922607422,0.0,0.0163907554160041
bn_n200_w6_rigid_extreme.bif,200,6,rigid_extreme,0.5,0.8,X132,1,0.8494518681476736,0.11373209953308105,43.03441905975342,12.3125,0.8248999999999999,0.0035172900000000006,1.0970213651657104,0.3340272903442383,0.0,0.02455186814767374,0.8773,0.004295210000000001,4.512024068832398,0.4939861297607422,0.0,0.027848131852326374
bn_n200_w6_spread_bias_high.bif,200,6,spread_bias_high,0.25,0.6,X152,1,0.6289633127450527,0.0903329849243164,1.6067228317260742,0.0,0.6260000000000001,0.00013660000000000023,1.072248649597168,0.3088045120239258,0.0,0.002963312745052571,0.6312,0.0003377600000000006,4.370908522605896,0.4595804214477539,0.0,0.0022366872549473005
bn_n200_w6_spread_bias_high.bif,200,6,spread_bias_high,0.25,0.8,X152,1,0.843453382553747,0.0956578254699707,1.6246213912963867,0.0,0.8435,0.00015725000000000027,1.0353807210922241,0.3074922561645508,0.0,4.661744625300557e-05,0.8442999999999999,0.0002114099999999996,4.240443229675293,0.4884157180786133,0.0,0.0008466174462529175
bn_n200_w6_spread_bias_high.bif,200,6,spread_bias_high,0.5,0.6,X152,1,0.627748664355643,0.08306312561035156,38.39747142791748,16.4375,0.6275,0.0004124500000000007,1.0629587650299073,0.3318300247192383,0.0,0.0002486643556430801,0.6215999999999999,0.00039744000000000075,4.366768884658813,0.49022483825683594,0.0,0.0061486643556430964
bn_n200_w6_spread_bias_high.bif,200,6,spread_bias_high,0.5,0.8,X152,1,0.7842422044108126,0.09301161766052246,2.6191587448120117,0.0,0.7795,7.585000000000014e-05,1.0782809495925902,0.3289003372192383,0.0,0.004742204410812634,0.7935,0.0002876499999999994,4.374568343162537,0.49316978454589844,0.0,0.009257795589187379
